[2026-09-27 00:03:49] [INFO] [BiharFloodAuto] Executing 'git pull' to check for updates...
[2026-09-27 00:03:50] [INFO] [BiharFloodAuto] Repository is already up to date.
[2026-09-27 00:03:50] [INFO] [BiharFloodAuto] Searching Gmail for UNREAD emails with 'Inundation Probability'...
[2026-09-27 00:03:51] [INFO] [BiharFloodAuto] No new matching emails found in Gmail.
[2026-09-27 00:03:51] [INFO] [paramiko.transport] Connected (version 2.0, client OpenSSH_8.9p1)
[2026-09-27 00:03:51] [INFO] [paramiko.transport] Authentication (password) successful!
[2026-09-27 00:03:51] [INFO] [paramiko.transport.sftp] [chan 0] Opened sftp connection (server version 3)
[2026-09-27 00:03:51] [INFO] [BiharFloodAuto] [+] Overwriting: 23092026.zip -> server...
[2026-09-27 00:03:51] [INFO] [BiharFloodAuto] [+] Overwriting: 25092026.zip -> server...
[2026-09-27 00:03:51] [INFO] [BiharFloodAuto] [+] Overwriting: 12092026.zip -> server...
[2026-09-27 00:03:52] [INFO] [BiharFloodAuto] [+] Overwriting: 14092026.zip -> server...
[2026-09-27 00:03:52] [INFO] [BiharFloodAuto] [+] Overwriting: 09092026.zip -> server...
[2026-09-27 00:03:52] [INFO] [BiharFloodAuto] [+] Overwriting: 07092026.zip -> server...
[2026-09-27 00:03:52] [INFO] [BiharFloodAuto] [+] Overwriting: 31082026.zip -> server...
[2026-09-27 00:03:52] [INFO] [BiharFloodAuto] [+] Overwriting: 29082026.zip -> server...
[2026-09-27 00:03:52] [INFO] [BiharFloodAuto] [+] Overwriting: 22092026.zip -> server...
[2026-09-27 00:03:52] [INFO] [BiharFloodAuto] [+] Overwriting: 08092026.zip -> server...
[2026-09-27 00:03:53] [INFO] [BiharFloodAuto] [+] Overwriting: 13092026.zip -> server...
[2026-09-27 00:03:53] [INFO] [BiharFloodAuto] [+] Overwriting: 10092026.zip -> server...
[2026-09-27 00:03:53] [INFO] [BiharFloodAuto] [+] Overwriting: 03092026.zip -> server...
[2026-09-27 00:03:53] [INFO] [BiharFloodAuto] [+] Overwriting: 01092026.zip -> server...
[2026-09-27 00:03:53] [INFO] [BiharFloodAuto] [+] Overwriting: 17092026.zip -> server...
[2026-09-27 00:03:53] [INFO] [BiharFloodAuto] [+] Overwriting: 30082026.zip -> server...
[2026-09-27 00:03:53] [INFO] [BiharFloodAuto] [+] Overwriting: 06092026.zip -> server...
[2026-09-27 00:03:53] [INFO] [BiharFloodAuto] [+] Overwriting: 16092026.zip -> server...
[2026-09-27 00:03:54] [INFO] [BiharFloodAuto] [+] Overwriting: 05092026.zip -> server...
[2026-09-27 00:03:54] [INFO] [BiharFloodAuto] [+] Overwriting: 24092026.zip -> server...
[2026-09-27 00:03:54] [INFO] [BiharFloodAuto] [+] Overwriting: 18092026.zip -> server...
[2026-09-27 00:03:54] [INFO] [BiharFloodAuto] [+] Overwriting: 26092026.zip -> server...
[2026-09-27 00:03:54] [INFO] [BiharFloodAuto] [+] Overwriting: 11092026.zip -> server...
[2026-09-27 00:03:54] [INFO] [BiharFloodAuto] [+] Overwriting: 02092026.zip -> server...
[2026-09-27 00:03:54] [INFO] [BiharFloodAuto] [+] Overwriting: 04092026.zip -> server...
[2026-09-27 00:03:55] [INFO] [BiharFloodAuto] [+] Successfully copied 25 file(s).
[2026-09-27 00:03:55] [INFO] [paramiko.transport.sftp] [chan 0] sftp session closed.
[2026-09-27 00:03:57] [INFO] [BiharFloodAuto] Successfully pushed automation.log to Git.
[2026-09-27 00:03:57] [INFO] [BiharFloodAuto] Sleeping for 15 minutes. Next check at 00:18:57...
[2026-09-27 00:18:57] [INFO] [BiharFloodAuto] Executing 'git pull' to check for updates...
[2026-09-27 00:18:58] [INFO] [BiharFloodAuto] Repository is already up to date.
[2026-09-27 00:18:58] [INFO] [BiharFloodAuto] Searching Gmail for UNREAD emails with 'Inundation Probability'...
[2026-09-27 00:18:59] [INFO] [BiharFloodAuto] No new matching emails found in Gmail.
[2026-09-27 00:18:59] [INFO] [paramiko.transport] Connected (version 2.0, client OpenSSH_8.9p1)
[2026-09-27 00:18:59] [INFO] [paramiko.transport] Authentication (password) successful!
[2026-09-27 00:18:59] [INFO] [paramiko.transport.sftp] [chan 0] Opened sftp connection (server version 3)
[2026-09-27 00:18:59] [INFO] [BiharFloodAuto] [+] Overwriting: 23092026.zip -> server...
[2026-09-27 00:19:00] [INFO] [BiharFloodAuto] [+] Overwriting: 25092026.zip -> server...
[2026-09-27 00:19:00] [INFO] [BiharFloodAuto] [+] Overwriting: 12092026.zip -> server...
[2026-09-27 00:19:00] [INFO] [BiharFloodAuto] [+] Overwriting: 14092026.zip -> server...
[2026-09-27 00:19:00] [INFO] [BiharFloodAuto] [+] Overwriting: 09092026.zip -> server...
[2026-09-27 00:19:01] [INFO] [BiharFloodAuto] [+] Overwriting: 07092026.zip -> server...
[2026-09-27 00:19:01] [INFO] [BiharFloodAuto] [+] Overwriting: 31082026.zip -> server...
[2026-09-27 00:19:01] [INFO] [BiharFloodAuto] [+] Overwriting: 29082026.zip -> server...
[2026-09-27 00:19:02] [INFO] [BiharFloodAuto] [+] Overwriting: 22092026.zip -> server...
[2026-09-27 00:19:02] [INFO] [BiharFloodAuto] [+] Overwriting: 08092026.zip -> server...
[2026-09-27 00:19:02] [INFO] [BiharFloodAuto] [+] Overwriting: 13092026.zip -> server...
[2026-09-27 00:19:02] [INFO] [BiharFloodAuto] [+] Overwriting: 10092026.zip -> server...
[2026-09-27 00:19:03] [INFO] [BiharFloodAuto] [+] Overwriting: 03092026.zip -> server...
[2026-09-27 00:19:03] [INFO] [BiharFloodAuto] [+] Overwriting: 01092026.zip -> server...
[2026-09-27 00:19:03] [INFO] [BiharFloodAuto] [+] Overwriting: 17092026.zip -> server...
[2026-09-27 00:19:04] [INFO] [BiharFloodAuto] [+] Overwriting: 30082026.zip -> server...
[2026-09-27 00:19:04] [INFO] [BiharFloodAuto] [+] Overwriting: 06092026.zip -> server...
[2026-09-27 00:19:04] [INFO] [BiharFloodAuto] [+] Overwriting: 16092026.zip -> server...
[2026-09-27 00:19:04] [INFO] [BiharFloodAuto] [+] Overwriting: 05092026.zip -> server...
[2026-09-27 00:19:04] [INFO] [BiharFloodAuto] [+] Overwriting: 24092026.zip -> server...
[2026-09-27 00:19:04] [INFO] [BiharFloodAuto] [+] Overwriting: 18092026.zip -> server...
[2026-09-27 00:19:05] [INFO] [BiharFloodAuto] [+] Overwriting: 26092026.zip -> server...
[2026-09-27 00:19:05] [INFO] [BiharFloodAuto] [+] Overwriting: 11092026.zip -> server...
[2026-09-27 00:19:05] [INFO] [BiharFloodAuto] [+] Overwriting: 02092026.zip -> server...
[2026-09-27 00:19:05] [INFO] [BiharFloodAuto] [+] Overwriting: 04092026.zip -> server...
[2026-09-27 00:19:06] [INFO] [BiharFloodAuto] [+] Successfully copied 25 file(s).
[2026-09-27 00:19:06] [INFO] [paramiko.transport.sftp] [chan 0] sftp session closed.
[2026-09-27 00:19:08] [INFO] [BiharFloodAuto] Successfully pushed automation.log to Git.
[2026-09-27 00:19:08] [INFO] [BiharFloodAuto] Sleeping for 15 minutes. Next check at 00:34:08...
[2026-09-27 00:34:08] [INFO] [BiharFloodAuto] Executing 'git pull' to check for updates...
[2026-09-27 00:34:09] [INFO] [BiharFloodAuto] Repository is already up to date.
[2026-09-27 00:34:09] [INFO] [BiharFloodAuto] Searching Gmail for UNREAD emails with 'Inundation Probability'...
[2026-09-27 00:34:09] [INFO] [BiharFloodAuto] No new matching emails found in Gmail.
[2026-09-27 00:34:09] [INFO] [paramiko.transport] Connected (version 2.0, client OpenSSH_8.9p1)
[2026-09-27 00:34:10] [INFO] [paramiko.transport] Authentication (password) successful!
[2026-09-27 00:34:10] [INFO] [paramiko.transport.sftp] [chan 0] Opened sftp connection (server version 3)
[2026-09-27 00:34:10] [INFO] [BiharFloodAuto] [+] Overwriting: 23092026.zip -> server...
[2026-09-27 00:34:10] [INFO] [BiharFloodAuto] [+] Overwriting: 25092026.zip -> server...
[2026-09-27 00:34:10] [INFO] [BiharFloodAuto] [+] Overwriting: 12092026.zip -> server...
[2026-09-27 00:34:11] [INFO] [BiharFloodAuto] [+] Overwriting: 14092026.zip -> server...
[2026-09-27 00:34:11] [INFO] [BiharFloodAuto] [+] Overwriting: 09092026.zip -> server...
[2026-09-27 00:34:11] [INFO] [BiharFloodAuto] [+] Overwriting: 07092026.zip -> server...
[2026-09-27 00:34:11] [INFO] [BiharFloodAuto] [+] Overwriting: 31082026.zip -> server...
[2026-09-27 00:34:12] [INFO] [BiharFloodAuto] [+] Overwriting: 29082026.zip -> server...
[2026-09-27 00:34:12] [INFO] [BiharFloodAuto] [+] Overwriting: 22092026.zip -> server...
[2026-09-27 00:34:12] [INFO] [BiharFloodAuto] [+] Overwriting: 08092026.zip -> server...
[2026-09-27 00:34:12] [INFO] [BiharFloodAuto] [+] Overwriting: 13092026.zip -> server...
[2026-09-27 00:34:13] [INFO] [BiharFloodAuto] [+] Overwriting: 10092026.zip -> server...
[2026-09-27 00:34:13] [INFO] [BiharFloodAuto] [+] Overwriting: 03092026.zip -> server...
[2026-09-27 00:34:13] [INFO] [BiharFloodAuto] [+] Overwriting: 01092026.zip -> server...
[2026-09-27 00:34:14] [INFO] [BiharFloodAuto] [+] Overwriting: 17092026.zip -> server...
[2026-09-27 00:34:14] [INFO] [BiharFloodAuto] [+] Overwriting: 30082026.zip -> server...
[2026-09-27 00:34:14] [INFO] [BiharFloodAuto] [+] Overwriting: 06092026.zip -> server...
[2026-09-27 00:34:15] [INFO] [BiharFloodAuto] [+] Overwriting: 16092026.zip -> server...
[2026-09-27 00:34:15] [INFO] [BiharFloodAuto] [+] Overwriting: 05092026.zip -> server...
[2026-09-27 00:34:15] [INFO] [BiharFloodAuto] [+] Overwriting: 24092026.zip -> server...
[2026-09-27 00:34:16] [INFO] [BiharFloodAuto] [+] Overwriting: 18092026.zip -> server...
[2026-09-27 00:34:16] [INFO] [BiharFloodAuto] [+] Overwriting: 26092026.zip -> server...
[2026-09-27 00:34:16] [INFO] [BiharFloodAuto] [+] Overwriting: 11092026.zip -> server...
[2026-09-27 00:34:16] [INFO] [BiharFloodAuto] [+] Overwriting: 02092026.zip -> server...
[2026-09-27 00:34:17] [INFO] [BiharFloodAuto] [+] Overwriting: 04092026.zip -> server...
[2026-09-27 00:34:17] [INFO] [BiharFloodAuto] [+] Successfully copied 25 file(s).
[2026-09-27 00:34:17] [INFO] [paramiko.transport.sftp] [chan 0] sftp session closed.
[2026-09-27 00:34:19] [INFO] [BiharFloodAuto] Successfully pushed automation.log to Git.
[2026-09-27 00:34:19] [INFO] [BiharFloodAuto] Sleeping for 15 minutes. Next check at 00:49:19...
[2026-09-27 00:49:19] [INFO] [BiharFloodAuto] Executing 'git pull' to check for updates...
[2026-09-27 00:49:20] [INFO] [BiharFloodAuto] Repository is already up to date.
[2026-09-27 00:49:20] [INFO] [BiharFloodAuto] Searching Gmail for UNREAD emails with 'Inundation Probability'...
[2026-09-27 00:49:21] [INFO] [BiharFloodAuto] No new matching emails found in Gmail.
[2026-09-27 00:49:21] [INFO] [paramiko.transport] Connected (version 2.0, client OpenSSH_8.9p1)
[2026-09-27 00:49:21] [INFO] [paramiko.transport] Authentication (password) successful!
[2026-09-27 00:49:21] [INFO] [paramiko.transport.sftp] [chan 0] Opened sftp connection (server version 3)
[2026-09-27 00:49:21] [INFO] [BiharFloodAuto] [+] Overwriting: 23092026.zip -> server...
[2026-09-27 00:49:22] [INFO] [BiharFloodAuto] [+] Overwriting: 25092026.zip -> server...
[2026-09-27 00:49:22] [INFO] [BiharFloodAuto] [+] Overwriting: 12092026.zip -> server...
[2026-09-27 00:49:22] [INFO] [BiharFloodAuto] [+] Overwriting: 14092026.zip -> server...
[2026-09-27 00:49:23] [INFO] [BiharFloodAuto] [+] Overwriting: 09092026.zip -> server...
[2026-09-27 00:49:23] [INFO] [BiharFloodAuto] [+] Overwriting: 07092026.zip -> server...
[2026-09-27 00:49:23] [INFO] [BiharFloodAuto] [+] Overwriting: 31082026.zip -> server...
[2026-09-27 00:49:24] [INFO] [BiharFloodAuto] [+] Overwriting: 29082026.zip -> server...
[2026-09-27 00:49:24] [INFO] [BiharFloodAuto] [+] Overwriting: 22092026.zip -> server...
[2026-09-27 00:49:24] [INFO] [BiharFloodAuto] [+] Overwriting: 08092026.zip -> server...
[2026-09-27 00:49:24] [INFO] [BiharFloodAuto] [+] Overwriting: 13092026.zip -> server...
[2026-09-27 00:49:25] [INFO] [BiharFloodAuto] [+] Overwriting: 10092026.zip -> server...
[2026-09-27 00:49:25] [INFO] [BiharFloodAuto] [+] Overwriting: 03092026.zip -> server...
[2026-09-27 00:49:25] [INFO] [BiharFloodAuto] [+] Overwriting: 01092026.zip -> server...
[2026-09-27 00:49:26] [INFO] [BiharFloodAuto] [+] Overwriting: 17092026.zip -> server...
[2026-09-27 00:49:26] [INFO] [BiharFloodAuto] [+] Overwriting: 30082026.zip -> server...
[2026-09-27 00:49:26] [INFO] [BiharFloodAuto] [+] Overwriting: 06092026.zip -> server...
[2026-09-27 00:49:27] [INFO] [BiharFloodAuto] [+] Overwriting: 16092026.zip -> server...
[2026-09-27 00:49:27] [INFO] [BiharFloodAuto] [+] Overwriting: 05092026.zip -> server...
[2026-09-27 00:49:27] [INFO] [BiharFloodAuto] [+] Overwriting: 24092026.zip -> server...
[2026-09-27 00:49:27] [INFO] [BiharFloodAuto] [+] Overwriting: 18092026.zip -> server...
[2026-09-27 00:49:28] [INFO] [BiharFloodAuto] [+] Overwriting: 26092026.zip -> server...
[2026-09-27 00:49:28] [INFO] [BiharFloodAuto] [+] Overwriting: 11092026.zip -> server...
[2026-09-27 00:49:28] [INFO] [BiharFloodAuto] [+] Overwriting: 02092026.zip -> server...
[2026-09-27 00:49:29] [INFO] [BiharFloodAuto] [+] Overwriting: 04092026.zip -> server...
[2026-09-27 00:49:29] [INFO] [BiharFloodAuto] [+] Successfully copied 25 file(s).
[2026-09-27 00:49:29] [INFO] [paramiko.transport.sftp] [chan 0] sftp session closed.
[2026-09-27 00:49:31] [INFO] [BiharFloodAuto] Successfully pushed automation.log to Git.
[2026-09-27 00:49:31] [INFO] [BiharFloodAuto] Sleeping for 15 minutes. Next check at 01:04:31...
[2026-09-27 01:04:31] [INFO] [BiharFloodAuto] Executing 'git pull' to check for updates...
[2026-09-27 01:04:32] [INFO] [BiharFloodAuto] Repository is already up to date.
[2026-09-27 01:04:33] [INFO] [BiharFloodAuto] Searching Gmail for UNREAD emails with 'Inundation Probability'...
[2026-09-27 01:04:33] [INFO] [BiharFloodAuto] No new matching emails found in Gmail.
[2026-09-27 01:04:33] [INFO] [paramiko.transport] Connected (version 2.0, client OpenSSH_8.9p1)
[2026-09-27 01:04:33] [INFO] [paramiko.transport] Authentication (password) successful!
[2026-09-27 01:04:34] [INFO] [paramiko.transport.sftp] [chan 0] Opened sftp connection (server version 3)
[2026-09-27 01:04:34] [INFO] [BiharFloodAuto] [+] Overwriting: 23092026.zip -> server...
[2026-09-27 01:04:34] [INFO] [BiharFloodAuto] [+] Overwriting: 25092026.zip -> server...
[2026-09-27 01:04:34] [INFO] [BiharFloodAuto] [+] Overwriting: 12092026.zip -> server...
[2026-09-27 01:04:35] [INFO] [BiharFloodAuto] [+] Overwriting: 14092026.zip -> server...
[2026-09-27 01:04:35] [INFO] [BiharFloodAuto] [+] Overwriting: 09092026.zip -> server...
[2026-09-27 01:04:35] [INFO] [BiharFloodAuto] [+] Overwriting: 07092026.zip -> server...
[2026-09-27 01:04:35] [INFO] [BiharFloodAuto] [+] Overwriting: 31082026.zip -> server...
[2026-09-27 01:04:35] [INFO] [BiharFloodAuto] [+] Overwriting: 29082026.zip -> server...
[2026-09-27 01:04:36] [INFO] [BiharFloodAuto] [+] Overwriting: 22092026.zip -> server...
[2026-09-27 01:04:36] [INFO] [BiharFloodAuto] [+] Overwriting: 08092026.zip -> server...
[2026-09-27 01:04:36] [INFO] [BiharFloodAuto] [+] Overwriting: 13092026.zip -> server...
[2026-09-27 01:04:36] [INFO] [BiharFloodAuto] [+] Overwriting: 10092026.zip -> server...
[2026-09-27 01:04:36] [INFO] [BiharFloodAuto] [+] Overwriting: 03092026.zip -> server...
[2026-09-27 01:04:36] [INFO] [BiharFloodAuto] [+] Overwriting: 01092026.zip -> server...
[2026-09-27 01:04:36] [INFO] [BiharFloodAuto] [+] Overwriting: 17092026.zip -> server...
[2026-09-27 01:04:37] [INFO] [BiharFloodAuto] [+] Overwriting: 30082026.zip -> server...
[2026-09-27 01:04:37] [INFO] [BiharFloodAuto] [+] Overwriting: 06092026.zip -> server...
[2026-09-27 01:04:37] [INFO] [BiharFloodAuto] [+] Overwriting: 16092026.zip -> server...
[2026-09-27 01:04:37] [INFO] [BiharFloodAuto] [+] Overwriting: 05092026.zip -> server...
[2026-09-27 01:04:37] [INFO] [BiharFloodAuto] [+] Overwriting: 24092026.zip -> server...
[2026-09-27 01:04:37] [INFO] [BiharFloodAuto] [+] Overwriting: 18092026.zip -> server...
[2026-09-27 01:04:37] [INFO] [BiharFloodAuto] [+] Overwriting: 26092026.zip -> server...
[2026-09-27 01:04:38] [INFO] [BiharFloodAuto] [+] Overwriting: 11092026.zip -> server...
[2026-09-27 01:04:38] [INFO] [BiharFloodAuto] [+] Overwriting: 02092026.zip -> server...
[2026-09-27 01:04:38] [INFO] [BiharFloodAuto] [+] Overwriting: 04092026.zip -> server...
[2026-09-27 01:04:38] [INFO] [BiharFloodAuto] [+] Successfully copied 25 file(s).
[2026-09-27 01:04:38] [INFO] [paramiko.transport.sftp] [chan 0] sftp session closed.
[2026-09-27 01:04:40] [INFO] [BiharFloodAuto] Successfully pushed automation.log to Git.
[2026-09-27 01:04:40] [INFO] [BiharFloodAuto] Sleeping for 15 minutes. Next check at 01:19:40...
[2026-09-27 01:19:40] [INFO] [BiharFloodAuto] Executing 'git pull' to check for updates...
[2026-09-27 01:19:41] [INFO] [BiharFloodAuto] Repository is already up to date.
[2026-09-27 01:19:41] [INFO] [BiharFloodAuto] Searching Gmail for UNREAD emails with 'Inundation Probability'...
[2026-09-27 01:19:42] [INFO] [BiharFloodAuto] No new matching emails found in Gmail.
[2026-09-27 01:19:42] [INFO] [paramiko.transport] Connected (version 2.0, client OpenSSH_8.9p1)
[2026-09-27 01:19:42] [INFO] [paramiko.transport] Authentication (password) successful!
[2026-09-27 01:19:42] [INFO] [paramiko.transport.sftp] [chan 0] Opened sftp connection (server version 3)
[2026-09-27 01:19:42] [INFO] [BiharFloodAuto] [+] Overwriting: 23092026.zip -> server...
[2026-09-27 01:19:43] [INFO] [BiharFloodAuto] [+] Overwriting: 25092026.zip -> server...
[2026-09-27 01:19:43] [INFO] [BiharFloodAuto] [+] Overwriting: 12092026.zip -> server...
[2026-09-27 01:19:43] [INFO] [BiharFloodAuto] [+] Overwriting: 14092026.zip -> server...
[2026-09-27 01:19:43] [INFO] [BiharFloodAuto] [+] Overwriting: 09092026.zip -> server...
[2026-09-27 01:19:44] [INFO] [BiharFloodAuto] [+] Overwriting: 07092026.zip -> server...
[2026-09-27 01:19:44] [INFO] [BiharFloodAuto] [+] Overwriting: 31082026.zip -> server...
[2026-09-27 01:19:44] [INFO] [BiharFloodAuto] [+] Overwriting: 29082026.zip -> server...
[2026-09-27 01:19:44] [INFO] [BiharFloodAuto] [+] Overwriting: 22092026.zip -> server...
[2026-09-27 01:19:45] [INFO] [BiharFloodAuto] [+] Overwriting: 08092026.zip -> server...
[2026-09-27 01:19:45] [INFO] [BiharFloodAuto] [+] Overwriting: 13092026.zip -> server...
[2026-09-27 01:19:45] [INFO] [BiharFloodAuto] [+] Overwriting: 10092026.zip -> server...
[2026-09-27 01:19:45] [INFO] [BiharFloodAuto] [+] Overwriting: 03092026.zip -> server...
[2026-09-27 01:19:46] [INFO] [BiharFloodAuto] [+] Overwriting: 01092026.zip -> server...
[2026-09-27 01:19:46] [INFO] [BiharFloodAuto] [+] Overwriting: 17092026.zip -> server...
[2026-09-27 01:19:46] [INFO] [BiharFloodAuto] [+] Overwriting: 30082026.zip -> server...
[2026-09-27 01:19:46] [INFO] [BiharFloodAuto] [+] Overwriting: 06092026.zip -> server...
[2026-09-27 01:19:46] [INFO] [BiharFloodAuto] [+] Overwriting: 16092026.zip -> server...
[2026-09-27 01:19:47] [INFO] [BiharFloodAuto] [+] Overwriting: 05092026.zip -> server...
[2026-09-27 01:19:47] [INFO] [BiharFloodAuto] [+] Overwriting: 24092026.zip -> server...
[2026-09-27 01:19:47] [INFO] [BiharFloodAuto] [+] Overwriting: 18092026.zip -> server...
[2026-09-27 01:19:47] [INFO] [BiharFloodAuto] [+] Overwriting: 26092026.zip -> server...
[2026-09-27 01:19:47] [INFO] [BiharFloodAuto] [+] Overwriting: 11092026.zip -> server...
[2026-09-27 01:19:47] [INFO] [BiharFloodAuto] [+] Overwriting: 02092026.zip -> server...
[2026-09-27 01:19:48] [INFO] [BiharFloodAuto] [+] Overwriting: 04092026.zip -> server...
[2026-09-27 01:19:48] [INFO] [BiharFloodAuto] [+] Successfully copied 25 file(s).
[2026-09-27 01:19:48] [INFO] [paramiko.transport.sftp] [chan 0] sftp session closed.
[2026-09-27 01:19:50] [INFO] [BiharFloodAuto] Successfully pushed automation.log to Git.
[2026-09-27 01:19:50] [INFO] [BiharFloodAuto] Sleeping for 15 minutes. Next check at 01:34:50...
[2026-09-27 01:34:50] [INFO] [BiharFloodAuto] Executing 'git pull' to check for updates...
[2026-09-27 01:34:51] [INFO] [BiharFloodAuto] Repository is already up to date.
[2026-09-27 01:34:51] [INFO] [BiharFloodAuto] Searching Gmail for UNREAD emails with 'Inundation Probability'...
[2026-09-27 01:34:52] [INFO] [BiharFloodAuto] No new matching emails found in Gmail.
[2026-09-27 01:34:52] [INFO] [paramiko.transport] Connected (version 2.0, client OpenSSH_8.9p1)
[2026-09-27 01:34:52] [INFO] [paramiko.transport] Authentication (password) successful!
[2026-09-27 01:34:52] [INFO] [paramiko.transport.sftp] [chan 0] Opened sftp connection (server version 3)
[2026-09-27 01:34:52] [INFO] [BiharFloodAuto] [+] Overwriting: 23092026.zip -> server...
[2026-09-27 01:34:53] [INFO] [BiharFloodAuto] [+] Overwriting: 25092026.zip -> server...
[2026-09-27 01:34:53] [INFO] [BiharFloodAuto] [+] Overwriting: 12092026.zip -> server...
[2026-09-27 01:34:53] [INFO] [BiharFloodAuto] [+] Overwriting: 14092026.zip -> server...
[2026-09-27 01:34:53] [INFO] [BiharFloodAuto] [+] Overwriting: 09092026.zip -> server...
[2026-09-27 01:34:54] [INFO] [BiharFloodAuto] [+] Overwriting: 07092026.zip -> server...
[2026-09-27 01:34:54] [INFO] [BiharFloodAuto] [+] Overwriting: 31082026.zip -> server...
[2026-09-27 01:34:54] [INFO] [BiharFloodAuto] [+] Overwriting: 29082026.zip -> server...
[2026-09-27 01:34:54] [INFO] [BiharFloodAuto] [+] Overwriting: 22092026.zip -> server...
[2026-09-27 01:34:55] [INFO] [BiharFloodAuto] [+] Overwriting: 08092026.zip -> server...
[2026-09-27 01:34:55] [INFO] [BiharFloodAuto] [+] Overwriting: 13092026.zip -> server...
[2026-09-27 01:34:55] [INFO] [BiharFloodAuto] [+] Overwriting: 10092026.zip -> server...
[2026-09-27 01:34:56] [INFO] [BiharFloodAuto] [+] Overwriting: 03092026.zip -> server...
[2026-09-27 01:34:56] [INFO] [BiharFloodAuto] [+] Overwriting: 01092026.zip -> server...
[2026-09-27 01:34:56] [INFO] [BiharFloodAuto] [+] Overwriting: 17092026.zip -> server...
[2026-09-27 01:34:57] [INFO] [BiharFloodAuto] [+] Overwriting: 30082026.zip -> server...
[2026-09-27 01:34:57] [INFO] [BiharFloodAuto] [+] Overwriting: 06092026.zip -> server...
[2026-09-27 01:34:57] [INFO] [BiharFloodAuto] [+] Overwriting: 16092026.zip -> server...
[2026-09-27 01:34:58] [INFO] [BiharFloodAuto] [+] Overwriting: 05092026.zip -> server...
[2026-09-27 01:34:58] [INFO] [BiharFloodAuto] [+] Overwriting: 24092026.zip -> server...
[2026-09-27 01:34:58] [INFO] [BiharFloodAuto] [+] Overwriting: 18092026.zip -> server...
[2026-09-27 01:34:58] [INFO] [BiharFloodAuto] [+] Overwriting: 26092026.zip -> server...
[2026-09-27 01:34:59] [INFO] [BiharFloodAuto] [+] Overwriting: 11092026.zip -> server...
[2026-09-27 01:34:59] [INFO] [BiharFloodAuto] [+] Overwriting: 02092026.zip -> server...
[2026-09-27 01:34:59] [INFO] [BiharFloodAuto] [+] Overwriting: 04092026.zip -> server...
[2026-09-27 01:35:00] [INFO] [BiharFloodAuto] [+] Successfully copied 25 file(s).
[2026-09-27 01:35:00] [INFO] [paramiko.transport.sftp] [chan 0] sftp session closed.
[2026-09-27 01:35:02] [INFO] [BiharFloodAuto] Successfully pushed automation.log to Git.
[2026-09-27 01:35:02] [INFO] [BiharFloodAuto] Sleeping for 15 minutes. Next check at 01:50:02...
[2026-09-27 01:50:02] [INFO] [BiharFloodAuto] Executing 'git pull' to check for updates...
[2026-09-27 01:50:03] [INFO] [BiharFloodAuto] Repository is already up to date.
[2026-09-27 01:50:03] [INFO] [BiharFloodAuto] Searching Gmail for UNREAD emails with 'Inundation Probability'...
[2026-09-27 01:50:03] [INFO] [BiharFloodAuto] No new matching emails found in Gmail.
[2026-09-27 01:50:03] [INFO] [paramiko.transport] Connected (version 2.0, client OpenSSH_8.9p1)
[2026-09-27 01:50:04] [INFO] [paramiko.transport] Authentication (password) successful!
[2026-09-27 01:50:04] [INFO] [paramiko.transport.sftp] [chan 0] Opened sftp connection (server version 3)
[2026-09-27 01:50:04] [INFO] [BiharFloodAuto] [+] Overwriting: 23092026.zip -> server...
[2026-09-27 01:50:04] [INFO] [BiharFloodAuto] [+] Overwriting: 25092026.zip -> server...
[2026-09-27 01:50:04] [INFO] [BiharFloodAuto] [+] Overwriting: 12092026.zip -> server...
[2026-09-27 01:50:04] [INFO] [BiharFloodAuto] [+] Overwriting: 14092026.zip -> server...
[2026-09-27 01:50:04] [INFO] [BiharFloodAuto] [+] Overwriting: 09092026.zip -> server...
[2026-09-27 01:50:05] [INFO] [BiharFloodAuto] [+] Overwriting: 07092026.zip -> server...
[2026-09-27 01:50:05] [INFO] [BiharFloodAuto] [+] Overwriting: 31082026.zip -> server...
[2026-09-27 01:50:05] [INFO] [BiharFloodAuto] [+] Overwriting: 29082026.zip -> server...
[2026-09-27 01:50:05] [INFO] [BiharFloodAuto] [+] Overwriting: 22092026.zip -> server...
[2026-09-27 01:50:05] [INFO] [BiharFloodAuto] [+] Overwriting: 08092026.zip -> server...
[2026-09-27 01:50:05] [INFO] [BiharFloodAuto] [+] Overwriting: 13092026.zip -> server...
[2026-09-27 01:50:05] [INFO] [BiharFloodAuto] [+] Overwriting: 10092026.zip -> server...
[2026-09-27 01:50:05] [INFO] [BiharFloodAuto] [+] Overwriting: 03092026.zip -> server...
[2026-09-27 01:50:06] [INFO] [BiharFloodAuto] [+] Overwriting: 01092026.zip -> server...
[2026-09-27 01:50:06] [INFO] [BiharFloodAuto] [+] Overwriting: 17092026.zip -> server...
[2026-09-27 01:50:06] [INFO] [BiharFloodAuto] [+] Overwriting: 30082026.zip -> server...
[2026-09-27 01:50:06] [INFO] [BiharFloodAuto] [+] Overwriting: 06092026.zip -> server...
[2026-09-27 01:50:06] [INFO] [BiharFloodAuto] [+] Overwriting: 16092026.zip -> server...
[2026-09-27 01:50:06] [INFO] [BiharFloodAuto] [+] Overwriting: 05092026.zip -> server...
[2026-09-27 01:50:06] [INFO] [BiharFloodAuto] [+] Overwriting: 24092026.zip -> server...
[2026-09-27 01:50:07] [INFO] [BiharFloodAuto] [+] Overwriting: 18092026.zip -> server...
[2026-09-27 01:50:07] [INFO] [BiharFloodAuto] [+] Overwriting: 26092026.zip -> server...
[2026-09-27 01:50:07] [INFO] [BiharFloodAuto] [+] Overwriting: 11092026.zip -> server...
[2026-09-27 01:50:07] [INFO] [BiharFloodAuto] [+] Overwriting: 02092026.zip -> server...
[2026-09-27 01:50:07] [INFO] [BiharFloodAuto] [+] Overwriting: 04092026.zip -> server...
[2026-09-27 01:50:07] [INFO] [BiharFloodAuto] [+] Successfully copied 25 file(s).
[2026-09-27 01:50:07] [INFO] [paramiko.transport.sftp] [chan 0] sftp session closed.
[2026-09-27 01:50:10] [INFO] [BiharFloodAuto] Successfully pushed automation.log to Git.
[2026-09-27 01:50:10] [INFO] [BiharFloodAuto] Sleeping for 15 minutes. Next check at 02:05:10...
[2026-09-27 02:05:10] [INFO] [BiharFloodAuto] Executing 'git pull' to check for updates...
[2026-09-27 02:05:10] [INFO] [BiharFloodAuto] Repository is already up to date.
[2026-09-27 02:05:11] [INFO] [BiharFloodAuto] Searching Gmail for UNREAD emails with 'Inundation Probability'...
[2026-09-27 02:05:11] [INFO] [BiharFloodAuto] No new matching emails found in Gmail.
[2026-09-27 02:05:11] [INFO] [paramiko.transport] Connected (version 2.0, client OpenSSH_8.9p1)
[2026-09-27 02:05:11] [INFO] [paramiko.transport] Authentication (password) successful!
[2026-09-27 02:05:12] [INFO] [paramiko.transport.sftp] [chan 0] Opened sftp connection (server version 3)
[2026-09-27 02:05:12] [INFO] [BiharFloodAuto] [+] Overwriting: 23092026.zip -> server...
[2026-09-27 02:05:12] [INFO] [BiharFloodAuto] [+] Overwriting: 25092026.zip -> server...
[2026-09-27 02:05:12] [INFO] [BiharFloodAuto] [+] Overwriting: 12092026.zip -> server...
[2026-09-27 02:05:13] [INFO] [BiharFloodAuto] [+] Overwriting: 14092026.zip -> server...
[2026-09-27 02:05:13] [INFO] [BiharFloodAuto] [+] Overwriting: 09092026.zip -> server...
[2026-09-27 02:05:13] [INFO] [BiharFloodAuto] [+] Overwriting: 07092026.zip -> server...
[2026-09-27 02:05:13] [INFO] [BiharFloodAuto] [+] Overwriting: 31082026.zip -> server...
[2026-09-27 02:05:14] [INFO] [BiharFloodAuto] [+] Overwriting: 29082026.zip -> server...
[2026-09-27 02:05:14] [INFO] [BiharFloodAuto] [+] Overwriting: 22092026.zip -> server...
[2026-09-27 02:05:14] [INFO] [BiharFloodAuto] [+] Overwriting: 08092026.zip -> server...
[2026-09-27 02:05:15] [INFO] [BiharFloodAuto] [+] Overwriting: 13092026.zip -> server...
[2026-09-27 02:05:15] [INFO] [BiharFloodAuto] [+] Overwriting: 10092026.zip -> server...
[2026-09-27 02:05:15] [INFO] [BiharFloodAuto] [+] Overwriting: 03092026.zip -> server...
[2026-09-27 02:05:16] [INFO] [BiharFloodAuto] [+] Overwriting: 01092026.zip -> server...
[2026-09-27 02:05:16] [INFO] [BiharFloodAuto] [+] Overwriting: 17092026.zip -> server...
[2026-09-27 02:05:16] [INFO] [BiharFloodAuto] [+] Overwriting: 30082026.zip -> server...
[2026-09-27 02:05:16] [INFO] [BiharFloodAuto] [+] Overwriting: 06092026.zip -> server...
[2026-09-27 02:05:17] [INFO] [BiharFloodAuto] [+] Overwriting: 16092026.zip -> server...
[2026-09-27 02:05:17] [INFO] [BiharFloodAuto] [+] Overwriting: 05092026.zip -> server...
[2026-09-27 02:05:17] [INFO] [BiharFloodAuto] [+] Overwriting: 24092026.zip -> server...
[2026-09-27 02:05:17] [INFO] [BiharFloodAuto] [+] Overwriting: 18092026.zip -> server...
[2026-09-27 02:05:18] [INFO] [BiharFloodAuto] [+] Overwriting: 26092026.zip -> server...
[2026-09-27 02:05:18] [INFO] [BiharFloodAuto] [+] Overwriting: 11092026.zip -> server...
[2026-09-27 02:05:18] [INFO] [BiharFloodAuto] [+] Overwriting: 02092026.zip -> server...
[2026-09-27 02:05:18] [INFO] [BiharFloodAuto] [+] Overwriting: 04092026.zip -> server...
[2026-09-27 02:05:19] [INFO] [BiharFloodAuto] [+] Successfully copied 25 file(s).
[2026-09-27 02:05:19] [INFO] [paramiko.transport.sftp] [chan 0] sftp session closed.
[2026-09-27 02:05:21] [INFO] [BiharFloodAuto] Successfully pushed automation.log to Git.
[2026-09-27 02:05:21] [INFO] [BiharFloodAuto] Sleeping for 15 minutes. Next check at 02:20:21...
[2026-09-27 02:20:21] [INFO] [BiharFloodAuto] Executing 'git pull' to check for updates...
[2026-09-27 02:20:22] [INFO] [BiharFloodAuto] Repository is already up to date.
[2026-09-27 02:20:22] [INFO] [BiharFloodAuto] Searching Gmail for UNREAD emails with 'Inundation Probability'...
[2026-09-27 02:20:23] [INFO] [BiharFloodAuto] No new matching emails found in Gmail.
[2026-09-27 02:20:23] [INFO] [paramiko.transport] Connected (version 2.0, client OpenSSH_8.9p1)
[2026-09-27 02:20:23] [INFO] [paramiko.transport] Authentication (password) successful!
[2026-09-27 02:20:23] [INFO] [paramiko.transport.sftp] [chan 0] Opened sftp connection (server version 3)
[2026-09-27 02:20:23] [INFO] [BiharFloodAuto] [+] Overwriting: 23092026.zip -> server...
[2026-09-27 02:20:23] [INFO] [BiharFloodAuto] [+] Overwriting: 25092026.zip -> server...
[2026-09-27 02:20:23] [INFO] [BiharFloodAuto] [+] Overwriting: 12092026.zip -> server...
[2026-09-27 02:20:24] [INFO] [BiharFloodAuto] [+] Overwriting: 14092026.zip -> server...
[2026-09-27 02:20:24] [INFO] [BiharFloodAuto] [+] Overwriting: 09092026.zip -> server...
[2026-09-27 02:20:24] [INFO] [BiharFloodAuto] [+] Overwriting: 07092026.zip -> server...
[2026-09-27 02:20:25] [INFO] [BiharFloodAuto] [+] Overwriting: 31082026.zip -> server...
[2026-09-27 02:20:25] [INFO] [BiharFloodAuto] [+] Overwriting: 29082026.zip -> server...
[2026-09-27 02:20:25] [INFO] [BiharFloodAuto] [+] Overwriting: 22092026.zip -> server...
[2026-09-27 02:20:25] [INFO] [BiharFloodAuto] [+] Overwriting: 08092026.zip -> server...
[2026-09-27 02:20:26] [INFO] [BiharFloodAuto] [+] Overwriting: 13092026.zip -> server...
[2026-09-27 02:20:26] [INFO] [BiharFloodAuto] [+] Overwriting: 10092026.zip -> server...
[2026-09-27 02:20:26] [INFO] [BiharFloodAuto] [+] Overwriting: 03092026.zip -> server...
[2026-09-27 02:20:27] [INFO] [BiharFloodAuto] [+] Overwriting: 01092026.zip -> server...
[2026-09-27 02:20:27] [INFO] [BiharFloodAuto] [+] Overwriting: 17092026.zip -> server...
[2026-09-27 02:20:27] [INFO] [BiharFloodAuto] [+] Overwriting: 30082026.zip -> server...
[2026-09-27 02:20:28] [INFO] [BiharFloodAuto] [+] Overwriting: 06092026.zip -> server...
[2026-09-27 02:20:28] [INFO] [BiharFloodAuto] [+] Overwriting: 16092026.zip -> server...
[2026-09-27 02:20:28] [INFO] [BiharFloodAuto] [+] Overwriting: 05092026.zip -> server...
[2026-09-27 02:20:28] [INFO] [BiharFloodAuto] [+] Overwriting: 24092026.zip -> server...
[2026-09-27 02:20:29] [INFO] [BiharFloodAuto] [+] Overwriting: 18092026.zip -> server...
[2026-09-27 02:20:29] [INFO] [BiharFloodAuto] [+] Overwriting: 26092026.zip -> server...
[2026-09-27 02:20:29] [INFO] [BiharFloodAuto] [+] Overwriting: 11092026.zip -> server...
[2026-09-27 02:20:30] [INFO] [BiharFloodAuto] [+] Overwriting: 02092026.zip -> server...
[2026-09-27 02:20:30] [INFO] [BiharFloodAuto] [+] Overwriting: 04092026.zip -> server...
[2026-09-27 02:20:30] [INFO] [BiharFloodAuto] [+] Successfully copied 25 file(s).
[2026-09-27 02:20:30] [INFO] [paramiko.transport.sftp] [chan 0] sftp session closed.
[2026-09-27 02:20:33] [INFO] [BiharFloodAuto] Successfully pushed automation.log to Git.
[2026-09-27 02:20:33] [INFO] [BiharFloodAuto] Sleeping for 15 minutes. Next check at 02:35:33...
[2026-09-27 02:35:33] [INFO] [BiharFloodAuto] Executing 'git pull' to check for updates...
[2026-09-27 02:35:33] [INFO] [BiharFloodAuto] Repository is already up to date.
[2026-09-27 02:35:33] [INFO] [BiharFloodAuto] Searching Gmail for UNREAD emails with 'Inundation Probability'...
[2026-09-27 02:35:34] [INFO] [BiharFloodAuto] No new matching emails found in Gmail.
[2026-09-27 02:35:34] [INFO] [paramiko.transport] Connected (version 2.0, client OpenSSH_8.9p1)
[2026-09-27 02:35:34] [INFO] [paramiko.transport] Authentication (password) successful!
[2026-09-27 02:35:35] [INFO] [paramiko.transport.sftp] [chan 0] Opened sftp connection (server version 3)
[2026-09-27 02:35:35] [INFO] [BiharFloodAuto] [+] Overwriting: 23092026.zip -> server...
[2026-09-27 02:35:35] [INFO] [BiharFloodAuto] [+] Overwriting: 25092026.zip -> server...
[2026-09-27 02:35:35] [INFO] [BiharFloodAuto] [+] Overwriting: 12092026.zip -> server...
[2026-09-27 02:35:35] [INFO] [BiharFloodAuto] [+] Overwriting: 14092026.zip -> server...
[2026-09-27 02:35:35] [INFO] [BiharFloodAuto] [+] Overwriting: 09092026.zip -> server...
[2026-09-27 02:35:35] [INFO] [BiharFloodAuto] [+] Overwriting: 07092026.zip -> server...
[2026-09-27 02:35:35] [INFO] [BiharFloodAuto] [+] Overwriting: 31082026.zip -> server...
[2026-09-27 02:35:36] [INFO] [BiharFloodAuto] [+] Overwriting: 29082026.zip -> server...
[2026-09-27 02:35:36] [INFO] [BiharFloodAuto] [+] Overwriting: 22092026.zip -> server...
[2026-09-27 02:35:36] [INFO] [BiharFloodAuto] [+] Overwriting: 08092026.zip -> server...
[2026-09-27 02:35:36] [INFO] [BiharFloodAuto] [+] Overwriting: 13092026.zip -> server...
[2026-09-27 02:35:36] [INFO] [BiharFloodAuto] [+] Overwriting: 10092026.zip -> server...
[2026-09-27 02:35:36] [INFO] [BiharFloodAuto] [+] Overwriting: 03092026.zip -> server...
[2026-09-27 02:35:36] [INFO] [BiharFloodAuto] [+] Overwriting: 01092026.zip -> server...
[2026-09-27 02:35:37] [INFO] [BiharFloodAuto] [+] Overwriting: 17092026.zip -> server...
[2026-09-27 02:35:37] [INFO] [BiharFloodAuto] [+] Overwriting: 30082026.zip -> server...
[2026-09-27 02:35:37] [INFO] [BiharFloodAuto] [+] Overwriting: 06092026.zip -> server...
[2026-09-27 02:35:37] [INFO] [BiharFloodAuto] [+] Overwriting: 16092026.zip -> server...
[2026-09-27 02:35:37] [INFO] [BiharFloodAuto] [+] Overwriting: 05092026.zip -> server...
[2026-09-27 02:35:37] [INFO] [BiharFloodAuto] [+] Overwriting: 24092026.zip -> server...
[2026-09-27 02:35:38] [INFO] [BiharFloodAuto] [+] Overwriting: 18092026.zip -> server...
[2026-09-27 02:35:38] [INFO] [BiharFloodAuto] [+] Overwriting: 26092026.zip -> server...
[2026-09-27 02:35:38] [INFO] [BiharFloodAuto] [+] Overwriting: 11092026.zip -> server...
[2026-09-27 02:35:38] [INFO] [BiharFloodAuto] [+] Overwriting: 02092026.zip -> server...
[2026-09-27 02:35:39] [INFO] [BiharFloodAuto] [+] Overwriting: 04092026.zip -> server...
[2026-09-27 02:35:39] [INFO] [BiharFloodAuto] [+] Successfully copied 25 file(s).
[2026-09-27 02:35:39] [INFO] [paramiko.transport.sftp] [chan 0] sftp session closed.
[2026-09-27 02:35:41] [INFO] [BiharFloodAuto] Successfully pushed automation.log to Git.
[2026-09-27 02:35:41] [INFO] [BiharFloodAuto] Sleeping for 15 minutes. Next check at 02:50:41...
[2026-09-27 02:50:41] [INFO] [BiharFloodAuto] Executing 'git pull' to check for updates...
[2026-09-27 02:50:42] [INFO] [BiharFloodAuto] Repository is already up to date.
[2026-09-27 02:50:42] [INFO] [BiharFloodAuto] Searching Gmail for UNREAD emails with 'Inundation Probability'...
[2026-09-27 02:50:43] [INFO] [BiharFloodAuto] No new matching emails found in Gmail.
[2026-09-27 02:50:44] [INFO] [paramiko.transport] Connected (version 2.0, client OpenSSH_8.9p1)
[2026-09-27 02:50:44] [INFO] [paramiko.transport] Authentication (password) successful!
[2026-09-27 02:50:44] [INFO] [paramiko.transport.sftp] [chan 0] Opened sftp connection (server version 3)
[2026-09-27 02:50:44] [INFO] [BiharFloodAuto] [+] Overwriting: 23092026.zip -> server...
[2026-09-27 02:50:44] [INFO] [BiharFloodAuto] [+] Overwriting: 25092026.zip -> server...
[2026-09-27 02:50:44] [INFO] [BiharFloodAuto] [+] Overwriting: 12092026.zip -> server...
[2026-09-27 02:50:44] [INFO] [BiharFloodAuto] [+] Overwriting: 14092026.zip -> server...
[2026-09-27 02:50:44] [INFO] [BiharFloodAuto] [+] Overwriting: 09092026.zip -> server...
[2026-09-27 02:50:45] [INFO] [BiharFloodAuto] [+] Overwriting: 07092026.zip -> server...
[2026-09-27 02:50:45] [INFO] [BiharFloodAuto] [+] Overwriting: 31082026.zip -> server...
[2026-09-27 02:50:45] [INFO] [BiharFloodAuto] [+] Overwriting: 29082026.zip -> server...
[2026-09-27 02:50:45] [INFO] [BiharFloodAuto] [+] Overwriting: 22092026.zip -> server...
[2026-09-27 02:50:45] [INFO] [BiharFloodAuto] [+] Overwriting: 08092026.zip -> server...
[2026-09-27 02:50:45] [INFO] [BiharFloodAuto] [+] Overwriting: 13092026.zip -> server...
[2026-09-27 02:50:45] [INFO] [BiharFloodAuto] [+] Overwriting: 10092026.zip -> server...
[2026-09-27 02:50:45] [INFO] [BiharFloodAuto] [+] Overwriting: 03092026.zip -> server...
[2026-09-27 02:50:45] [INFO] [BiharFloodAuto] [+] Overwriting: 01092026.zip -> server...
[2026-09-27 02:50:46] [INFO] [BiharFloodAuto] [+] Overwriting: 17092026.zip -> server...
[2026-09-27 02:50:46] [INFO] [BiharFloodAuto] [+] Overwriting: 30082026.zip -> server...
[2026-09-27 02:50:46] [INFO] [BiharFloodAuto] [+] Overwriting: 06092026.zip -> server...
[2026-09-27 02:50:46] [INFO] [BiharFloodAuto] [+] Overwriting: 16092026.zip -> server...
[2026-09-27 02:50:46] [INFO] [BiharFloodAuto] [+] Overwriting: 05092026.zip -> server...
[2026-09-27 02:50:46] [INFO] [BiharFloodAuto] [+] Overwriting: 24092026.zip -> server...
[2026-09-27 02:50:46] [INFO] [BiharFloodAuto] [+] Overwriting: 18092026.zip -> server...
[2026-09-27 02:50:46] [INFO] [BiharFloodAuto] [+] Overwriting: 26092026.zip -> server...
[2026-09-27 02:50:47] [INFO] [BiharFloodAuto] [+] Overwriting: 11092026.zip -> server...
[2026-09-27 02:50:47] [INFO] [BiharFloodAuto] [+] Overwriting: 02092026.zip -> server...
[2026-09-27 02:50:47] [INFO] [BiharFloodAuto] [+] Overwriting: 04092026.zip -> server...
[2026-09-27 02:50:47] [INFO] [BiharFloodAuto] [+] Successfully copied 25 file(s).
[2026-09-27 02:50:47] [INFO] [paramiko.transport.sftp] [chan 0] sftp session closed.
[2026-09-27 02:50:49] [INFO] [BiharFloodAuto] Successfully pushed automation.log to Git.
[2026-09-27 02:50:49] [INFO] [BiharFloodAuto] Sleeping for 15 minutes. Next check at 03:05:49...
[2026-09-27 03:05:49] [INFO] [BiharFloodAuto] Executing 'git pull' to check for updates...
[2026-09-27 03:05:50] [INFO] [BiharFloodAuto] Repository is already up to date.
[2026-09-27 03:05:50] [INFO] [BiharFloodAuto] Searching Gmail for UNREAD emails with 'Inundation Probability'...
[2026-09-27 03:05:51] [INFO] [BiharFloodAuto] No new matching emails found in Gmail.
[2026-09-27 03:05:51] [INFO] [paramiko.transport] Connected (version 2.0, client OpenSSH_8.9p1)
[2026-09-27 03:05:51] [INFO] [paramiko.transport] Authentication (password) successful!
[2026-09-27 03:05:51] [INFO] [paramiko.transport.sftp] [chan 0] Opened sftp connection (server version 3)
[2026-09-27 03:05:51] [INFO] [BiharFloodAuto] [+] Overwriting: 23092026.zip -> server...
[2026-09-27 03:05:52] [INFO] [BiharFloodAuto] [+] Overwriting: 25092026.zip -> server...
[2026-09-27 03:05:52] [INFO] [BiharFloodAuto] [+] Overwriting: 12092026.zip -> server...
[2026-09-27 03:05:52] [INFO] [BiharFloodAuto] [+] Overwriting: 14092026.zip -> server...
[2026-09-27 03:05:53] [INFO] [BiharFloodAuto] [+] Overwriting: 09092026.zip -> server...
[2026-09-27 03:05:53] [INFO] [BiharFloodAuto] [+] Overwriting: 07092026.zip -> server...
[2026-09-27 03:05:53] [INFO] [BiharFloodAuto] [+] Overwriting: 31082026.zip -> server...
[2026-09-27 03:05:53] [INFO] [BiharFloodAuto] [+] Overwriting: 29082026.zip -> server...
[2026-09-27 03:05:54] [INFO] [BiharFloodAuto] [+] Overwriting: 22092026.zip -> server...
[2026-09-27 03:05:54] [INFO] [BiharFloodAuto] [+] Overwriting: 08092026.zip -> server...
[2026-09-27 03:05:54] [INFO] [BiharFloodAuto] [+] Overwriting: 13092026.zip -> server...
[2026-09-27 03:05:54] [INFO] [BiharFloodAuto] [+] Overwriting: 10092026.zip -> server...
[2026-09-27 03:05:55] [INFO] [BiharFloodAuto] [+] Overwriting: 03092026.zip -> server...
[2026-09-27 03:05:55] [INFO] [BiharFloodAuto] [+] Overwriting: 01092026.zip -> server...
[2026-09-27 03:05:55] [INFO] [BiharFloodAuto] [+] Overwriting: 17092026.zip -> server...
[2026-09-27 03:05:56] [INFO] [BiharFloodAuto] [+] Overwriting: 30082026.zip -> server...
[2026-09-27 03:05:56] [INFO] [BiharFloodAuto] [+] Overwriting: 06092026.zip -> server...
[2026-09-27 03:05:56] [INFO] [BiharFloodAuto] [+] Overwriting: 16092026.zip -> server...
[2026-09-27 03:05:56] [INFO] [BiharFloodAuto] [+] Overwriting: 05092026.zip -> server...
[2026-09-27 03:05:57] [INFO] [BiharFloodAuto] [+] Overwriting: 24092026.zip -> server...
[2026-09-27 03:05:57] [INFO] [BiharFloodAuto] [+] Overwriting: 18092026.zip -> server...
[2026-09-27 03:05:57] [INFO] [BiharFloodAuto] [+] Overwriting: 26092026.zip -> server...
[2026-09-27 03:05:57] [INFO] [BiharFloodAuto] [+] Overwriting: 11092026.zip -> server...
[2026-09-27 03:05:58] [INFO] [BiharFloodAuto] [+] Overwriting: 02092026.zip -> server...
[2026-09-27 03:05:58] [INFO] [BiharFloodAuto] [+] Overwriting: 04092026.zip -> server...
[2026-09-27 03:05:58] [INFO] [BiharFloodAuto] [+] Successfully copied 25 file(s).
[2026-09-27 03:05:58] [INFO] [paramiko.transport.sftp] [chan 0] sftp session closed.
[2026-09-27 03:06:01] [INFO] [BiharFloodAuto] Successfully pushed automation.log to Git.
[2026-09-27 03:06:01] [INFO] [BiharFloodAuto] Sleeping for 15 minutes. Next check at 03:21:01...
[2026-09-27 03:21:01] [INFO] [BiharFloodAuto] Executing 'git pull' to check for updates...
[2026-09-27 03:21:02] [INFO] [BiharFloodAuto] Repository is already up to date.
[2026-09-27 03:21:02] [INFO] [BiharFloodAuto] Searching Gmail for UNREAD emails with 'Inundation Probability'...
[2026-09-27 03:21:03] [INFO] [BiharFloodAuto] No new matching emails found in Gmail.
[2026-09-27 03:21:03] [INFO] [paramiko.transport] Connected (version 2.0, client OpenSSH_8.9p1)
[2026-09-27 03:21:03] [INFO] [paramiko.transport] Authentication (password) successful!
[2026-09-27 03:21:03] [INFO] [paramiko.transport.sftp] [chan 0] Opened sftp connection (server version 3)
[2026-09-27 03:21:03] [INFO] [BiharFloodAuto] [+] Overwriting: 23092026.zip -> server...
[2026-09-27 03:21:03] [INFO] [BiharFloodAuto] [+] Overwriting: 25092026.zip -> server...
[2026-09-27 03:21:03] [INFO] [BiharFloodAuto] [+] Overwriting: 12092026.zip -> server...
[2026-09-27 03:21:04] [INFO] [BiharFloodAuto] [+] Overwriting: 14092026.zip -> server...
[2026-09-27 03:21:04] [INFO] [BiharFloodAuto] [+] Overwriting: 09092026.zip -> server...
[2026-09-27 03:21:04] [INFO] [BiharFloodAuto] [+] Overwriting: 07092026.zip -> server...
[2026-09-27 03:21:04] [INFO] [BiharFloodAuto] [+] Overwriting: 31082026.zip -> server...
[2026-09-27 03:21:04] [INFO] [BiharFloodAuto] [+] Overwriting: 29082026.zip -> server...
[2026-09-27 03:21:04] [INFO] [BiharFloodAuto] [+] Overwriting: 22092026.zip -> server...
[2026-09-27 03:21:04] [INFO] [BiharFloodAuto] [+] Overwriting: 08092026.zip -> server...
[2026-09-27 03:21:04] [INFO] [BiharFloodAuto] [+] Overwriting: 13092026.zip -> server...
[2026-09-27 03:21:05] [INFO] [BiharFloodAuto] [+] Overwriting: 10092026.zip -> server...
[2026-09-27 03:21:05] [INFO] [BiharFloodAuto] [+] Overwriting: 03092026.zip -> server...
[2026-09-27 03:21:05] [INFO] [BiharFloodAuto] [+] Overwriting: 01092026.zip -> server...
[2026-09-27 03:21:05] [INFO] [BiharFloodAuto] [+] Overwriting: 17092026.zip -> server...
[2026-09-27 03:21:05] [INFO] [BiharFloodAuto] [+] Overwriting: 30082026.zip -> server...
[2026-09-27 03:21:05] [INFO] [BiharFloodAuto] [+] Overwriting: 06092026.zip -> server...
[2026-09-27 03:21:05] [INFO] [BiharFloodAuto] [+] Overwriting: 16092026.zip -> server...
[2026-09-27 03:21:05] [INFO] [BiharFloodAuto] [+] Overwriting: 05092026.zip -> server...
[2026-09-27 03:21:06] [INFO] [BiharFloodAuto] [+] Overwriting: 24092026.zip -> server...
[2026-09-27 03:21:06] [INFO] [BiharFloodAuto] [+] Overwriting: 18092026.zip -> server...
[2026-09-27 03:21:06] [INFO] [BiharFloodAuto] [+] Overwriting: 26092026.zip -> server...
[2026-09-27 03:21:06] [INFO] [BiharFloodAuto] [+] Overwriting: 11092026.zip -> server...
[2026-09-27 03:21:06] [INFO] [BiharFloodAuto] [+] Overwriting: 02092026.zip -> server...
[2026-09-27 03:21:06] [INFO] [BiharFloodAuto] [+] Overwriting: 04092026.zip -> server...
[2026-09-27 03:21:06] [INFO] [BiharFloodAuto] [+] Successfully copied 25 file(s).
[2026-09-27 03:21:06] [INFO] [paramiko.transport.sftp] [chan 0] sftp session closed.
[2026-09-27 03:21:09] [INFO] [BiharFloodAuto] Successfully pushed automation.log to Git.
[2026-09-27 03:21:09] [INFO] [BiharFloodAuto] Sleeping for 15 minutes. Next check at 03:36:09...
[2026-09-27 03:36:09] [INFO] [BiharFloodAuto] Executing 'git pull' to check for updates...
[2026-09-27 03:36:09] [INFO] [BiharFloodAuto] Repository is already up to date.
[2026-09-27 03:36:10] [INFO] [BiharFloodAuto] Searching Gmail for UNREAD emails with 'Inundation Probability'...
[2026-09-27 03:36:11] [INFO] [BiharFloodAuto] No new matching emails found in Gmail.
[2026-09-27 03:36:11] [INFO] [paramiko.transport] Connected (version 2.0, client OpenSSH_8.9p1)
[2026-09-27 03:36:11] [INFO] [paramiko.transport] Authentication (password) successful!
[2026-09-27 03:36:11] [INFO] [paramiko.transport.sftp] [chan 0] Opened sftp connection (server version 3)
[2026-09-27 03:36:11] [INFO] [BiharFloodAuto] [+] Overwriting: 23092026.zip -> server...
[2026-09-27 03:36:11] [INFO] [BiharFloodAuto] [+] Overwriting: 25092026.zip -> server...
[2026-09-27 03:36:12] [INFO] [BiharFloodAuto] [+] Overwriting: 12092026.zip -> server...
[2026-09-27 03:36:12] [INFO] [BiharFloodAuto] [+] Overwriting: 14092026.zip -> server...
[2026-09-27 03:36:12] [INFO] [BiharFloodAuto] [+] Overwriting: 09092026.zip -> server...
[2026-09-27 03:36:13] [INFO] [BiharFloodAuto] [+] Overwriting: 07092026.zip -> server...
[2026-09-27 03:36:13] [INFO] [BiharFloodAuto] [+] Overwriting: 31082026.zip -> server...
[2026-09-27 03:36:13] [INFO] [BiharFloodAuto] [+] Overwriting: 29082026.zip -> server...
[2026-09-27 03:36:14] [INFO] [BiharFloodAuto] [+] Overwriting: 22092026.zip -> server...
[2026-09-27 03:36:14] [INFO] [BiharFloodAuto] [+] Overwriting: 08092026.zip -> server...
[2026-09-27 03:36:14] [INFO] [BiharFloodAuto] [+] Overwriting: 13092026.zip -> server...
[2026-09-27 03:36:14] [INFO] [BiharFloodAuto] [+] Overwriting: 10092026.zip -> server...
[2026-09-27 03:36:15] [INFO] [BiharFloodAuto] [+] Overwriting: 03092026.zip -> server...
[2026-09-27 03:36:15] [INFO] [BiharFloodAuto] [+] Overwriting: 01092026.zip -> server...
[2026-09-27 03:36:15] [INFO] [BiharFloodAuto] [+] Overwriting: 17092026.zip -> server...
[2026-09-27 03:36:16] [INFO] [BiharFloodAuto] [+] Overwriting: 30082026.zip -> server...
[2026-09-27 03:36:16] [INFO] [BiharFloodAuto] [+] Overwriting: 06092026.zip -> server...
[2026-09-27 03:36:16] [INFO] [BiharFloodAuto] [+] Overwriting: 16092026.zip -> server...
[2026-09-27 03:36:17] [INFO] [BiharFloodAuto] [+] Overwriting: 05092026.zip -> server...
[2026-09-27 03:36:17] [INFO] [BiharFloodAuto] [+] Overwriting: 24092026.zip -> server...
[2026-09-27 03:36:17] [INFO] [BiharFloodAuto] [+] Overwriting: 18092026.zip -> server...
[2026-09-27 03:36:17] [INFO] [BiharFloodAuto] [+] Overwriting: 26092026.zip -> server...
[2026-09-27 03:36:18] [INFO] [BiharFloodAuto] [+] Overwriting: 11092026.zip -> server...
[2026-09-27 03:36:18] [INFO] [BiharFloodAuto] [+] Overwriting: 02092026.zip -> server...
[2026-09-27 03:36:18] [INFO] [BiharFloodAuto] [+] Overwriting: 04092026.zip -> server...
[2026-09-27 03:36:19] [INFO] [BiharFloodAuto] [+] Successfully copied 25 file(s).
[2026-09-27 03:36:19] [INFO] [paramiko.transport.sftp] [chan 0] sftp session closed.
[2026-09-27 03:36:21] [INFO] [BiharFloodAuto] Successfully pushed automation.log to Git.
[2026-09-27 03:36:21] [INFO] [BiharFloodAuto] Sleeping for 15 minutes. Next check at 03:51:21...
[2026-09-27 03:51:21] [INFO] [BiharFloodAuto] Executing 'git pull' to check for updates...
[2026-09-27 03:51:22] [INFO] [BiharFloodAuto] Repository is already up to date.
[2026-09-27 03:51:22] [INFO] [BiharFloodAuto] Searching Gmail for UNREAD emails with 'Inundation Probability'...
[2026-09-27 03:51:23] [INFO] [BiharFloodAuto] No new matching emails found in Gmail.
[2026-09-27 03:51:23] [INFO] [paramiko.transport] Connected (version 2.0, client OpenSSH_8.9p1)
[2026-09-27 03:51:23] [INFO] [paramiko.transport] Authentication (password) successful!
[2026-09-27 03:51:23] [INFO] [paramiko.transport.sftp] [chan 0] Opened sftp connection (server version 3)
[2026-09-27 03:51:23] [INFO] [BiharFloodAuto] [+] Overwriting: 23092026.zip -> server...
[2026-09-27 03:51:23] [INFO] [BiharFloodAuto] [+] Overwriting: 25092026.zip -> server...
[2026-09-27 03:51:24] [INFO] [BiharFloodAuto] [+] Overwriting: 12092026.zip -> server...
[2026-09-27 03:51:24] [INFO] [BiharFloodAuto] [+] Overwriting: 14092026.zip -> server...
[2026-09-27 03:51:24] [INFO] [BiharFloodAuto] [+] Overwriting: 09092026.zip -> server...
[2026-09-27 03:51:24] [INFO] [BiharFloodAuto] [+] Overwriting: 07092026.zip -> server...
[2026-09-27 03:51:25] [INFO] [BiharFloodAuto] [+] Overwriting: 31082026.zip -> server...
[2026-09-27 03:51:25] [INFO] [BiharFloodAuto] [+] Overwriting: 29082026.zip -> server...
[2026-09-27 03:51:25] [INFO] [BiharFloodAuto] [+] Overwriting: 22092026.zip -> server...
[2026-09-27 03:51:25] [INFO] [BiharFloodAuto] [+] Overwriting: 08092026.zip -> server...
[2026-09-27 03:51:26] [INFO] [BiharFloodAuto] [+] Overwriting: 13092026.zip -> server...
[2026-09-27 03:51:26] [INFO] [BiharFloodAuto] [+] Overwriting: 10092026.zip -> server...
[2026-09-27 03:51:26] [INFO] [BiharFloodAuto] [+] Overwriting: 03092026.zip -> server...
[2026-09-27 03:51:26] [INFO] [BiharFloodAuto] [+] Overwriting: 01092026.zip -> server...
[2026-09-27 03:51:26] [INFO] [BiharFloodAuto] [+] Overwriting: 17092026.zip -> server...
[2026-09-27 03:51:27] [INFO] [BiharFloodAuto] [+] Overwriting: 30082026.zip -> server...
[2026-09-27 03:51:27] [INFO] [BiharFloodAuto] [+] Overwriting: 06092026.zip -> server...
[2026-09-27 03:51:27] [INFO] [BiharFloodAuto] [+] Overwriting: 16092026.zip -> server...
[2026-09-27 03:51:27] [INFO] [BiharFloodAuto] [+] Overwriting: 05092026.zip -> server...
[2026-09-27 03:51:27] [INFO] [BiharFloodAuto] [+] Overwriting: 24092026.zip -> server...
[2026-09-27 03:51:27] [INFO] [BiharFloodAuto] [+] Overwriting: 18092026.zip -> server...
[2026-09-27 03:51:27] [INFO] [BiharFloodAuto] [+] Overwriting: 26092026.zip -> server...
[2026-09-27 03:51:27] [INFO] [BiharFloodAuto] [+] Overwriting: 11092026.zip -> server...
[2026-09-27 03:51:27] [INFO] [BiharFloodAuto] [+] Overwriting: 02092026.zip -> server...
[2026-09-27 03:51:27] [INFO] [BiharFloodAuto] [+] Overwriting: 04092026.zip -> server...
[2026-09-27 03:51:28] [INFO] [BiharFloodAuto] [+] Successfully copied 25 file(s).
[2026-09-27 03:51:28] [INFO] [paramiko.transport.sftp] [chan 0] sftp session closed.
[2026-09-27 03:51:30] [INFO] [BiharFloodAuto] Successfully pushed automation.log to Git.
[2026-09-27 03:51:30] [INFO] [BiharFloodAuto] Sleeping for 15 minutes. Next check at 04:06:30...
[2026-09-27 04:06:30] [INFO] [BiharFloodAuto] Executing 'git pull' to check for updates...
[2026-09-27 04:06:31] [INFO] [BiharFloodAuto] Repository is already up to date.
[2026-09-27 04:06:31] [INFO] [BiharFloodAuto] Searching Gmail for UNREAD emails with 'Inundation Probability'...
[2026-09-27 04:06:32] [INFO] [BiharFloodAuto] No new matching emails found in Gmail.
[2026-09-27 04:06:32] [INFO] [paramiko.transport] Connected (version 2.0, client OpenSSH_8.9p1)
[2026-09-27 04:06:32] [INFO] [paramiko.transport] Authentication (password) successful!
[2026-09-27 04:06:33] [INFO] [paramiko.transport.sftp] [chan 0] Opened sftp connection (server version 3)
[2026-09-27 04:06:33] [INFO] [BiharFloodAuto] [+] Overwriting: 23092026.zip -> server...
[2026-09-27 04:06:33] [INFO] [BiharFloodAuto] [+] Overwriting: 25092026.zip -> server...
[2026-09-27 04:06:33] [INFO] [BiharFloodAuto] [+] Overwriting: 12092026.zip -> server...
[2026-09-27 04:06:33] [INFO] [BiharFloodAuto] [+] Overwriting: 14092026.zip -> server...
[2026-09-27 04:06:33] [INFO] [BiharFloodAuto] [+] Overwriting: 09092026.zip -> server...
[2026-09-27 04:06:33] [INFO] [BiharFloodAuto] [+] Overwriting: 07092026.zip -> server...
[2026-09-27 04:06:33] [INFO] [BiharFloodAuto] [+] Overwriting: 31082026.zip -> server...
[2026-09-27 04:06:33] [INFO] [BiharFloodAuto] [+] Overwriting: 29082026.zip -> server...
[2026-09-27 04:06:34] [INFO] [BiharFloodAuto] [+] Overwriting: 22092026.zip -> server...
[2026-09-27 04:06:34] [INFO] [BiharFloodAuto] [+] Overwriting: 08092026.zip -> server...
[2026-09-27 04:06:34] [INFO] [BiharFloodAuto] [+] Overwriting: 13092026.zip -> server...
[2026-09-27 04:06:34] [INFO] [BiharFloodAuto] [+] Overwriting: 10092026.zip -> server...
[2026-09-27 04:06:34] [INFO] [BiharFloodAuto] [+] Overwriting: 03092026.zip -> server...
[2026-09-27 04:06:34] [INFO] [BiharFloodAuto] [+] Overwriting: 01092026.zip -> server...
[2026-09-27 04:06:34] [INFO] [BiharFloodAuto] [+] Overwriting: 17092026.zip -> server...
[2026-09-27 04:06:34] [INFO] [BiharFloodAuto] [+] Overwriting: 30082026.zip -> server...
[2026-09-27 04:06:35] [INFO] [BiharFloodAuto] [+] Overwriting: 06092026.zip -> server...
[2026-09-27 04:06:35] [INFO] [BiharFloodAuto] [+] Overwriting: 16092026.zip -> server...
[2026-09-27 04:06:35] [INFO] [BiharFloodAuto] [+] Overwriting: 05092026.zip -> server...
[2026-09-27 04:06:35] [INFO] [BiharFloodAuto] [+] Overwriting: 24092026.zip -> server...
[2026-09-27 04:06:35] [INFO] [BiharFloodAuto] [+] Overwriting: 18092026.zip -> server...
[2026-09-27 04:06:35] [INFO] [BiharFloodAuto] [+] Overwriting: 26092026.zip -> server...
[2026-09-27 04:06:35] [INFO] [BiharFloodAuto] [+] Overwriting: 11092026.zip -> server...
[2026-09-27 04:06:35] [INFO] [BiharFloodAuto] [+] Overwriting: 02092026.zip -> server...
[2026-09-27 04:06:35] [INFO] [BiharFloodAuto] [+] Overwriting: 04092026.zip -> server...
[2026-09-27 04:06:36] [INFO] [BiharFloodAuto] [+] Successfully copied 25 file(s).
[2026-09-27 04:06:36] [INFO] [paramiko.transport.sftp] [chan 0] sftp session closed.
[2026-09-27 04:06:38] [INFO] [BiharFloodAuto] Successfully pushed automation.log to Git.
[2026-09-27 04:06:38] [INFO] [BiharFloodAuto] Sleeping for 15 minutes. Next check at 04:21:38...
[2026-09-27 04:21:38] [INFO] [BiharFloodAuto] Executing 'git pull' to check for updates...
[2026-09-27 04:21:39] [INFO] [BiharFloodAuto] Repository is already up to date.
[2026-09-27 04:21:39] [INFO] [BiharFloodAuto] Searching Gmail for UNREAD emails with 'Inundation Probability'...
[2026-09-27 04:21:40] [INFO] [BiharFloodAuto] No new matching emails found in Gmail.
[2026-09-27 04:21:40] [INFO] [paramiko.transport] Connected (version 2.0, client OpenSSH_8.9p1)
[2026-09-27 04:21:40] [INFO] [paramiko.transport] Authentication (password) successful!
[2026-09-27 04:21:41] [INFO] [paramiko.transport.sftp] [chan 0] Opened sftp connection (server version 3)
[2026-09-27 04:21:41] [INFO] [BiharFloodAuto] [+] Overwriting: 23092026.zip -> server...
[2026-09-27 04:21:41] [INFO] [BiharFloodAuto] [+] Overwriting: 25092026.zip -> server...
[2026-09-27 04:21:41] [INFO] [BiharFloodAuto] [+] Overwriting: 12092026.zip -> server...
[2026-09-27 04:21:41] [INFO] [BiharFloodAuto] [+] Overwriting: 14092026.zip -> server...
[2026-09-27 04:21:41] [INFO] [BiharFloodAuto] [+] Overwriting: 09092026.zip -> server...
[2026-09-27 04:21:41] [INFO] [BiharFloodAuto] [+] Overwriting: 07092026.zip -> server...
[2026-09-27 04:21:41] [INFO] [BiharFloodAuto] [+] Overwriting: 31082026.zip -> server...
[2026-09-27 04:21:41] [INFO] [BiharFloodAuto] [+] Overwriting: 29082026.zip -> server...
[2026-09-27 04:21:42] [INFO] [BiharFloodAuto] [+] Overwriting: 22092026.zip -> server...
[2026-09-27 04:21:42] [INFO] [BiharFloodAuto] [+] Overwriting: 08092026.zip -> server...
[2026-09-27 04:21:42] [INFO] [BiharFloodAuto] [+] Overwriting: 13092026.zip -> server...
[2026-09-27 04:21:42] [INFO] [BiharFloodAuto] [+] Overwriting: 10092026.zip -> server...
[2026-09-27 04:21:42] [INFO] [BiharFloodAuto] [+] Overwriting: 03092026.zip -> server...
[2026-09-27 04:21:42] [INFO] [BiharFloodAuto] [+] Overwriting: 01092026.zip -> server...
[2026-09-27 04:21:42] [INFO] [BiharFloodAuto] [+] Overwriting: 17092026.zip -> server...
[2026-09-27 04:21:43] [INFO] [BiharFloodAuto] [+] Overwriting: 30082026.zip -> server...
[2026-09-27 04:21:43] [INFO] [BiharFloodAuto] [+] Overwriting: 06092026.zip -> server...
[2026-09-27 04:21:43] [INFO] [BiharFloodAuto] [+] Overwriting: 16092026.zip -> server...
[2026-09-27 04:21:43] [INFO] [BiharFloodAuto] [+] Overwriting: 05092026.zip -> server...
[2026-09-27 04:21:43] [INFO] [BiharFloodAuto] [+] Overwriting: 24092026.zip -> server...
[2026-09-27 04:21:43] [INFO] [BiharFloodAuto] [+] Overwriting: 18092026.zip -> server...
[2026-09-27 04:21:43] [INFO] [BiharFloodAuto] [+] Overwriting: 26092026.zip -> server...
[2026-09-27 04:21:44] [INFO] [BiharFloodAuto] [+] Overwriting: 11092026.zip -> server...
[2026-09-27 04:21:44] [INFO] [BiharFloodAuto] [+] Overwriting: 02092026.zip -> server...
[2026-09-27 04:21:44] [INFO] [BiharFloodAuto] [+] Overwriting: 04092026.zip -> server...
[2026-09-27 04:21:44] [INFO] [BiharFloodAuto] [+] Successfully copied 25 file(s).
[2026-09-27 04:21:44] [INFO] [paramiko.transport.sftp] [chan 0] sftp session closed.
[2026-09-27 04:21:46] [INFO] [BiharFloodAuto] Successfully pushed automation.log to Git.
[2026-09-27 04:21:46] [INFO] [BiharFloodAuto] Sleeping for 15 minutes. Next check at 04:36:46...
[2026-09-27 04:36:46] [INFO] [BiharFloodAuto] Executing 'git pull' to check for updates...
[2026-09-27 04:36:47] [INFO] [BiharFloodAuto] Repository is already up to date.
[2026-09-27 04:36:47] [INFO] [BiharFloodAuto] Searching Gmail for UNREAD emails with 'Inundation Probability'...
[2026-09-27 04:36:48] [INFO] [BiharFloodAuto] No new matching emails found in Gmail.
[2026-09-27 04:36:48] [INFO] [paramiko.transport] Connected (version 2.0, client OpenSSH_8.9p1)
[2026-09-27 04:36:48] [INFO] [paramiko.transport] Authentication (password) successful!
[2026-09-27 04:36:48] [INFO] [paramiko.transport.sftp] [chan 0] Opened sftp connection (server version 3)
[2026-09-27 04:36:48] [INFO] [BiharFloodAuto] [+] Overwriting: 23092026.zip -> server...
[2026-09-27 04:36:49] [INFO] [BiharFloodAuto] [+] Overwriting: 25092026.zip -> server...
[2026-09-27 04:36:49] [INFO] [BiharFloodAuto] [+] Overwriting: 12092026.zip -> server...
[2026-09-27 04:36:49] [INFO] [BiharFloodAuto] [+] Overwriting: 14092026.zip -> server...
[2026-09-27 04:36:49] [INFO] [BiharFloodAuto] [+] Overwriting: 09092026.zip -> server...
[2026-09-27 04:36:50] [INFO] [BiharFloodAuto] [+] Overwriting: 07092026.zip -> server...
[2026-09-27 04:36:50] [INFO] [BiharFloodAuto] [+] Overwriting: 31082026.zip -> server...
[2026-09-27 04:36:50] [INFO] [BiharFloodAuto] [+] Overwriting: 29082026.zip -> server...
[2026-09-27 04:36:50] [INFO] [BiharFloodAuto] [+] Overwriting: 22092026.zip -> server...
[2026-09-27 04:36:51] [INFO] [BiharFloodAuto] [+] Overwriting: 08092026.zip -> server...
[2026-09-27 04:36:51] [INFO] [BiharFloodAuto] [+] Overwriting: 13092026.zip -> server...
[2026-09-27 04:36:51] [INFO] [BiharFloodAuto] [+] Overwriting: 10092026.zip -> server...
[2026-09-27 04:36:51] [INFO] [BiharFloodAuto] [+] Overwriting: 03092026.zip -> server...
[2026-09-27 04:36:52] [INFO] [BiharFloodAuto] [+] Overwriting: 01092026.zip -> server...
[2026-09-27 04:36:52] [INFO] [BiharFloodAuto] [+] Overwriting: 17092026.zip -> server...
[2026-09-27 04:36:52] [INFO] [BiharFloodAuto] [+] Overwriting: 30082026.zip -> server...
[2026-09-27 04:36:52] [INFO] [BiharFloodAuto] [+] Overwriting: 06092026.zip -> server...
[2026-09-27 04:36:53] [INFO] [BiharFloodAuto] [+] Overwriting: 16092026.zip -> server...
[2026-09-27 04:36:53] [INFO] [BiharFloodAuto] [+] Overwriting: 05092026.zip -> server...
[2026-09-27 04:36:53] [INFO] [BiharFloodAuto] [+] Overwriting: 24092026.zip -> server...
[2026-09-27 04:36:54] [INFO] [BiharFloodAuto] [+] Overwriting: 18092026.zip -> server...
[2026-09-27 04:36:54] [INFO] [BiharFloodAuto] [+] Overwriting: 26092026.zip -> server...
[2026-09-27 04:36:54] [INFO] [BiharFloodAuto] [+] Overwriting: 11092026.zip -> server...
[2026-09-27 04:36:54] [INFO] [BiharFloodAuto] [+] Overwriting: 02092026.zip -> server...
[2026-09-27 04:36:55] [INFO] [BiharFloodAuto] [+] Overwriting: 04092026.zip -> server...
[2026-09-27 04:36:55] [INFO] [BiharFloodAuto] [+] Successfully copied 25 file(s).
[2026-09-27 04:36:55] [INFO] [paramiko.transport.sftp] [chan 0] sftp session closed.
[2026-09-27 04:36:57] [INFO] [BiharFloodAuto] Successfully pushed automation.log to Git.
[2026-09-27 04:36:57] [INFO] [BiharFloodAuto] Sleeping for 15 minutes. Next check at 04:51:57...
[2026-09-27 04:51:58] [INFO] [BiharFloodAuto] Executing 'git pull' to check for updates...
[2026-09-27 04:51:58] [INFO] [BiharFloodAuto] Repository is already up to date.
[2026-09-27 04:51:58] [INFO] [BiharFloodAuto] Searching Gmail for UNREAD emails with 'Inundation Probability'...
[2026-09-27 04:51:59] [INFO] [BiharFloodAuto] No new matching emails found in Gmail.
[2026-09-27 04:51:59] [INFO] [paramiko.transport] Connected (version 2.0, client OpenSSH_8.9p1)
[2026-09-27 04:51:59] [INFO] [paramiko.transport] Authentication (password) successful!
[2026-09-27 04:51:59] [INFO] [paramiko.transport.sftp] [chan 0] Opened sftp connection (server version 3)
[2026-09-27 04:51:59] [INFO] [BiharFloodAuto] [+] Overwriting: 23092026.zip -> server...
[2026-09-27 04:52:00] [INFO] [BiharFloodAuto] [+] Overwriting: 25092026.zip -> server...
[2026-09-27 04:52:00] [INFO] [BiharFloodAuto] [+] Overwriting: 12092026.zip -> server...
[2026-09-27 04:52:00] [INFO] [BiharFloodAuto] [+] Overwriting: 14092026.zip -> server...
[2026-09-27 04:52:00] [INFO] [BiharFloodAuto] [+] Overwriting: 09092026.zip -> server...
[2026-09-27 04:52:01] [INFO] [BiharFloodAuto] [+] Overwriting: 07092026.zip -> server...
[2026-09-27 04:52:01] [INFO] [BiharFloodAuto] [+] Overwriting: 31082026.zip -> server...
[2026-09-27 04:52:01] [INFO] [BiharFloodAuto] [+] Overwriting: 29082026.zip -> server...
[2026-09-27 04:52:01] [INFO] [BiharFloodAuto] [+] Overwriting: 22092026.zip -> server...
[2026-09-27 04:52:01] [INFO] [BiharFloodAuto] [+] Overwriting: 08092026.zip -> server...
[2026-09-27 04:52:01] [INFO] [BiharFloodAuto] [+] Overwriting: 13092026.zip -> server...
[2026-09-27 04:52:01] [INFO] [BiharFloodAuto] [+] Overwriting: 10092026.zip -> server...
[2026-09-27 04:52:02] [INFO] [BiharFloodAuto] [+] Overwriting: 03092026.zip -> server...
[2026-09-27 04:52:02] [INFO] [BiharFloodAuto] [+] Overwriting: 01092026.zip -> server...
[2026-09-27 04:52:02] [INFO] [BiharFloodAuto] [+] Overwriting: 17092026.zip -> server...
[2026-09-27 04:52:02] [INFO] [BiharFloodAuto] [+] Overwriting: 30082026.zip -> server...
[2026-09-27 04:52:02] [INFO] [BiharFloodAuto] [+] Overwriting: 06092026.zip -> server...
[2026-09-27 04:52:03] [INFO] [BiharFloodAuto] [+] Overwriting: 16092026.zip -> server...
[2026-09-27 04:52:03] [INFO] [BiharFloodAuto] [+] Overwriting: 05092026.zip -> server...
[2026-09-27 04:52:03] [INFO] [BiharFloodAuto] [+] Overwriting: 24092026.zip -> server...
[2026-09-27 04:52:03] [INFO] [BiharFloodAuto] [+] Overwriting: 18092026.zip -> server...
[2026-09-27 04:52:04] [INFO] [BiharFloodAuto] [+] Overwriting: 26092026.zip -> server...
[2026-09-27 04:52:04] [INFO] [BiharFloodAuto] [+] Overwriting: 11092026.zip -> server...
[2026-09-27 04:52:04] [INFO] [BiharFloodAuto] [+] Overwriting: 02092026.zip -> server...
[2026-09-27 04:52:04] [INFO] [BiharFloodAuto] [+] Overwriting: 04092026.zip -> server...
[2026-09-27 04:52:05] [INFO] [BiharFloodAuto] [+] Successfully copied 25 file(s).
[2026-09-27 04:52:05] [INFO] [paramiko.transport.sftp] [chan 0] sftp session closed.
[2026-09-27 04:52:07] [INFO] [BiharFloodAuto] Successfully pushed automation.log to Git.
[2026-09-27 04:52:07] [INFO] [BiharFloodAuto] Sleeping for 15 minutes. Next check at 05:07:07...
[2026-09-27 05:07:07] [INFO] [BiharFloodAuto] Executing 'git pull' to check for updates...
[2026-09-27 05:07:08] [INFO] [BiharFloodAuto] Repository is already up to date.
[2026-09-27 05:07:08] [INFO] [BiharFloodAuto] Searching Gmail for UNREAD emails with 'Inundation Probability'...
[2026-09-27 05:07:09] [INFO] [BiharFloodAuto] No new matching emails found in Gmail.
[2026-09-27 05:07:09] [INFO] [paramiko.transport] Connected (version 2.0, client OpenSSH_8.9p1)
[2026-09-27 05:07:09] [INFO] [paramiko.transport] Authentication (password) successful!
[2026-09-27 05:07:09] [INFO] [paramiko.transport.sftp] [chan 0] Opened sftp connection (server version 3)
[2026-09-27 05:07:09] [INFO] [BiharFloodAuto] [+] Overwriting: 23092026.zip -> server...
[2026-09-27 05:07:09] [INFO] [BiharFloodAuto] [+] Overwriting: 25092026.zip -> server...
[2026-09-27 05:07:10] [INFO] [BiharFloodAuto] [+] Overwriting: 12092026.zip -> server...
[2026-09-27 05:07:10] [INFO] [BiharFloodAuto] [+] Overwriting: 14092026.zip -> server...
[2026-09-27 05:07:10] [INFO] [BiharFloodAuto] [+] Overwriting: 09092026.zip -> server...
[2026-09-27 05:07:10] [INFO] [BiharFloodAuto] [+] Overwriting: 07092026.zip -> server...
[2026-09-27 05:07:10] [INFO] [BiharFloodAuto] [+] Overwriting: 31082026.zip -> server...
[2026-09-27 05:07:10] [INFO] [BiharFloodAuto] [+] Overwriting: 29082026.zip -> server...
[2026-09-27 05:07:10] [INFO] [BiharFloodAuto] [+] Overwriting: 22092026.zip -> server...
[2026-09-27 05:07:10] [INFO] [BiharFloodAuto] [+] Overwriting: 08092026.zip -> server...
[2026-09-27 05:07:11] [INFO] [BiharFloodAuto] [+] Overwriting: 13092026.zip -> server...
[2026-09-27 05:07:11] [INFO] [BiharFloodAuto] [+] Overwriting: 10092026.zip -> server...
[2026-09-27 05:07:11] [INFO] [BiharFloodAuto] [+] Overwriting: 03092026.zip -> server...
[2026-09-27 05:07:11] [INFO] [BiharFloodAuto] [+] Overwriting: 01092026.zip -> server...
[2026-09-27 05:07:11] [INFO] [BiharFloodAuto] [+] Overwriting: 17092026.zip -> server...
[2026-09-27 05:07:11] [INFO] [BiharFloodAuto] [+] Overwriting: 30082026.zip -> server...
[2026-09-27 05:07:11] [INFO] [BiharFloodAuto] [+] Overwriting: 06092026.zip -> server...
[2026-09-27 05:07:12] [INFO] [BiharFloodAuto] [+] Overwriting: 16092026.zip -> server...
[2026-09-27 05:07:12] [INFO] [BiharFloodAuto] [+] Overwriting: 05092026.zip -> server...
[2026-09-27 05:07:12] [INFO] [BiharFloodAuto] [+] Overwriting: 24092026.zip -> server...
[2026-09-27 05:07:12] [INFO] [BiharFloodAuto] [+] Overwriting: 18092026.zip -> server...
[2026-09-27 05:07:12] [INFO] [BiharFloodAuto] [+] Overwriting: 26092026.zip -> server...
[2026-09-27 05:07:12] [INFO] [BiharFloodAuto] [+] Overwriting: 11092026.zip -> server...
[2026-09-27 05:07:12] [INFO] [BiharFloodAuto] [+] Overwriting: 02092026.zip -> server...
[2026-09-27 05:07:12] [INFO] [BiharFloodAuto] [+] Overwriting: 04092026.zip -> server...
[2026-09-27 05:07:13] [INFO] [BiharFloodAuto] [+] Successfully copied 25 file(s).
[2026-09-27 05:07:13] [INFO] [paramiko.transport.sftp] [chan 0] sftp session closed.
[2026-09-27 05:07:15] [INFO] [BiharFloodAuto] Successfully pushed automation.log to Git.
[2026-09-27 05:07:15] [INFO] [BiharFloodAuto] Sleeping for 15 minutes. Next check at 05:22:15...
[2026-09-27 05:22:15] [INFO] [BiharFloodAuto] Executing 'git pull' to check for updates...
[2026-09-27 05:22:16] [INFO] [BiharFloodAuto] Repository is already up to date.
[2026-09-27 05:22:16] [INFO] [BiharFloodAuto] Searching Gmail for UNREAD emails with 'Inundation Probability'...
[2026-09-27 05:22:16] [INFO] [BiharFloodAuto] No new matching emails found in Gmail.
[2026-09-27 05:22:16] [INFO] [paramiko.transport] Connected (version 2.0, client OpenSSH_8.9p1)
[2026-09-27 05:22:17] [INFO] [paramiko.transport] Authentication (password) successful!
[2026-09-27 05:22:17] [INFO] [paramiko.transport.sftp] [chan 0] Opened sftp connection (server version 3)
[2026-09-27 05:22:17] [INFO] [BiharFloodAuto] [+] Overwriting: 23092026.zip -> server...
[2026-09-27 05:22:17] [INFO] [BiharFloodAuto] [+] Overwriting: 25092026.zip -> server...
[2026-09-27 05:22:17] [INFO] [BiharFloodAuto] [+] Overwriting: 12092026.zip -> server...
[2026-09-27 05:22:17] [INFO] [BiharFloodAuto] [+] Overwriting: 14092026.zip -> server...
[2026-09-27 05:22:17] [INFO] [BiharFloodAuto] [+] Overwriting: 09092026.zip -> server...
[2026-09-27 05:22:17] [INFO] [BiharFloodAuto] [+] Overwriting: 07092026.zip -> server...
[2026-09-27 05:22:18] [INFO] [BiharFloodAuto] [+] Overwriting: 31082026.zip -> server...
[2026-09-27 05:22:18] [INFO] [BiharFloodAuto] [+] Overwriting: 29082026.zip -> server...
[2026-09-27 05:22:18] [INFO] [BiharFloodAuto] [+] Overwriting: 22092026.zip -> server...
[2026-09-27 05:22:18] [INFO] [BiharFloodAuto] [+] Overwriting: 08092026.zip -> server...
[2026-09-27 05:22:19] [INFO] [BiharFloodAuto] [+] Overwriting: 13092026.zip -> server...
[2026-09-27 05:22:19] [INFO] [BiharFloodAuto] [+] Overwriting: 10092026.zip -> server...
[2026-09-27 05:22:19] [INFO] [BiharFloodAuto] [+] Overwriting: 03092026.zip -> server...
[2026-09-27 05:22:20] [INFO] [BiharFloodAuto] [+] Overwriting: 01092026.zip -> server...
[2026-09-27 05:22:20] [INFO] [BiharFloodAuto] [+] Overwriting: 17092026.zip -> server...
[2026-09-27 05:22:20] [INFO] [BiharFloodAuto] [+] Overwriting: 30082026.zip -> server...
[2026-09-27 05:22:20] [INFO] [BiharFloodAuto] [+] Overwriting: 06092026.zip -> server...
[2026-09-27 05:22:21] [INFO] [BiharFloodAuto] [+] Overwriting: 16092026.zip -> server...
[2026-09-27 05:22:21] [INFO] [BiharFloodAuto] [+] Overwriting: 05092026.zip -> server...
[2026-09-27 05:22:21] [INFO] [BiharFloodAuto] [+] Overwriting: 24092026.zip -> server...
[2026-09-27 05:22:22] [INFO] [BiharFloodAuto] [+] Overwriting: 18092026.zip -> server...
[2026-09-27 05:22:22] [INFO] [BiharFloodAuto] [+] Overwriting: 26092026.zip -> server...
[2026-09-27 05:22:22] [INFO] [BiharFloodAuto] [+] Overwriting: 11092026.zip -> server...
[2026-09-27 05:22:23] [INFO] [BiharFloodAuto] [+] Overwriting: 02092026.zip -> server...
[2026-09-27 05:22:23] [INFO] [BiharFloodAuto] [+] Overwriting: 04092026.zip -> server...
[2026-09-27 05:22:23] [INFO] [BiharFloodAuto] [+] Successfully copied 25 file(s).
[2026-09-27 05:22:23] [INFO] [paramiko.transport.sftp] [chan 0] sftp session closed.
[2026-09-27 05:22:26] [INFO] [BiharFloodAuto] Successfully pushed automation.log to Git.
[2026-09-27 05:22:26] [INFO] [BiharFloodAuto] Sleeping for 15 minutes. Next check at 05:37:26...
[2026-09-27 05:37:26] [INFO] [BiharFloodAuto] Executing 'git pull' to check for updates...
[2026-09-27 05:37:27] [INFO] [BiharFloodAuto] Repository is already up to date.
[2026-09-27 05:37:27] [INFO] [BiharFloodAuto] Searching Gmail for UNREAD emails with 'Inundation Probability'...
[2026-09-27 05:37:28] [INFO] [BiharFloodAuto] No new matching emails found in Gmail.
[2026-09-27 05:37:28] [INFO] [paramiko.transport] Connected (version 2.0, client OpenSSH_8.9p1)
[2026-09-27 05:37:28] [INFO] [paramiko.transport] Authentication (password) successful!
[2026-09-27 05:37:28] [INFO] [paramiko.transport.sftp] [chan 0] Opened sftp connection (server version 3)
[2026-09-27 05:37:28] [INFO] [BiharFloodAuto] [+] Overwriting: 23092026.zip -> server...
[2026-09-27 05:37:28] [INFO] [BiharFloodAuto] [+] Overwriting: 25092026.zip -> server...
[2026-09-27 05:37:28] [INFO] [BiharFloodAuto] [+] Overwriting: 12092026.zip -> server...
[2026-09-27 05:37:29] [INFO] [BiharFloodAuto] [+] Overwriting: 14092026.zip -> server...
[2026-09-27 05:37:29] [INFO] [BiharFloodAuto] [+] Overwriting: 09092026.zip -> server...
[2026-09-27 05:37:29] [INFO] [BiharFloodAuto] [+] Overwriting: 07092026.zip -> server...
[2026-09-27 05:37:29] [INFO] [BiharFloodAuto] [+] Overwriting: 31082026.zip -> server...
[2026-09-27 05:37:29] [INFO] [BiharFloodAuto] [+] Overwriting: 29082026.zip -> server...
[2026-09-27 05:37:29] [INFO] [BiharFloodAuto] [+] Overwriting: 22092026.zip -> server...
[2026-09-27 05:37:29] [INFO] [BiharFloodAuto] [+] Overwriting: 08092026.zip -> server...
[2026-09-27 05:37:29] [INFO] [BiharFloodAuto] [+] Overwriting: 13092026.zip -> server...
[2026-09-27 05:37:29] [INFO] [BiharFloodAuto] [+] Overwriting: 10092026.zip -> server...
[2026-09-27 05:37:30] [INFO] [BiharFloodAuto] [+] Overwriting: 03092026.zip -> server...
[2026-09-27 05:37:30] [INFO] [BiharFloodAuto] [+] Overwriting: 01092026.zip -> server...
[2026-09-27 05:37:30] [INFO] [BiharFloodAuto] [+] Overwriting: 17092026.zip -> server...
[2026-09-27 05:37:30] [INFO] [BiharFloodAuto] [+] Overwriting: 30082026.zip -> server...
[2026-09-27 05:37:30] [INFO] [BiharFloodAuto] [+] Overwriting: 06092026.zip -> server...
[2026-09-27 05:37:30] [INFO] [BiharFloodAuto] [+] Overwriting: 16092026.zip -> server...
[2026-09-27 05:37:30] [INFO] [BiharFloodAuto] [+] Overwriting: 05092026.zip -> server...
[2026-09-27 05:37:30] [INFO] [BiharFloodAuto] [+] Overwriting: 24092026.zip -> server...
[2026-09-27 05:37:31] [INFO] [BiharFloodAuto] [+] Overwriting: 18092026.zip -> server...
[2026-09-27 05:37:31] [INFO] [BiharFloodAuto] [+] Overwriting: 26092026.zip -> server...
[2026-09-27 05:37:31] [INFO] [BiharFloodAuto] [+] Overwriting: 11092026.zip -> server...
[2026-09-27 05:37:31] [INFO] [BiharFloodAuto] [+] Overwriting: 02092026.zip -> server...
[2026-09-27 05:37:31] [INFO] [BiharFloodAuto] [+] Overwriting: 04092026.zip -> server...
[2026-09-27 05:37:31] [INFO] [BiharFloodAuto] [+] Successfully copied 25 file(s).
[2026-09-27 05:37:31] [INFO] [paramiko.transport.sftp] [chan 0] sftp session closed.
[2026-09-27 05:37:33] [INFO] [BiharFloodAuto] Successfully pushed automation.log to Git.
[2026-09-27 05:37:33] [INFO] [BiharFloodAuto] Sleeping for 15 minutes. Next check at 05:52:33...
[2026-09-27 05:52:33] [INFO] [BiharFloodAuto] Executing 'git pull' to check for updates...
[2026-09-27 05:52:34] [INFO] [BiharFloodAuto] Repository is already up to date.
[2026-09-27 05:52:34] [INFO] [BiharFloodAuto] Searching Gmail for UNREAD emails with 'Inundation Probability'...
[2026-09-27 05:52:35] [INFO] [BiharFloodAuto] No new matching emails found in Gmail.
[2026-09-27 05:52:35] [INFO] [paramiko.transport] Connected (version 2.0, client OpenSSH_8.9p1)
[2026-09-27 05:52:36] [INFO] [paramiko.transport] Authentication (password) successful!
[2026-09-27 05:52:36] [INFO] [paramiko.transport.sftp] [chan 0] Opened sftp connection (server version 3)
[2026-09-27 05:52:36] [INFO] [BiharFloodAuto] [+] Overwriting: 23092026.zip -> server...
[2026-09-27 05:52:36] [INFO] [BiharFloodAuto] [+] Overwriting: 25092026.zip -> server...
[2026-09-27 05:52:36] [INFO] [BiharFloodAuto] [+] Overwriting: 12092026.zip -> server...
[2026-09-27 05:52:37] [INFO] [BiharFloodAuto] [+] Overwriting: 14092026.zip -> server...
[2026-09-27 05:52:37] [INFO] [BiharFloodAuto] [+] Overwriting: 09092026.zip -> server...
[2026-09-27 05:52:37] [INFO] [BiharFloodAuto] [+] Overwriting: 07092026.zip -> server...
[2026-09-27 05:52:38] [INFO] [BiharFloodAuto] [+] Overwriting: 31082026.zip -> server...
[2026-09-27 05:52:38] [INFO] [BiharFloodAuto] [+] Overwriting: 29082026.zip -> server...
[2026-09-27 05:52:38] [INFO] [BiharFloodAuto] [+] Overwriting: 22092026.zip -> server...
[2026-09-27 05:52:38] [INFO] [BiharFloodAuto] [+] Overwriting: 08092026.zip -> server...
[2026-09-27 05:52:39] [INFO] [BiharFloodAuto] [+] Overwriting: 13092026.zip -> server...
[2026-09-27 05:52:39] [INFO] [BiharFloodAuto] [+] Overwriting: 10092026.zip -> server...
[2026-09-27 05:52:40] [INFO] [BiharFloodAuto] [+] Overwriting: 03092026.zip -> server...
[2026-09-27 05:52:40] [INFO] [BiharFloodAuto] [+] Overwriting: 01092026.zip -> server...
[2026-09-27 05:52:40] [INFO] [BiharFloodAuto] [+] Overwriting: 17092026.zip -> server...
[2026-09-27 05:52:41] [INFO] [BiharFloodAuto] [+] Overwriting: 30082026.zip -> server...
[2026-09-27 05:52:41] [INFO] [BiharFloodAuto] [+] Overwriting: 06092026.zip -> server...
[2026-09-27 05:52:41] [INFO] [BiharFloodAuto] [+] Overwriting: 16092026.zip -> server...
[2026-09-27 05:52:41] [INFO] [BiharFloodAuto] [+] Overwriting: 05092026.zip -> server...
[2026-09-27 05:52:42] [INFO] [BiharFloodAuto] [+] Overwriting: 24092026.zip -> server...
[2026-09-27 05:52:42] [INFO] [BiharFloodAuto] [+] Overwriting: 18092026.zip -> server...
[2026-09-27 05:52:42] [INFO] [BiharFloodAuto] [+] Overwriting: 26092026.zip -> server...
[2026-09-27 05:52:43] [INFO] [BiharFloodAuto] [+] Overwriting: 11092026.zip -> server...
[2026-09-27 05:52:43] [INFO] [BiharFloodAuto] [+] Overwriting: 02092026.zip -> server...
[2026-09-27 05:52:43] [INFO] [BiharFloodAuto] [+] Overwriting: 04092026.zip -> server...
[2026-09-27 05:52:43] [INFO] [BiharFloodAuto] [+] Successfully copied 25 file(s).
[2026-09-27 05:52:43] [INFO] [paramiko.transport.sftp] [chan 0] sftp session closed.
[2026-09-27 05:52:46] [INFO] [BiharFloodAuto] Successfully pushed automation.log to Git.
[2026-09-27 05:52:46] [INFO] [BiharFloodAuto] Sleeping for 15 minutes. Next check at 06:07:46...
[2026-09-27 06:07:46] [INFO] [BiharFloodAuto] Executing 'git pull' to check for updates...
[2026-09-27 06:07:47] [INFO] [BiharFloodAuto] Repository is already up to date.
[2026-09-27 06:07:47] [INFO] [BiharFloodAuto] Searching Gmail for UNREAD emails with 'Inundation Probability'...
[2026-09-27 06:07:48] [INFO] [BiharFloodAuto] No new matching emails found in Gmail.
[2026-09-27 06:07:48] [INFO] [paramiko.transport] Connected (version 2.0, client OpenSSH_8.9p1)
[2026-09-27 06:07:49] [INFO] [paramiko.transport] Authentication (password) successful!
[2026-09-27 06:07:49] [INFO] [paramiko.transport.sftp] [chan 0] Opened sftp connection (server version 3)
[2026-09-27 06:07:49] [INFO] [BiharFloodAuto] [+] Overwriting: 23092026.zip -> server...
[2026-09-27 06:07:49] [INFO] [BiharFloodAuto] [+] Overwriting: 25092026.zip -> server...
[2026-09-27 06:07:49] [INFO] [BiharFloodAuto] [+] Overwriting: 12092026.zip -> server...
[2026-09-27 06:07:50] [INFO] [BiharFloodAuto] [+] Overwriting: 14092026.zip -> server...
[2026-09-27 06:07:50] [INFO] [BiharFloodAuto] [+] Overwriting: 09092026.zip -> server...
[2026-09-27 06:07:50] [INFO] [BiharFloodAuto] [+] Overwriting: 07092026.zip -> server...
[2026-09-27 06:07:51] [INFO] [BiharFloodAuto] [+] Overwriting: 31082026.zip -> server...
[2026-09-27 06:07:51] [INFO] [BiharFloodAuto] [+] Overwriting: 29082026.zip -> server...
[2026-09-27 06:07:51] [INFO] [BiharFloodAuto] [+] Overwriting: 22092026.zip -> server...
[2026-09-27 06:07:51] [INFO] [BiharFloodAuto] [+] Overwriting: 08092026.zip -> server...
[2026-09-27 06:07:52] [INFO] [BiharFloodAuto] [+] Overwriting: 13092026.zip -> server...
[2026-09-27 06:07:52] [INFO] [BiharFloodAuto] [+] Overwriting: 10092026.zip -> server...
[2026-09-27 06:07:52] [INFO] [BiharFloodAuto] [+] Overwriting: 03092026.zip -> server...
[2026-09-27 06:07:52] [INFO] [BiharFloodAuto] [+] Overwriting: 01092026.zip -> server...
[2026-09-27 06:07:52] [INFO] [BiharFloodAuto] [+] Overwriting: 17092026.zip -> server...
[2026-09-27 06:07:52] [INFO] [BiharFloodAuto] [+] Overwriting: 30082026.zip -> server...
[2026-09-27 06:07:52] [INFO] [BiharFloodAuto] [+] Overwriting: 06092026.zip -> server...
[2026-09-27 06:07:53] [INFO] [BiharFloodAuto] [+] Overwriting: 16092026.zip -> server...
[2026-09-27 06:07:53] [INFO] [BiharFloodAuto] [+] Overwriting: 05092026.zip -> server...
[2026-09-27 06:07:53] [INFO] [BiharFloodAuto] [+] Overwriting: 24092026.zip -> server...
[2026-09-27 06:07:53] [INFO] [BiharFloodAuto] [+] Overwriting: 18092026.zip -> server...
[2026-09-27 06:07:53] [INFO] [BiharFloodAuto] [+] Overwriting: 26092026.zip -> server...
[2026-09-27 06:07:53] [INFO] [BiharFloodAuto] [+] Overwriting: 11092026.zip -> server...
[2026-09-27 06:07:53] [INFO] [BiharFloodAuto] [+] Overwriting: 02092026.zip -> server...
[2026-09-27 06:07:53] [INFO] [BiharFloodAuto] [+] Overwriting: 04092026.zip -> server...
[2026-09-27 06:07:54] [INFO] [BiharFloodAuto] [+] Successfully copied 25 file(s).
[2026-09-27 06:07:54] [INFO] [paramiko.transport.sftp] [chan 0] sftp session closed.
[2026-09-27 06:07:56] [INFO] [BiharFloodAuto] Successfully pushed automation.log to Git.
[2026-09-27 06:07:56] [INFO] [BiharFloodAuto] Sleeping for 15 minutes. Next check at 06:22:56...
[2026-09-27 06:22:56] [INFO] [BiharFloodAuto] Executing 'git pull' to check for updates...
[2026-09-27 06:22:57] [INFO] [BiharFloodAuto] Repository is already up to date.
[2026-09-27 06:22:57] [INFO] [BiharFloodAuto] Searching Gmail for UNREAD emails with 'Inundation Probability'...
[2026-09-27 06:22:57] [INFO] [BiharFloodAuto] No new matching emails found in Gmail.
[2026-09-27 06:22:57] [INFO] [paramiko.transport] Connected (version 2.0, client OpenSSH_8.9p1)
[2026-09-27 06:22:58] [INFO] [paramiko.transport] Authentication (password) successful!
[2026-09-27 06:22:58] [INFO] [paramiko.transport.sftp] [chan 0] Opened sftp connection (server version 3)
[2026-09-27 06:22:58] [INFO] [BiharFloodAuto] [+] Overwriting: 23092026.zip -> server...
[2026-09-27 06:22:58] [INFO] [BiharFloodAuto] [+] Overwriting: 25092026.zip -> server...
[2026-09-27 06:22:58] [INFO] [BiharFloodAuto] [+] Overwriting: 12092026.zip -> server...
[2026-09-27 06:22:59] [INFO] [BiharFloodAuto] [+] Overwriting: 14092026.zip -> server...
[2026-09-27 06:22:59] [INFO] [BiharFloodAuto] [+] Overwriting: 09092026.zip -> server...
[2026-09-27 06:22:59] [INFO] [BiharFloodAuto] [+] Overwriting: 07092026.zip -> server...
[2026-09-27 06:22:59] [INFO] [BiharFloodAuto] [+] Overwriting: 31082026.zip -> server...
[2026-09-27 06:23:00] [INFO] [BiharFloodAuto] [+] Overwriting: 29082026.zip -> server...
[2026-09-27 06:23:00] [INFO] [BiharFloodAuto] [+] Overwriting: 22092026.zip -> server...
[2026-09-27 06:23:00] [INFO] [BiharFloodAuto] [+] Overwriting: 08092026.zip -> server...
[2026-09-27 06:23:00] [INFO] [BiharFloodAuto] [+] Overwriting: 13092026.zip -> server...
[2026-09-27 06:23:01] [INFO] [BiharFloodAuto] [+] Overwriting: 10092026.zip -> server...
[2026-09-27 06:23:01] [INFO] [BiharFloodAuto] [+] Overwriting: 03092026.zip -> server...
[2026-09-27 06:23:01] [INFO] [BiharFloodAuto] [+] Overwriting: 01092026.zip -> server...
[2026-09-27 06:23:01] [INFO] [BiharFloodAuto] [+] Overwriting: 17092026.zip -> server...
[2026-09-27 06:23:02] [INFO] [BiharFloodAuto] [+] Overwriting: 30082026.zip -> server...
[2026-09-27 06:23:02] [INFO] [BiharFloodAuto] [+] Overwriting: 06092026.zip -> server...
[2026-09-27 06:23:02] [INFO] [BiharFloodAuto] [+] Overwriting: 16092026.zip -> server...
[2026-09-27 06:23:02] [INFO] [BiharFloodAuto] [+] Overwriting: 05092026.zip -> server...
[2026-09-27 06:23:03] [INFO] [BiharFloodAuto] [+] Overwriting: 24092026.zip -> server...
[2026-09-27 06:23:03] [INFO] [BiharFloodAuto] [+] Overwriting: 18092026.zip -> server...
[2026-09-27 06:23:03] [INFO] [BiharFloodAuto] [+] Overwriting: 26092026.zip -> server...
[2026-09-27 06:23:03] [INFO] [BiharFloodAuto] [+] Overwriting: 11092026.zip -> server...
[2026-09-27 06:23:04] [INFO] [BiharFloodAuto] [+] Overwriting: 02092026.zip -> server...
[2026-09-27 06:23:04] [INFO] [BiharFloodAuto] [+] Overwriting: 04092026.zip -> server...
[2026-09-27 06:23:04] [INFO] [BiharFloodAuto] [+] Successfully copied 25 file(s).
[2026-09-27 06:23:04] [INFO] [paramiko.transport.sftp] [chan 0] sftp session closed.
[2026-09-27 06:23:07] [INFO] [BiharFloodAuto] Successfully pushed automation.log to Git.
[2026-09-27 06:23:07] [INFO] [BiharFloodAuto] Sleeping for 15 minutes. Next check at 06:38:07...
[2026-09-27 06:38:07] [INFO] [BiharFloodAuto] Executing 'git pull' to check for updates...
[2026-09-27 06:38:07] [INFO] [BiharFloodAuto] Repository is already up to date.
[2026-09-27 06:38:07] [INFO] [BiharFloodAuto] Searching Gmail for UNREAD emails with 'Inundation Probability'...
[2026-09-27 06:38:08] [INFO] [BiharFloodAuto] No new matching emails found in Gmail.
[2026-09-27 06:38:08] [INFO] [paramiko.transport] Connected (version 2.0, client OpenSSH_8.9p1)
[2026-09-27 06:38:08] [INFO] [paramiko.transport] Authentication (password) successful!
[2026-09-27 06:38:09] [INFO] [paramiko.transport.sftp] [chan 0] Opened sftp connection (server version 3)
[2026-09-27 06:38:09] [INFO] [BiharFloodAuto] [+] Overwriting: 23092026.zip -> server...
[2026-09-27 06:38:09] [INFO] [BiharFloodAuto] [+] Overwriting: 25092026.zip -> server...
[2026-09-27 06:38:09] [INFO] [BiharFloodAuto] [+] Overwriting: 12092026.zip -> server...
[2026-09-27 06:38:09] [INFO] [BiharFloodAuto] [+] Overwriting: 14092026.zip -> server...
[2026-09-27 06:38:10] [INFO] [BiharFloodAuto] [+] Overwriting: 09092026.zip -> server...
[2026-09-27 06:38:10] [INFO] [BiharFloodAuto] [+] Overwriting: 07092026.zip -> server...
[2026-09-27 06:38:10] [INFO] [BiharFloodAuto] [+] Overwriting: 31082026.zip -> server...
[2026-09-27 06:38:11] [INFO] [BiharFloodAuto] [+] Overwriting: 29082026.zip -> server...
[2026-09-27 06:38:11] [INFO] [BiharFloodAuto] [+] Overwriting: 22092026.zip -> server...
[2026-09-27 06:38:11] [INFO] [BiharFloodAuto] [+] Overwriting: 08092026.zip -> server...
[2026-09-27 06:38:11] [INFO] [BiharFloodAuto] [+] Overwriting: 13092026.zip -> server...
[2026-09-27 06:38:12] [INFO] [BiharFloodAuto] [+] Overwriting: 10092026.zip -> server...
[2026-09-27 06:38:12] [INFO] [BiharFloodAuto] [+] Overwriting: 03092026.zip -> server...
[2026-09-27 06:38:12] [INFO] [BiharFloodAuto] [+] Overwriting: 01092026.zip -> server...
[2026-09-27 06:38:13] [INFO] [BiharFloodAuto] [+] Overwriting: 17092026.zip -> server...
[2026-09-27 06:38:13] [INFO] [BiharFloodAuto] [+] Overwriting: 30082026.zip -> server...
[2026-09-27 06:38:13] [INFO] [BiharFloodAuto] [+] Overwriting: 06092026.zip -> server...
[2026-09-27 06:38:13] [INFO] [BiharFloodAuto] [+] Overwriting: 16092026.zip -> server...
[2026-09-27 06:38:14] [INFO] [BiharFloodAuto] [+] Overwriting: 05092026.zip -> server...
[2026-09-27 06:38:14] [INFO] [BiharFloodAuto] [+] Overwriting: 24092026.zip -> server...
[2026-09-27 06:38:14] [INFO] [BiharFloodAuto] [+] Overwriting: 18092026.zip -> server...
[2026-09-27 06:38:14] [INFO] [BiharFloodAuto] [+] Overwriting: 26092026.zip -> server...
[2026-09-27 06:38:15] [INFO] [BiharFloodAuto] [+] Overwriting: 11092026.zip -> server...
[2026-09-27 06:38:15] [INFO] [BiharFloodAuto] [+] Overwriting: 02092026.zip -> server...
[2026-09-27 06:38:15] [INFO] [BiharFloodAuto] [+] Overwriting: 04092026.zip -> server...
[2026-09-27 06:38:16] [INFO] [BiharFloodAuto] [+] Successfully copied 25 file(s).
[2026-09-27 06:38:16] [INFO] [paramiko.transport.sftp] [chan 0] sftp session closed.
[2026-09-27 06:38:18] [INFO] [BiharFloodAuto] Successfully pushed automation.log to Git.
[2026-09-27 06:38:18] [INFO] [BiharFloodAuto] Sleeping for 15 minutes. Next check at 06:53:18...
[2026-09-27 06:53:18] [INFO] [BiharFloodAuto] Executing 'git pull' to check for updates...
[2026-09-27 06:53:19] [INFO] [BiharFloodAuto] Repository is already up to date.
[2026-09-27 06:53:19] [INFO] [BiharFloodAuto] Searching Gmail for UNREAD emails with 'Inundation Probability'...
[2026-09-27 06:53:20] [INFO] [BiharFloodAuto] No new matching emails found in Gmail.
[2026-09-27 06:53:20] [INFO] [paramiko.transport] Connected (version 2.0, client OpenSSH_8.9p1)
[2026-09-27 06:53:20] [INFO] [paramiko.transport] Authentication (password) successful!
[2026-09-27 06:53:20] [INFO] [paramiko.transport.sftp] [chan 0] Opened sftp connection (server version 3)
[2026-09-27 06:53:20] [INFO] [BiharFloodAuto] [+] Overwriting: 23092026.zip -> server...
[2026-09-27 06:53:20] [INFO] [BiharFloodAuto] [+] Overwriting: 25092026.zip -> server...
[2026-09-27 06:53:21] [INFO] [BiharFloodAuto] [+] Overwriting: 12092026.zip -> server...
[2026-09-27 06:53:21] [INFO] [BiharFloodAuto] [+] Overwriting: 14092026.zip -> server...
[2026-09-27 06:53:21] [INFO] [BiharFloodAuto] [+] Overwriting: 09092026.zip -> server...
[2026-09-27 06:53:21] [INFO] [BiharFloodAuto] [+] Overwriting: 07092026.zip -> server...
[2026-09-27 06:53:22] [INFO] [BiharFloodAuto] [+] Overwriting: 31082026.zip -> server...
[2026-09-27 06:53:22] [INFO] [BiharFloodAuto] [+] Overwriting: 29082026.zip -> server...
[2026-09-27 06:53:22] [INFO] [BiharFloodAuto] [+] Overwriting: 22092026.zip -> server...
[2026-09-27 06:53:23] [INFO] [BiharFloodAuto] [+] Overwriting: 08092026.zip -> server...
[2026-09-27 06:53:23] [INFO] [BiharFloodAuto] [+] Overwriting: 13092026.zip -> server...
[2026-09-27 06:53:23] [INFO] [BiharFloodAuto] [+] Overwriting: 10092026.zip -> server...
[2026-09-27 06:53:23] [INFO] [BiharFloodAuto] [+] Overwriting: 03092026.zip -> server...
[2026-09-27 06:53:24] [INFO] [BiharFloodAuto] [+] Overwriting: 01092026.zip -> server...
[2026-09-27 06:53:24] [INFO] [BiharFloodAuto] [+] Overwriting: 17092026.zip -> server...
[2026-09-27 06:53:24] [INFO] [BiharFloodAuto] [+] Overwriting: 30082026.zip -> server...
[2026-09-27 06:53:25] [INFO] [BiharFloodAuto] [+] Overwriting: 06092026.zip -> server...
[2026-09-27 06:53:25] [INFO] [BiharFloodAuto] [+] Overwriting: 16092026.zip -> server...
[2026-09-27 06:53:25] [INFO] [BiharFloodAuto] [+] Overwriting: 05092026.zip -> server...
[2026-09-27 06:53:26] [INFO] [BiharFloodAuto] [+] Overwriting: 24092026.zip -> server...
[2026-09-27 06:53:26] [INFO] [BiharFloodAuto] [+] Overwriting: 18092026.zip -> server...
[2026-09-27 06:53:26] [INFO] [BiharFloodAuto] [+] Overwriting: 26092026.zip -> server...
[2026-09-27 06:53:26] [INFO] [BiharFloodAuto] [+] Overwriting: 11092026.zip -> server...
[2026-09-27 06:53:27] [INFO] [BiharFloodAuto] [+] Overwriting: 02092026.zip -> server...
[2026-09-27 06:53:27] [INFO] [BiharFloodAuto] [+] Overwriting: 04092026.zip -> server...
[2026-09-27 06:53:27] [INFO] [BiharFloodAuto] [+] Successfully copied 25 file(s).
[2026-09-27 06:53:27] [INFO] [paramiko.transport.sftp] [chan 0] sftp session closed.
[2026-09-27 06:53:30] [INFO] [BiharFloodAuto] Successfully pushed automation.log to Git.
[2026-09-27 06:53:30] [INFO] [BiharFloodAuto] Sleeping for 15 minutes. Next check at 07:08:30...
[2026-09-27 07:08:30] [INFO] [BiharFloodAuto] Executing 'git pull' to check for updates...
[2026-09-27 07:08:31] [INFO] [BiharFloodAuto] Repository is already up to date.
[2026-09-27 07:08:31] [INFO] [BiharFloodAuto] Searching Gmail for UNREAD emails with 'Inundation Probability'...
[2026-09-27 07:08:32] [INFO] [BiharFloodAuto] No new matching emails found in Gmail.
[2026-09-27 07:08:32] [INFO] [paramiko.transport] Connected (version 2.0, client OpenSSH_8.9p1)
[2026-09-27 07:08:33] [INFO] [paramiko.transport] Authentication (password) successful!
[2026-09-27 07:08:33] [INFO] [paramiko.transport.sftp] [chan 0] Opened sftp connection (server version 3)
[2026-09-27 07:08:33] [INFO] [BiharFloodAuto] [+] Overwriting: 23092026.zip -> server...
[2026-09-27 07:08:33] [INFO] [BiharFloodAuto] [+] Overwriting: 25092026.zip -> server...
[2026-09-27 07:08:33] [INFO] [BiharFloodAuto] [+] Overwriting: 12092026.zip -> server...
[2026-09-27 07:08:34] [INFO] [BiharFloodAuto] [+] Overwriting: 14092026.zip -> server...
[2026-09-27 07:08:34] [INFO] [BiharFloodAuto] [+] Overwriting: 09092026.zip -> server...
[2026-09-27 07:08:34] [INFO] [BiharFloodAuto] [+] Overwriting: 07092026.zip -> server...
[2026-09-27 07:08:34] [INFO] [BiharFloodAuto] [+] Overwriting: 31082026.zip -> server...
[2026-09-27 07:08:35] [INFO] [BiharFloodAuto] [+] Overwriting: 29082026.zip -> server...
[2026-09-27 07:08:35] [INFO] [BiharFloodAuto] [+] Overwriting: 22092026.zip -> server...
[2026-09-27 07:08:35] [INFO] [BiharFloodAuto] [+] Overwriting: 08092026.zip -> server...
[2026-09-27 07:08:36] [INFO] [BiharFloodAuto] [+] Overwriting: 13092026.zip -> server...
[2026-09-27 07:08:36] [INFO] [BiharFloodAuto] [+] Overwriting: 10092026.zip -> server...
[2026-09-27 07:08:36] [INFO] [BiharFloodAuto] [+] Overwriting: 03092026.zip -> server...
[2026-09-27 07:08:36] [INFO] [BiharFloodAuto] [+] Overwriting: 01092026.zip -> server...
[2026-09-27 07:08:37] [INFO] [BiharFloodAuto] [+] Overwriting: 17092026.zip -> server...
[2026-09-27 07:08:37] [INFO] [BiharFloodAuto] [+] Overwriting: 30082026.zip -> server...
[2026-09-27 07:08:37] [INFO] [BiharFloodAuto] [+] Overwriting: 06092026.zip -> server...
[2026-09-27 07:08:37] [INFO] [BiharFloodAuto] [+] Overwriting: 16092026.zip -> server...
[2026-09-27 07:08:38] [INFO] [BiharFloodAuto] [+] Overwriting: 05092026.zip -> server...
[2026-09-27 07:08:38] [INFO] [BiharFloodAuto] [+] Overwriting: 24092026.zip -> server...
[2026-09-27 07:08:38] [INFO] [BiharFloodAuto] [+] Overwriting: 18092026.zip -> server...
[2026-09-27 07:08:38] [INFO] [BiharFloodAuto] [+] Overwriting: 26092026.zip -> server...
[2026-09-27 07:08:38] [INFO] [BiharFloodAuto] [+] Overwriting: 11092026.zip -> server...
[2026-09-27 07:08:39] [INFO] [BiharFloodAuto] [+] Overwriting: 02092026.zip -> server...
[2026-09-27 07:08:39] [INFO] [BiharFloodAuto] [+] Overwriting: 04092026.zip -> server...
[2026-09-27 07:08:39] [INFO] [BiharFloodAuto] [+] Successfully copied 25 file(s).
[2026-09-27 07:08:39] [INFO] [paramiko.transport.sftp] [chan 0] sftp session closed.
[2026-09-27 07:08:42] [INFO] [BiharFloodAuto] Successfully pushed automation.log to Git.
[2026-09-27 07:08:42] [INFO] [BiharFloodAuto] Sleeping for 15 minutes. Next check at 07:23:42...
[2026-09-27 07:23:42] [INFO] [BiharFloodAuto] Executing 'git pull' to check for updates...
[2026-09-27 07:23:42] [INFO] [BiharFloodAuto] Repository is already up to date.
[2026-09-27 07:23:43] [INFO] [BiharFloodAuto] Searching Gmail for UNREAD emails with 'Inundation Probability'...
[2026-09-27 07:23:43] [INFO] [BiharFloodAuto] No new matching emails found in Gmail.
[2026-09-27 07:23:43] [INFO] [paramiko.transport] Connected (version 2.0, client OpenSSH_8.9p1)
[2026-09-27 07:23:43] [INFO] [paramiko.transport] Authentication (password) successful!
[2026-09-27 07:23:44] [INFO] [paramiko.transport.sftp] [chan 0] Opened sftp connection (server version 3)
[2026-09-27 07:23:44] [INFO] [BiharFloodAuto] [+] Overwriting: 23092026.zip -> server...
[2026-09-27 07:23:44] [INFO] [BiharFloodAuto] [+] Overwriting: 25092026.zip -> server...
[2026-09-27 07:23:44] [INFO] [BiharFloodAuto] [+] Overwriting: 12092026.zip -> server...
[2026-09-27 07:23:44] [INFO] [BiharFloodAuto] [+] Overwriting: 14092026.zip -> server...
[2026-09-27 07:23:44] [INFO] [BiharFloodAuto] [+] Overwriting: 09092026.zip -> server...
[2026-09-27 07:23:45] [INFO] [BiharFloodAuto] [+] Overwriting: 07092026.zip -> server...
[2026-09-27 07:23:45] [INFO] [BiharFloodAuto] [+] Overwriting: 31082026.zip -> server...
[2026-09-27 07:23:45] [INFO] [BiharFloodAuto] [+] Overwriting: 29082026.zip -> server...
[2026-09-27 07:23:45] [INFO] [BiharFloodAuto] [+] Overwriting: 22092026.zip -> server...
[2026-09-27 07:23:45] [INFO] [BiharFloodAuto] [+] Overwriting: 08092026.zip -> server...
[2026-09-27 07:23:45] [INFO] [BiharFloodAuto] [+] Overwriting: 13092026.zip -> server...
[2026-09-27 07:23:45] [INFO] [BiharFloodAuto] [+] Overwriting: 10092026.zip -> server...
[2026-09-27 07:23:46] [INFO] [BiharFloodAuto] [+] Overwriting: 03092026.zip -> server...
[2026-09-27 07:23:46] [INFO] [BiharFloodAuto] [+] Overwriting: 01092026.zip -> server...
[2026-09-27 07:23:46] [INFO] [BiharFloodAuto] [+] Overwriting: 17092026.zip -> server...
[2026-09-27 07:23:46] [INFO] [BiharFloodAuto] [+] Overwriting: 30082026.zip -> server...
[2026-09-27 07:23:46] [INFO] [BiharFloodAuto] [+] Overwriting: 06092026.zip -> server...
[2026-09-27 07:23:46] [INFO] [BiharFloodAuto] [+] Overwriting: 16092026.zip -> server...
[2026-09-27 07:23:46] [INFO] [BiharFloodAuto] [+] Overwriting: 05092026.zip -> server...
[2026-09-27 07:23:47] [INFO] [BiharFloodAuto] [+] Overwriting: 24092026.zip -> server...
[2026-09-27 07:23:47] [INFO] [BiharFloodAuto] [+] Overwriting: 18092026.zip -> server...
[2026-09-27 07:23:47] [INFO] [BiharFloodAuto] [+] Overwriting: 26092026.zip -> server...
[2026-09-27 07:23:47] [INFO] [BiharFloodAuto] [+] Overwriting: 11092026.zip -> server...
[2026-09-27 07:23:47] [INFO] [BiharFloodAuto] [+] Overwriting: 02092026.zip -> server...
[2026-09-27 07:23:47] [INFO] [BiharFloodAuto] [+] Overwriting: 04092026.zip -> server...
[2026-09-27 07:23:47] [INFO] [BiharFloodAuto] [+] Successfully copied 25 file(s).
[2026-09-27 07:23:47] [INFO] [paramiko.transport.sftp] [chan 0] sftp session closed.
[2026-09-27 07:23:50] [INFO] [BiharFloodAuto] Successfully pushed automation.log to Git.
[2026-09-27 07:23:50] [INFO] [BiharFloodAuto] Sleeping for 15 minutes. Next check at 07:38:50...
[2026-09-27 07:38:50] [INFO] [BiharFloodAuto] Executing 'git pull' to check for updates...
[2026-09-27 07:38:51] [INFO] [BiharFloodAuto] Repository is already up to date.
[2026-09-27 07:38:51] [INFO] [BiharFloodAuto] Searching Gmail for UNREAD emails with 'Inundation Probability'...
[2026-09-27 07:38:51] [INFO] [BiharFloodAuto] No new matching emails found in Gmail.
[2026-09-27 07:38:52] [INFO] [paramiko.transport] Connected (version 2.0, client OpenSSH_8.9p1)
[2026-09-27 07:38:52] [INFO] [paramiko.transport] Authentication (password) successful!
[2026-09-27 07:38:52] [INFO] [paramiko.transport.sftp] [chan 0] Opened sftp connection (server version 3)
[2026-09-27 07:38:52] [INFO] [BiharFloodAuto] [+] Overwriting: 23092026.zip -> server...
[2026-09-27 07:38:52] [INFO] [BiharFloodAuto] [+] Overwriting: 25092026.zip -> server...
[2026-09-27 07:38:52] [INFO] [BiharFloodAuto] [+] Overwriting: 12092026.zip -> server...
[2026-09-27 07:38:53] [INFO] [BiharFloodAuto] [+] Overwriting: 14092026.zip -> server...
[2026-09-27 07:38:53] [INFO] [BiharFloodAuto] [+] Overwriting: 09092026.zip -> server...
[2026-09-27 07:38:53] [INFO] [BiharFloodAuto] [+] Overwriting: 07092026.zip -> server...
[2026-09-27 07:38:53] [INFO] [BiharFloodAuto] [+] Overwriting: 31082026.zip -> server...
[2026-09-27 07:38:54] [INFO] [BiharFloodAuto] [+] Overwriting: 29082026.zip -> server...
[2026-09-27 07:38:54] [INFO] [BiharFloodAuto] [+] Overwriting: 22092026.zip -> server...
[2026-09-27 07:38:54] [INFO] [BiharFloodAuto] [+] Overwriting: 08092026.zip -> server...
[2026-09-27 07:38:54] [INFO] [BiharFloodAuto] [+] Overwriting: 13092026.zip -> server...
[2026-09-27 07:38:55] [INFO] [BiharFloodAuto] [+] Overwriting: 10092026.zip -> server...
[2026-09-27 07:38:55] [INFO] [BiharFloodAuto] [+] Overwriting: 03092026.zip -> server...
[2026-09-27 07:38:55] [INFO] [BiharFloodAuto] [+] Overwriting: 01092026.zip -> server...
[2026-09-27 07:38:56] [INFO] [BiharFloodAuto] [+] Overwriting: 17092026.zip -> server...
[2026-09-27 07:38:56] [INFO] [BiharFloodAuto] [+] Overwriting: 30082026.zip -> server...
[2026-09-27 07:38:56] [INFO] [BiharFloodAuto] [+] Overwriting: 06092026.zip -> server...
[2026-09-27 07:38:56] [INFO] [BiharFloodAuto] [+] Overwriting: 16092026.zip -> server...
[2026-09-27 07:38:57] [INFO] [BiharFloodAuto] [+] Overwriting: 05092026.zip -> server...
[2026-09-27 07:38:57] [INFO] [BiharFloodAuto] [+] Overwriting: 24092026.zip -> server...
[2026-09-27 07:38:57] [INFO] [BiharFloodAuto] [+] Overwriting: 18092026.zip -> server...
[2026-09-27 07:38:57] [INFO] [BiharFloodAuto] [+] Overwriting: 26092026.zip -> server...
[2026-09-27 07:38:58] [INFO] [BiharFloodAuto] [+] Overwriting: 11092026.zip -> server...
[2026-09-27 07:38:58] [INFO] [BiharFloodAuto] [+] Overwriting: 02092026.zip -> server...
[2026-09-27 07:38:58] [INFO] [BiharFloodAuto] [+] Overwriting: 04092026.zip -> server...
[2026-09-27 07:38:58] [INFO] [BiharFloodAuto] [+] Successfully copied 25 file(s).
[2026-09-27 07:38:58] [INFO] [paramiko.transport.sftp] [chan 0] sftp session closed.
[2026-09-27 07:39:01] [INFO] [BiharFloodAuto] Successfully pushed automation.log to Git.
[2026-09-27 07:39:01] [INFO] [BiharFloodAuto] Sleeping for 15 minutes. Next check at 07:54:01...
[2026-09-27 07:54:01] [INFO] [BiharFloodAuto] Executing 'git pull' to check for updates...
[2026-09-27 07:54:02] [INFO] [BiharFloodAuto] Repository is already up to date.
[2026-09-27 07:54:02] [INFO] [BiharFloodAuto] Searching Gmail for UNREAD emails with 'Inundation Probability'...
[2026-09-27 07:54:03] [INFO] [BiharFloodAuto] No new matching emails found in Gmail.
[2026-09-27 07:54:03] [INFO] [paramiko.transport] Connected (version 2.0, client OpenSSH_8.9p1)
[2026-09-27 07:54:03] [INFO] [paramiko.transport] Authentication (password) successful!
[2026-09-27 07:54:03] [INFO] [paramiko.transport.sftp] [chan 0] Opened sftp connection (server version 3)
[2026-09-27 07:54:03] [INFO] [BiharFloodAuto] [+] Overwriting: 23092026.zip -> server...
[2026-09-27 07:54:03] [INFO] [BiharFloodAuto] [+] Overwriting: 25092026.zip -> server...
[2026-09-27 07:54:04] [INFO] [BiharFloodAuto] [+] Overwriting: 12092026.zip -> server...
[2026-09-27 07:54:04] [INFO] [BiharFloodAuto] [+] Overwriting: 14092026.zip -> server...
[2026-09-27 07:54:04] [INFO] [BiharFloodAuto] [+] Overwriting: 09092026.zip -> server...
[2026-09-27 07:54:04] [INFO] [BiharFloodAuto] [+] Overwriting: 07092026.zip -> server...
[2026-09-27 07:54:05] [INFO] [BiharFloodAuto] [+] Overwriting: 31082026.zip -> server...
[2026-09-27 07:54:05] [INFO] [BiharFloodAuto] [+] Overwriting: 29082026.zip -> server...
[2026-09-27 07:54:05] [INFO] [BiharFloodAuto] [+] Overwriting: 22092026.zip -> server...
[2026-09-27 07:54:06] [INFO] [BiharFloodAuto] [+] Overwriting: 08092026.zip -> server...
[2026-09-27 07:54:06] [INFO] [BiharFloodAuto] [+] Overwriting: 13092026.zip -> server...
[2026-09-27 07:54:06] [INFO] [BiharFloodAuto] [+] Overwriting: 10092026.zip -> server...
[2026-09-27 07:54:06] [INFO] [BiharFloodAuto] [+] Overwriting: 03092026.zip -> server...
[2026-09-27 07:54:07] [INFO] [BiharFloodAuto] [+] Overwriting: 01092026.zip -> server...
[2026-09-27 07:54:07] [INFO] [BiharFloodAuto] [+] Overwriting: 17092026.zip -> server...
[2026-09-27 07:54:07] [INFO] [BiharFloodAuto] [+] Overwriting: 30082026.zip -> server...
[2026-09-27 07:54:07] [INFO] [BiharFloodAuto] [+] Overwriting: 06092026.zip -> server...
[2026-09-27 07:54:08] [INFO] [BiharFloodAuto] [+] Overwriting: 16092026.zip -> server...
[2026-09-27 07:54:08] [INFO] [BiharFloodAuto] [+] Overwriting: 05092026.zip -> server...
[2026-09-27 07:54:08] [INFO] [BiharFloodAuto] [+] Overwriting: 24092026.zip -> server...
[2026-09-27 07:54:09] [INFO] [BiharFloodAuto] [+] Overwriting: 18092026.zip -> server...
[2026-09-27 07:54:09] [INFO] [BiharFloodAuto] [+] Overwriting: 26092026.zip -> server...
[2026-09-27 07:54:09] [INFO] [BiharFloodAuto] [+] Overwriting: 11092026.zip -> server...
[2026-09-27 07:54:09] [INFO] [BiharFloodAuto] [+] Overwriting: 02092026.zip -> server...
[2026-09-27 07:54:10] [INFO] [BiharFloodAuto] [+] Overwriting: 04092026.zip -> server...
[2026-09-27 07:54:10] [INFO] [BiharFloodAuto] [+] Successfully copied 25 file(s).
[2026-09-27 07:54:10] [INFO] [paramiko.transport.sftp] [chan 0] sftp session closed.
[2026-09-27 07:54:12] [INFO] [BiharFloodAuto] Successfully pushed automation.log to Git.
[2026-09-27 07:54:12] [INFO] [BiharFloodAuto] Sleeping for 15 minutes. Next check at 08:09:12...
[2026-09-27 08:09:12] [INFO] [BiharFloodAuto] Executing 'git pull' to check for updates...
[2026-09-27 08:09:13] [INFO] [BiharFloodAuto] Repository is already up to date.
[2026-09-27 08:09:13] [INFO] [BiharFloodAuto] Searching Gmail for UNREAD emails with 'Inundation Probability'...
[2026-09-27 08:09:14] [INFO] [BiharFloodAuto] No new matching emails found in Gmail.
[2026-09-27 08:09:14] [INFO] [paramiko.transport] Connected (version 2.0, client OpenSSH_8.9p1)
[2026-09-27 08:09:14] [INFO] [paramiko.transport] Authentication (password) successful!
[2026-09-27 08:09:14] [INFO] [paramiko.transport.sftp] [chan 0] Opened sftp connection (server version 3)
[2026-09-27 08:09:14] [INFO] [BiharFloodAuto] [+] Overwriting: 23092026.zip -> server...
[2026-09-27 08:09:14] [INFO] [BiharFloodAuto] [+] Overwriting: 25092026.zip -> server...
[2026-09-27 08:09:15] [INFO] [BiharFloodAuto] [+] Overwriting: 12092026.zip -> server...
[2026-09-27 08:09:15] [INFO] [BiharFloodAuto] [+] Overwriting: 14092026.zip -> server...
[2026-09-27 08:09:15] [INFO] [BiharFloodAuto] [+] Overwriting: 09092026.zip -> server...
[2026-09-27 08:09:15] [INFO] [BiharFloodAuto] [+] Overwriting: 07092026.zip -> server...
[2026-09-27 08:09:15] [INFO] [BiharFloodAuto] [+] Overwriting: 31082026.zip -> server...
[2026-09-27 08:09:15] [INFO] [BiharFloodAuto] [+] Overwriting: 29082026.zip -> server...
[2026-09-27 08:09:15] [INFO] [BiharFloodAuto] [+] Overwriting: 22092026.zip -> server...
[2026-09-27 08:09:15] [INFO] [BiharFloodAuto] [+] Overwriting: 08092026.zip -> server...
[2026-09-27 08:09:16] [INFO] [BiharFloodAuto] [+] Overwriting: 13092026.zip -> server...
[2026-09-27 08:09:16] [INFO] [BiharFloodAuto] [+] Overwriting: 10092026.zip -> server...
[2026-09-27 08:09:16] [INFO] [BiharFloodAuto] [+] Overwriting: 03092026.zip -> server...
[2026-09-27 08:09:17] [INFO] [BiharFloodAuto] [+] Overwriting: 01092026.zip -> server...
[2026-09-27 08:09:17] [INFO] [BiharFloodAuto] [+] Overwriting: 17092026.zip -> server...
[2026-09-27 08:09:17] [INFO] [BiharFloodAuto] [+] Overwriting: 30082026.zip -> server...
[2026-09-27 08:09:17] [INFO] [BiharFloodAuto] [+] Overwriting: 06092026.zip -> server...
[2026-09-27 08:09:18] [INFO] [BiharFloodAuto] [+] Overwriting: 16092026.zip -> server...
[2026-09-27 08:09:18] [INFO] [BiharFloodAuto] [+] Overwriting: 05092026.zip -> server...
[2026-09-27 08:09:18] [INFO] [BiharFloodAuto] [+] Overwriting: 24092026.zip -> server...
[2026-09-27 08:09:18] [INFO] [BiharFloodAuto] [+] Overwriting: 18092026.zip -> server...
[2026-09-27 08:09:18] [INFO] [BiharFloodAuto] [+] Overwriting: 26092026.zip -> server...
[2026-09-27 08:09:18] [INFO] [BiharFloodAuto] [+] Overwriting: 11092026.zip -> server...
[2026-09-27 08:09:18] [INFO] [BiharFloodAuto] [+] Overwriting: 02092026.zip -> server...
[2026-09-27 08:09:19] [INFO] [BiharFloodAuto] [+] Overwriting: 04092026.zip -> server...
[2026-09-27 08:09:19] [INFO] [BiharFloodAuto] [+] Successfully copied 25 file(s).
[2026-09-27 08:09:19] [INFO] [paramiko.transport.sftp] [chan 0] sftp session closed.
[2026-09-27 08:09:21] [INFO] [BiharFloodAuto] Successfully pushed automation.log to Git.
[2026-09-27 08:09:21] [INFO] [BiharFloodAuto] Sleeping for 15 minutes. Next check at 08:24:21...
[2026-09-27 08:24:21] [INFO] [BiharFloodAuto] Executing 'git pull' to check for updates...
[2026-09-27 08:24:22] [INFO] [BiharFloodAuto] Repository is already up to date.
[2026-09-27 08:24:22] [INFO] [BiharFloodAuto] Searching Gmail for UNREAD emails with 'Inundation Probability'...
[2026-09-27 08:24:23] [INFO] [BiharFloodAuto] No new matching emails found in Gmail.
[2026-09-27 08:24:23] [INFO] [paramiko.transport] Connected (version 2.0, client OpenSSH_8.9p1)
[2026-09-27 08:24:23] [INFO] [paramiko.transport] Authentication (password) successful!
[2026-09-27 08:24:23] [INFO] [paramiko.transport.sftp] [chan 0] Opened sftp connection (server version 3)
[2026-09-27 08:24:23] [INFO] [BiharFloodAuto] [+] Overwriting: 23092026.zip -> server...
[2026-09-27 08:24:23] [INFO] [BiharFloodAuto] [+] Overwriting: 25092026.zip -> server...
[2026-09-27 08:24:24] [INFO] [BiharFloodAuto] [+] Overwriting: 12092026.zip -> server...
[2026-09-27 08:24:24] [INFO] [BiharFloodAuto] [+] Overwriting: 14092026.zip -> server...
[2026-09-27 08:24:24] [INFO] [BiharFloodAuto] [+] Overwriting: 09092026.zip -> server...
[2026-09-27 08:24:24] [INFO] [BiharFloodAuto] [+] Overwriting: 07092026.zip -> server...
[2026-09-27 08:24:25] [INFO] [BiharFloodAuto] [+] Overwriting: 31082026.zip -> server...
[2026-09-27 08:24:25] [INFO] [BiharFloodAuto] [+] Overwriting: 29082026.zip -> server...
[2026-09-27 08:24:25] [INFO] [BiharFloodAuto] [+] Overwriting: 22092026.zip -> server...
[2026-09-27 08:24:26] [INFO] [BiharFloodAuto] [+] Overwriting: 08092026.zip -> server...
[2026-09-27 08:24:26] [INFO] [BiharFloodAuto] [+] Overwriting: 13092026.zip -> server...
[2026-09-27 08:24:26] [INFO] [BiharFloodAuto] [+] Overwriting: 10092026.zip -> server...
[2026-09-27 08:24:26] [INFO] [BiharFloodAuto] [+] Overwriting: 03092026.zip -> server...
[2026-09-27 08:24:27] [INFO] [BiharFloodAuto] [+] Overwriting: 01092026.zip -> server...
[2026-09-27 08:24:27] [INFO] [BiharFloodAuto] [+] Overwriting: 17092026.zip -> server...
[2026-09-27 08:24:27] [INFO] [BiharFloodAuto] [+] Overwriting: 30082026.zip -> server...
[2026-09-27 08:24:28] [INFO] [BiharFloodAuto] [+] Overwriting: 06092026.zip -> server...
[2026-09-27 08:24:28] [INFO] [BiharFloodAuto] [+] Overwriting: 16092026.zip -> server...
[2026-09-27 08:24:28] [INFO] [BiharFloodAuto] [+] Overwriting: 05092026.zip -> server...
[2026-09-27 08:24:29] [INFO] [BiharFloodAuto] [+] Overwriting: 24092026.zip -> server...
[2026-09-27 08:24:29] [INFO] [BiharFloodAuto] [+] Overwriting: 18092026.zip -> server...
[2026-09-27 08:24:29] [INFO] [BiharFloodAuto] [+] Overwriting: 26092026.zip -> server...
[2026-09-27 08:24:29] [INFO] [BiharFloodAuto] [+] Overwriting: 11092026.zip -> server...
[2026-09-27 08:24:30] [INFO] [BiharFloodAuto] [+] Overwriting: 02092026.zip -> server...
[2026-09-27 08:24:30] [INFO] [BiharFloodAuto] [+] Overwriting: 04092026.zip -> server...
[2026-09-27 08:24:30] [INFO] [BiharFloodAuto] [+] Successfully copied 25 file(s).
[2026-09-27 08:24:30] [INFO] [paramiko.transport.sftp] [chan 0] sftp session closed.
[2026-09-27 08:24:33] [INFO] [BiharFloodAuto] Successfully pushed automation.log to Git.
[2026-09-27 08:24:33] [INFO] [BiharFloodAuto] Sleeping for 15 minutes. Next check at 08:39:33...
[2026-09-27 08:39:33] [INFO] [BiharFloodAuto] Executing 'git pull' to check for updates...
[2026-09-27 08:39:34] [INFO] [BiharFloodAuto] Repository is already up to date.
[2026-09-27 08:39:34] [INFO] [BiharFloodAuto] Searching Gmail for UNREAD emails with 'Inundation Probability'...
[2026-09-27 08:39:34] [INFO] [BiharFloodAuto] No new matching emails found in Gmail.
[2026-09-27 08:39:34] [INFO] [paramiko.transport] Connected (version 2.0, client OpenSSH_8.9p1)
[2026-09-27 08:39:34] [INFO] [paramiko.transport] Authentication (password) successful!
[2026-09-27 08:39:35] [INFO] [paramiko.transport.sftp] [chan 0] Opened sftp connection (server version 3)
[2026-09-27 08:39:35] [INFO] [BiharFloodAuto] [+] Overwriting: 23092026.zip -> server...
[2026-09-27 08:39:35] [INFO] [BiharFloodAuto] [+] Overwriting: 25092026.zip -> server...
[2026-09-27 08:39:35] [INFO] [BiharFloodAuto] [+] Overwriting: 12092026.zip -> server...
[2026-09-27 08:39:35] [INFO] [BiharFloodAuto] [+] Overwriting: 14092026.zip -> server...
[2026-09-27 08:39:35] [INFO] [BiharFloodAuto] [+] Overwriting: 09092026.zip -> server...
[2026-09-27 08:39:35] [INFO] [BiharFloodAuto] [+] Overwriting: 07092026.zip -> server...
[2026-09-27 08:39:36] [INFO] [BiharFloodAuto] [+] Overwriting: 31082026.zip -> server...
[2026-09-27 08:39:36] [INFO] [BiharFloodAuto] [+] Overwriting: 29082026.zip -> server...
[2026-09-27 08:39:36] [INFO] [BiharFloodAuto] [+] Overwriting: 22092026.zip -> server...
[2026-09-27 08:39:36] [INFO] [BiharFloodAuto] [+] Overwriting: 08092026.zip -> server...
[2026-09-27 08:39:36] [INFO] [BiharFloodAuto] [+] Overwriting: 13092026.zip -> server...
[2026-09-27 08:39:36] [INFO] [BiharFloodAuto] [+] Overwriting: 10092026.zip -> server...
[2026-09-27 08:39:37] [INFO] [BiharFloodAuto] [+] Overwriting: 03092026.zip -> server...
[2026-09-27 08:39:37] [INFO] [BiharFloodAuto] [+] Overwriting: 01092026.zip -> server...
[2026-09-27 08:39:37] [INFO] [BiharFloodAuto] [+] Overwriting: 17092026.zip -> server...
[2026-09-27 08:39:37] [INFO] [BiharFloodAuto] [+] Overwriting: 30082026.zip -> server...
[2026-09-27 08:39:37] [INFO] [BiharFloodAuto] [+] Overwriting: 06092026.zip -> server...
[2026-09-27 08:39:37] [INFO] [BiharFloodAuto] [+] Overwriting: 16092026.zip -> server...
[2026-09-27 08:39:37] [INFO] [BiharFloodAuto] [+] Overwriting: 05092026.zip -> server...
[2026-09-27 08:39:38] [INFO] [BiharFloodAuto] [+] Overwriting: 24092026.zip -> server...
[2026-09-27 08:39:38] [INFO] [BiharFloodAuto] [+] Overwriting: 18092026.zip -> server...
[2026-09-27 08:39:38] [INFO] [BiharFloodAuto] [+] Overwriting: 26092026.zip -> server...
[2026-09-27 08:39:39] [INFO] [BiharFloodAuto] [+] Overwriting: 11092026.zip -> server...
[2026-09-27 08:39:39] [INFO] [BiharFloodAuto] [+] Overwriting: 02092026.zip -> server...
[2026-09-27 08:39:39] [INFO] [BiharFloodAuto] [+] Overwriting: 04092026.zip -> server...
[2026-09-27 08:39:39] [INFO] [BiharFloodAuto] [+] Successfully copied 25 file(s).
[2026-09-27 08:39:39] [INFO] [paramiko.transport.sftp] [chan 0] sftp session closed.
[2026-09-27 08:39:42] [INFO] [BiharFloodAuto] Successfully pushed automation.log to Git.
[2026-09-27 08:39:42] [INFO] [BiharFloodAuto] Sleeping for 15 minutes. Next check at 08:54:42...
[2026-09-27 08:54:42] [INFO] [BiharFloodAuto] Executing 'git pull' to check for updates...
[2026-09-27 08:54:43] [INFO] [BiharFloodAuto] Repository is already up to date.
[2026-09-27 08:54:43] [INFO] [BiharFloodAuto] Searching Gmail for UNREAD emails with 'Inundation Probability'...
[2026-09-27 08:54:43] [INFO] [BiharFloodAuto] No new matching emails found in Gmail.
[2026-09-27 08:54:43] [INFO] [paramiko.transport] Connected (version 2.0, client OpenSSH_8.9p1)
[2026-09-27 08:54:44] [INFO] [paramiko.transport] Authentication (password) successful!
[2026-09-27 08:54:44] [INFO] [paramiko.transport.sftp] [chan 0] Opened sftp connection (server version 3)
[2026-09-27 08:54:44] [INFO] [BiharFloodAuto] [+] Overwriting: 23092026.zip -> server...
[2026-09-27 08:54:44] [INFO] [BiharFloodAuto] [+] Overwriting: 25092026.zip -> server...
[2026-09-27 08:54:44] [INFO] [BiharFloodAuto] [+] Overwriting: 12092026.zip -> server...
[2026-09-27 08:54:44] [INFO] [BiharFloodAuto] [+] Overwriting: 14092026.zip -> server...
[2026-09-27 08:54:44] [INFO] [BiharFloodAuto] [+] Overwriting: 09092026.zip -> server...
[2026-09-27 08:54:45] [INFO] [BiharFloodAuto] [+] Overwriting: 07092026.zip -> server...
[2026-09-27 08:54:45] [INFO] [BiharFloodAuto] [+] Overwriting: 31082026.zip -> server...
[2026-09-27 08:54:45] [INFO] [BiharFloodAuto] [+] Overwriting: 29082026.zip -> server...
[2026-09-27 08:54:45] [INFO] [BiharFloodAuto] [+] Overwriting: 22092026.zip -> server...
[2026-09-27 08:54:46] [INFO] [BiharFloodAuto] [+] Overwriting: 08092026.zip -> server...
[2026-09-27 08:54:46] [INFO] [BiharFloodAuto] [+] Overwriting: 13092026.zip -> server...
[2026-09-27 08:54:46] [INFO] [BiharFloodAuto] [+] Overwriting: 10092026.zip -> server...
[2026-09-27 08:54:46] [INFO] [BiharFloodAuto] [+] Overwriting: 03092026.zip -> server...
[2026-09-27 08:54:46] [INFO] [BiharFloodAuto] [+] Overwriting: 01092026.zip -> server...
[2026-09-27 08:54:47] [INFO] [BiharFloodAuto] [+] Overwriting: 17092026.zip -> server...
[2026-09-27 08:54:47] [INFO] [BiharFloodAuto] [+] Overwriting: 30082026.zip -> server...
[2026-09-27 08:54:47] [INFO] [BiharFloodAuto] [+] Overwriting: 06092026.zip -> server...
[2026-09-27 08:54:47] [INFO] [BiharFloodAuto] [+] Overwriting: 16092026.zip -> server...
[2026-09-27 08:54:47] [INFO] [BiharFloodAuto] [+] Overwriting: 05092026.zip -> server...
[2026-09-27 08:54:48] [INFO] [BiharFloodAuto] [+] Overwriting: 24092026.zip -> server...
[2026-09-27 08:54:48] [INFO] [BiharFloodAuto] [+] Overwriting: 18092026.zip -> server...
[2026-09-27 08:54:48] [INFO] [BiharFloodAuto] [+] Overwriting: 26092026.zip -> server...
[2026-09-27 08:54:48] [INFO] [BiharFloodAuto] [+] Overwriting: 11092026.zip -> server...
[2026-09-27 08:54:49] [INFO] [BiharFloodAuto] [+] Overwriting: 02092026.zip -> server...
[2026-09-27 08:54:49] [INFO] [BiharFloodAuto] [+] Overwriting: 04092026.zip -> server...
[2026-09-27 08:54:49] [INFO] [BiharFloodAuto] [+] Successfully copied 25 file(s).
[2026-09-27 08:54:49] [INFO] [paramiko.transport.sftp] [chan 0] sftp session closed.
[2026-09-27 08:54:52] [INFO] [BiharFloodAuto] Successfully pushed automation.log to Git.
[2026-09-27 08:54:52] [INFO] [BiharFloodAuto] Sleeping for 15 minutes. Next check at 09:09:52...
[2026-09-27 09:09:52] [INFO] [BiharFloodAuto] Executing 'git pull' to check for updates...
[2026-09-27 09:09:52] [INFO] [BiharFloodAuto] Repository is already up to date.
[2026-09-27 09:09:53] [INFO] [BiharFloodAuto] Searching Gmail for UNREAD emails with 'Inundation Probability'...
[2026-09-27 09:09:53] [INFO] [BiharFloodAuto] No new matching emails found in Gmail.
[2026-09-27 09:09:53] [INFO] [paramiko.transport] Connected (version 2.0, client OpenSSH_8.9p1)
[2026-09-27 09:09:54] [INFO] [paramiko.transport] Authentication (password) successful!
[2026-09-27 09:09:54] [INFO] [paramiko.transport.sftp] [chan 0] Opened sftp connection (server version 3)
[2026-09-27 09:09:54] [INFO] [BiharFloodAuto] [+] Overwriting: 23092026.zip -> server...
[2026-09-27 09:09:54] [INFO] [BiharFloodAuto] [+] Overwriting: 25092026.zip -> server...
[2026-09-27 09:09:54] [INFO] [BiharFloodAuto] [+] Overwriting: 12092026.zip -> server...
[2026-09-27 09:09:54] [INFO] [BiharFloodAuto] [+] Overwriting: 14092026.zip -> server...
[2026-09-27 09:09:55] [INFO] [BiharFloodAuto] [+] Overwriting: 09092026.zip -> server...
[2026-09-27 09:09:55] [INFO] [BiharFloodAuto] [+] Overwriting: 07092026.zip -> server...
[2026-09-27 09:09:55] [INFO] [BiharFloodAuto] [+] Overwriting: 31082026.zip -> server...
[2026-09-27 09:09:55] [INFO] [BiharFloodAuto] [+] Overwriting: 29082026.zip -> server...
[2026-09-27 09:09:56] [INFO] [BiharFloodAuto] [+] Overwriting: 22092026.zip -> server...
[2026-09-27 09:09:56] [INFO] [BiharFloodAuto] [+] Overwriting: 08092026.zip -> server...
[2026-09-27 09:09:56] [INFO] [BiharFloodAuto] [+] Overwriting: 13092026.zip -> server...
[2026-09-27 09:09:57] [INFO] [BiharFloodAuto] [+] Overwriting: 10092026.zip -> server...
[2026-09-27 09:09:57] [INFO] [BiharFloodAuto] [+] Overwriting: 03092026.zip -> server...
[2026-09-27 09:09:57] [INFO] [BiharFloodAuto] [+] Overwriting: 01092026.zip -> server...
[2026-09-27 09:09:57] [INFO] [BiharFloodAuto] [+] Overwriting: 17092026.zip -> server...
[2026-09-27 09:09:58] [INFO] [BiharFloodAuto] [+] Overwriting: 30082026.zip -> server...
[2026-09-27 09:09:58] [INFO] [BiharFloodAuto] [+] Overwriting: 06092026.zip -> server...
[2026-09-27 09:09:58] [INFO] [BiharFloodAuto] [+] Overwriting: 16092026.zip -> server...
[2026-09-27 09:09:59] [INFO] [BiharFloodAuto] [+] Overwriting: 05092026.zip -> server...
[2026-09-27 09:09:59] [INFO] [BiharFloodAuto] [+] Overwriting: 24092026.zip -> server...
[2026-09-27 09:09:59] [INFO] [BiharFloodAuto] [+] Overwriting: 18092026.zip -> server...
[2026-09-27 09:09:59] [INFO] [BiharFloodAuto] [+] Overwriting: 26092026.zip -> server...
[2026-09-27 09:09:59] [INFO] [BiharFloodAuto] [+] Overwriting: 11092026.zip -> server...
[2026-09-27 09:10:00] [INFO] [BiharFloodAuto] [+] Overwriting: 02092026.zip -> server...
[2026-09-27 09:10:00] [INFO] [BiharFloodAuto] [+] Overwriting: 04092026.zip -> server...
[2026-09-27 09:10:00] [INFO] [BiharFloodAuto] [+] Successfully copied 25 file(s).
[2026-09-27 09:10:00] [INFO] [paramiko.transport.sftp] [chan 0] sftp session closed.
[2026-09-27 09:10:03] [INFO] [BiharFloodAuto] Successfully pushed automation.log to Git.
[2026-09-27 09:10:03] [INFO] [BiharFloodAuto] Sleeping for 15 minutes. Next check at 09:25:03...
[2026-09-27 09:25:03] [INFO] [BiharFloodAuto] Executing 'git pull' to check for updates...
[2026-09-27 09:25:04] [INFO] [BiharFloodAuto] Repository is already up to date.
[2026-09-27 09:25:04] [INFO] [BiharFloodAuto] Searching Gmail for UNREAD emails with 'Inundation Probability'...
[2026-09-27 09:25:06] [INFO] [BiharFloodAuto] No new matching emails found in Gmail.
[2026-09-27 09:25:06] [INFO] [paramiko.transport] Connected (version 2.0, client OpenSSH_8.9p1)
[2026-09-27 09:25:06] [INFO] [paramiko.transport] Authentication (password) successful!
[2026-09-27 09:25:06] [INFO] [paramiko.transport.sftp] [chan 0] Opened sftp connection (server version 3)
[2026-09-27 09:25:06] [INFO] [BiharFloodAuto] [+] Overwriting: 23092026.zip -> server...
[2026-09-27 09:25:06] [INFO] [BiharFloodAuto] [+] Overwriting: 25092026.zip -> server...
[2026-09-27 09:25:06] [INFO] [BiharFloodAuto] [+] Overwriting: 12092026.zip -> server...
[2026-09-27 09:25:06] [INFO] [BiharFloodAuto] [+] Overwriting: 14092026.zip -> server...
[2026-09-27 09:25:07] [INFO] [BiharFloodAuto] [+] Overwriting: 09092026.zip -> server...
[2026-09-27 09:25:07] [INFO] [BiharFloodAuto] [+] Overwriting: 07092026.zip -> server...
[2026-09-27 09:25:07] [INFO] [BiharFloodAuto] [+] Overwriting: 31082026.zip -> server...
[2026-09-27 09:25:07] [INFO] [BiharFloodAuto] [+] Overwriting: 29082026.zip -> server...
[2026-09-27 09:25:07] [INFO] [BiharFloodAuto] [+] Overwriting: 22092026.zip -> server...
[2026-09-27 09:25:07] [INFO] [BiharFloodAuto] [+] Overwriting: 08092026.zip -> server...
[2026-09-27 09:25:08] [INFO] [BiharFloodAuto] [+] Overwriting: 13092026.zip -> server...
[2026-09-27 09:25:08] [INFO] [BiharFloodAuto] [+] Overwriting: 10092026.zip -> server...
[2026-09-27 09:25:08] [INFO] [BiharFloodAuto] [+] Overwriting: 03092026.zip -> server...
[2026-09-27 09:25:08] [INFO] [BiharFloodAuto] [+] Overwriting: 01092026.zip -> server...
[2026-09-27 09:25:09] [INFO] [BiharFloodAuto] [+] Overwriting: 17092026.zip -> server...
[2026-09-27 09:25:09] [INFO] [BiharFloodAuto] [+] Overwriting: 30082026.zip -> server...
[2026-09-27 09:25:09] [INFO] [BiharFloodAuto] [+] Overwriting: 06092026.zip -> server...
[2026-09-27 09:25:09] [INFO] [BiharFloodAuto] [+] Overwriting: 16092026.zip -> server...
[2026-09-27 09:25:10] [INFO] [BiharFloodAuto] [+] Overwriting: 05092026.zip -> server...
[2026-09-27 09:25:10] [INFO] [BiharFloodAuto] [+] Overwriting: 24092026.zip -> server...
[2026-09-27 09:25:10] [INFO] [BiharFloodAuto] [+] Overwriting: 18092026.zip -> server...
[2026-09-27 09:25:10] [INFO] [BiharFloodAuto] [+] Overwriting: 26092026.zip -> server...
[2026-09-27 09:25:10] [INFO] [BiharFloodAuto] [+] Overwriting: 11092026.zip -> server...
[2026-09-27 09:25:10] [INFO] [BiharFloodAuto] [+] Overwriting: 02092026.zip -> server...
[2026-09-27 09:25:10] [INFO] [BiharFloodAuto] [+] Overwriting: 04092026.zip -> server...
[2026-09-27 09:25:11] [INFO] [BiharFloodAuto] [+] Successfully copied 25 file(s).
[2026-09-27 09:25:11] [INFO] [paramiko.transport.sftp] [chan 0] sftp session closed.
[2026-09-27 09:25:13] [INFO] [BiharFloodAuto] Successfully pushed automation.log to Git.
[2026-09-27 09:25:13] [INFO] [BiharFloodAuto] Sleeping for 15 minutes. Next check at 09:40:13...
[2026-09-27 09:40:13] [INFO] [BiharFloodAuto] Executing 'git pull' to check for updates...
[2026-09-27 09:40:14] [INFO] [BiharFloodAuto] Repository is already up to date.
[2026-09-27 09:40:14] [INFO] [BiharFloodAuto] Searching Gmail for UNREAD emails with 'Inundation Probability'...
[2026-09-27 09:40:15] [INFO] [BiharFloodAuto] No new matching emails found in Gmail.
[2026-09-27 09:40:15] [INFO] [paramiko.transport] Connected (version 2.0, client OpenSSH_8.9p1)
[2026-09-27 09:40:15] [INFO] [paramiko.transport] Authentication (password) successful!
[2026-09-27 09:40:15] [INFO] [paramiko.transport.sftp] [chan 0] Opened sftp connection (server version 3)
[2026-09-27 09:40:15] [INFO] [BiharFloodAuto] [+] Overwriting: 23092026.zip -> server...
[2026-09-27 09:40:15] [INFO] [BiharFloodAuto] [+] Overwriting: 25092026.zip -> server...
[2026-09-27 09:40:16] [INFO] [BiharFloodAuto] [+] Overwriting: 12092026.zip -> server...
[2026-09-27 09:40:16] [INFO] [BiharFloodAuto] [+] Overwriting: 14092026.zip -> server...
[2026-09-27 09:40:16] [INFO] [BiharFloodAuto] [+] Overwriting: 09092026.zip -> server...
[2026-09-27 09:40:16] [INFO] [BiharFloodAuto] [+] Overwriting: 07092026.zip -> server...
[2026-09-27 09:40:16] [INFO] [BiharFloodAuto] [+] Overwriting: 31082026.zip -> server...
[2026-09-27 09:40:16] [INFO] [BiharFloodAuto] [+] Overwriting: 29082026.zip -> server...
[2026-09-27 09:40:17] [INFO] [BiharFloodAuto] [+] Overwriting: 22092026.zip -> server...
[2026-09-27 09:40:17] [INFO] [BiharFloodAuto] [+] Overwriting: 08092026.zip -> server...
[2026-09-27 09:40:17] [INFO] [BiharFloodAuto] [+] Overwriting: 13092026.zip -> server...
[2026-09-27 09:40:17] [INFO] [BiharFloodAuto] [+] Overwriting: 10092026.zip -> server...
[2026-09-27 09:40:18] [INFO] [BiharFloodAuto] [+] Overwriting: 03092026.zip -> server...
[2026-09-27 09:40:18] [INFO] [BiharFloodAuto] [+] Overwriting: 01092026.zip -> server...
[2026-09-27 09:40:18] [INFO] [BiharFloodAuto] [+] Overwriting: 17092026.zip -> server...
[2026-09-27 09:40:18] [INFO] [BiharFloodAuto] [+] Overwriting: 30082026.zip -> server...
[2026-09-27 09:40:18] [INFO] [BiharFloodAuto] [+] Overwriting: 06092026.zip -> server...
[2026-09-27 09:40:18] [INFO] [BiharFloodAuto] [+] Overwriting: 16092026.zip -> server...
[2026-09-27 09:40:19] [INFO] [BiharFloodAuto] [+] Overwriting: 05092026.zip -> server...
[2026-09-27 09:40:19] [INFO] [BiharFloodAuto] [+] Overwriting: 24092026.zip -> server...
[2026-09-27 09:40:19] [INFO] [BiharFloodAuto] [+] Overwriting: 18092026.zip -> server...
[2026-09-27 09:40:20] [INFO] [BiharFloodAuto] [+] Overwriting: 26092026.zip -> server...
[2026-09-27 09:40:20] [INFO] [BiharFloodAuto] [+] Overwriting: 11092026.zip -> server...
[2026-09-27 09:40:20] [INFO] [BiharFloodAuto] [+] Overwriting: 02092026.zip -> server...
[2026-09-27 09:40:20] [INFO] [BiharFloodAuto] [+] Overwriting: 04092026.zip -> server...
[2026-09-27 09:40:21] [INFO] [BiharFloodAuto] [+] Successfully copied 25 file(s).
[2026-09-27 09:40:21] [INFO] [paramiko.transport.sftp] [chan 0] sftp session closed.
[2026-09-27 09:40:23] [INFO] [BiharFloodAuto] Successfully pushed automation.log to Git.
[2026-09-27 09:40:23] [INFO] [BiharFloodAuto] Sleeping for 15 minutes. Next check at 09:55:23...
[2026-09-27 09:55:23] [INFO] [BiharFloodAuto] Executing 'git pull' to check for updates...
[2026-09-27 09:55:24] [INFO] [BiharFloodAuto] Repository is already up to date.
[2026-09-27 09:55:24] [INFO] [BiharFloodAuto] Searching Gmail for UNREAD emails with 'Inundation Probability'...
[2026-09-27 09:55:25] [INFO] [BiharFloodAuto] No new matching emails found in Gmail.
[2026-09-27 09:55:25] [INFO] [paramiko.transport] Connected (version 2.0, client OpenSSH_8.9p1)
[2026-09-27 09:55:25] [INFO] [paramiko.transport] Authentication (password) successful!
[2026-09-27 09:55:25] [INFO] [paramiko.transport.sftp] [chan 0] Opened sftp connection (server version 3)
[2026-09-27 09:55:25] [INFO] [BiharFloodAuto] [+] Overwriting: 23092026.zip -> server...
[2026-09-27 09:55:26] [INFO] [BiharFloodAuto] [+] Overwriting: 25092026.zip -> server...
[2026-09-27 09:55:26] [INFO] [BiharFloodAuto] [+] Overwriting: 12092026.zip -> server...
[2026-09-27 09:55:26] [INFO] [BiharFloodAuto] [+] Overwriting: 14092026.zip -> server...
[2026-09-27 09:55:26] [INFO] [BiharFloodAuto] [+] Overwriting: 09092026.zip -> server...
[2026-09-27 09:55:27] [INFO] [BiharFloodAuto] [+] Overwriting: 07092026.zip -> server...
[2026-09-27 09:55:27] [INFO] [BiharFloodAuto] [+] Overwriting: 31082026.zip -> server...
[2026-09-27 09:55:27] [INFO] [BiharFloodAuto] [+] Overwriting: 29082026.zip -> server...
[2026-09-27 09:55:28] [INFO] [BiharFloodAuto] [+] Overwriting: 22092026.zip -> server...
[2026-09-27 09:55:28] [INFO] [BiharFloodAuto] [+] Overwriting: 08092026.zip -> server...
[2026-09-27 09:55:28] [INFO] [BiharFloodAuto] [+] Overwriting: 13092026.zip -> server...
[2026-09-27 09:55:28] [INFO] [BiharFloodAuto] [+] Overwriting: 10092026.zip -> server...
[2026-09-27 09:55:29] [INFO] [BiharFloodAuto] [+] Overwriting: 03092026.zip -> server...
[2026-09-27 09:55:29] [INFO] [BiharFloodAuto] [+] Overwriting: 01092026.zip -> server...
[2026-09-27 09:55:29] [INFO] [BiharFloodAuto] [+] Overwriting: 17092026.zip -> server...
[2026-09-27 09:55:30] [INFO] [BiharFloodAuto] [+] Overwriting: 30082026.zip -> server...
[2026-09-27 09:55:30] [INFO] [BiharFloodAuto] [+] Overwriting: 06092026.zip -> server...
[2026-09-27 09:55:30] [INFO] [BiharFloodAuto] [+] Overwriting: 16092026.zip -> server...
[2026-09-27 09:55:30] [INFO] [BiharFloodAuto] [+] Overwriting: 05092026.zip -> server...
[2026-09-27 09:55:31] [INFO] [BiharFloodAuto] [+] Overwriting: 24092026.zip -> server...
[2026-09-27 09:55:31] [INFO] [BiharFloodAuto] [+] Overwriting: 18092026.zip -> server...
[2026-09-27 09:55:31] [INFO] [BiharFloodAuto] [+] Overwriting: 26092026.zip -> server...
[2026-09-27 09:55:32] [INFO] [BiharFloodAuto] [+] Overwriting: 11092026.zip -> server...
[2026-09-27 09:55:32] [INFO] [BiharFloodAuto] [+] Overwriting: 02092026.zip -> server...
[2026-09-27 09:55:32] [INFO] [BiharFloodAuto] [+] Overwriting: 04092026.zip -> server...
[2026-09-27 09:55:33] [INFO] [BiharFloodAuto] [+] Successfully copied 25 file(s).
[2026-09-27 09:55:33] [INFO] [paramiko.transport.sftp] [chan 0] sftp session closed.
[2026-09-27 09:55:35] [INFO] [BiharFloodAuto] Successfully pushed automation.log to Git.
[2026-09-27 09:55:35] [INFO] [BiharFloodAuto] Sleeping for 15 minutes. Next check at 10:10:35...
[2026-09-27 10:10:35] [INFO] [BiharFloodAuto] Executing 'git pull' to check for updates...
[2026-09-27 10:10:36] [INFO] [BiharFloodAuto] Repository is already up to date.
[2026-09-27 10:10:36] [INFO] [BiharFloodAuto] Searching Gmail for UNREAD emails with 'Inundation Probability'...
[2026-09-27 10:10:37] [INFO] [BiharFloodAuto] No new matching emails found in Gmail.
[2026-09-27 10:10:37] [INFO] [paramiko.transport] Connected (version 2.0, client OpenSSH_8.9p1)
[2026-09-27 10:10:37] [INFO] [paramiko.transport] Authentication (password) successful!
[2026-09-27 10:10:38] [INFO] [paramiko.transport.sftp] [chan 0] Opened sftp connection (server version 3)
[2026-09-27 10:10:38] [INFO] [BiharFloodAuto] [+] Overwriting: 23092026.zip -> server...
[2026-09-27 10:10:38] [INFO] [BiharFloodAuto] [+] Overwriting: 25092026.zip -> server...
[2026-09-27 10:10:38] [INFO] [BiharFloodAuto] [+] Overwriting: 12092026.zip -> server...
[2026-09-27 10:10:38] [INFO] [BiharFloodAuto] [+] Overwriting: 14092026.zip -> server...
[2026-09-27 10:10:38] [INFO] [BiharFloodAuto] [+] Overwriting: 09092026.zip -> server...
[2026-09-27 10:10:38] [INFO] [BiharFloodAuto] [+] Overwriting: 07092026.zip -> server...
[2026-09-27 10:10:39] [INFO] [BiharFloodAuto] [+] Overwriting: 31082026.zip -> server...
[2026-09-27 10:10:39] [INFO] [BiharFloodAuto] [+] Overwriting: 29082026.zip -> server...
[2026-09-27 10:10:39] [INFO] [BiharFloodAuto] [+] Overwriting: 22092026.zip -> server...
[2026-09-27 10:10:39] [INFO] [BiharFloodAuto] [+] Overwriting: 08092026.zip -> server...
[2026-09-27 10:10:40] [INFO] [BiharFloodAuto] [+] Overwriting: 13092026.zip -> server...
[2026-09-27 10:10:40] [INFO] [BiharFloodAuto] [+] Overwriting: 10092026.zip -> server...
[2026-09-27 10:10:40] [INFO] [BiharFloodAuto] [+] Overwriting: 03092026.zip -> server...
[2026-09-27 10:10:40] [INFO] [BiharFloodAuto] [+] Overwriting: 01092026.zip -> server...
[2026-09-27 10:10:41] [INFO] [BiharFloodAuto] [+] Overwriting: 17092026.zip -> server...
[2026-09-27 10:10:41] [INFO] [BiharFloodAuto] [+] Overwriting: 30082026.zip -> server...
[2026-09-27 10:10:41] [INFO] [BiharFloodAuto] [+] Overwriting: 06092026.zip -> server...
[2026-09-27 10:10:41] [INFO] [BiharFloodAuto] [+] Overwriting: 16092026.zip -> server...
[2026-09-27 10:10:42] [INFO] [BiharFloodAuto] [+] Overwriting: 05092026.zip -> server...
[2026-09-27 10:10:42] [INFO] [BiharFloodAuto] [+] Overwriting: 24092026.zip -> server...
[2026-09-27 10:10:42] [INFO] [BiharFloodAuto] [+] Overwriting: 18092026.zip -> server...
[2026-09-27 10:10:42] [INFO] [BiharFloodAuto] [+] Overwriting: 26092026.zip -> server...
[2026-09-27 10:10:43] [INFO] [BiharFloodAuto] [+] Overwriting: 11092026.zip -> server...
[2026-09-27 10:10:43] [INFO] [BiharFloodAuto] [+] Overwriting: 02092026.zip -> server...
[2026-09-27 10:10:43] [INFO] [BiharFloodAuto] [+] Overwriting: 04092026.zip -> server...
[2026-09-27 10:10:43] [INFO] [BiharFloodAuto] [+] Successfully copied 25 file(s).
[2026-09-27 10:10:43] [INFO] [paramiko.transport.sftp] [chan 0] sftp session closed.
[2026-09-27 10:10:46] [INFO] [BiharFloodAuto] Successfully pushed automation.log to Git.
[2026-09-27 10:10:46] [INFO] [BiharFloodAuto] Sleeping for 15 minutes. Next check at 10:25:46...
[2026-09-27 10:25:46] [INFO] [BiharFloodAuto] Executing 'git pull' to check for updates...
[2026-09-27 10:25:47] [INFO] [BiharFloodAuto] Repository is already up to date.
[2026-09-27 10:25:47] [INFO] [BiharFloodAuto] Searching Gmail for UNREAD emails with 'Inundation Probability'...
[2026-09-27 10:25:47] [INFO] [BiharFloodAuto] No new matching emails found in Gmail.
[2026-09-27 10:25:48] [INFO] [paramiko.transport] Connected (version 2.0, client OpenSSH_8.9p1)
[2026-09-27 10:25:48] [INFO] [paramiko.transport] Authentication (password) successful!
[2026-09-27 10:25:48] [INFO] [paramiko.transport.sftp] [chan 0] Opened sftp connection (server version 3)
[2026-09-27 10:25:48] [INFO] [BiharFloodAuto] [+] Overwriting: 23092026.zip -> server...
[2026-09-27 10:25:48] [INFO] [BiharFloodAuto] [+] Overwriting: 25092026.zip -> server...
[2026-09-27 10:25:48] [INFO] [BiharFloodAuto] [+] Overwriting: 12092026.zip -> server...
[2026-09-27 10:25:48] [INFO] [BiharFloodAuto] [+] Overwriting: 14092026.zip -> server...
[2026-09-27 10:25:48] [INFO] [BiharFloodAuto] [+] Overwriting: 09092026.zip -> server...
[2026-09-27 10:25:49] [INFO] [BiharFloodAuto] [+] Overwriting: 07092026.zip -> server...
[2026-09-27 10:25:49] [INFO] [BiharFloodAuto] [+] Overwriting: 31082026.zip -> server...
[2026-09-27 10:25:49] [INFO] [BiharFloodAuto] [+] Overwriting: 29082026.zip -> server...
[2026-09-27 10:25:50] [INFO] [BiharFloodAuto] [+] Overwriting: 22092026.zip -> server...
[2026-09-27 10:25:50] [INFO] [BiharFloodAuto] [+] Overwriting: 08092026.zip -> server...
[2026-09-27 10:25:50] [INFO] [BiharFloodAuto] [+] Overwriting: 13092026.zip -> server...
[2026-09-27 10:25:50] [INFO] [BiharFloodAuto] [+] Overwriting: 10092026.zip -> server...
[2026-09-27 10:25:50] [INFO] [BiharFloodAuto] [+] Overwriting: 03092026.zip -> server...
[2026-09-27 10:25:51] [INFO] [BiharFloodAuto] [+] Overwriting: 01092026.zip -> server...
[2026-09-27 10:25:51] [INFO] [BiharFloodAuto] [+] Overwriting: 17092026.zip -> server...
[2026-09-27 10:25:51] [INFO] [BiharFloodAuto] [+] Overwriting: 30082026.zip -> server...
[2026-09-27 10:25:52] [INFO] [BiharFloodAuto] [+] Overwriting: 06092026.zip -> server...
[2026-09-27 10:25:52] [INFO] [BiharFloodAuto] [+] Overwriting: 16092026.zip -> server...
[2026-09-27 10:25:52] [INFO] [BiharFloodAuto] [+] Overwriting: 05092026.zip -> server...
[2026-09-27 10:25:52] [INFO] [BiharFloodAuto] [+] Overwriting: 24092026.zip -> server...
[2026-09-27 10:25:53] [INFO] [BiharFloodAuto] [+] Overwriting: 18092026.zip -> server...
[2026-09-27 10:25:53] [INFO] [BiharFloodAuto] [+] Overwriting: 26092026.zip -> server...
[2026-09-27 10:25:53] [INFO] [BiharFloodAuto] [+] Overwriting: 11092026.zip -> server...
[2026-09-27 10:25:53] [INFO] [BiharFloodAuto] [+] Overwriting: 02092026.zip -> server...
[2026-09-27 10:25:54] [INFO] [BiharFloodAuto] [+] Overwriting: 04092026.zip -> server...
[2026-09-27 10:25:54] [INFO] [BiharFloodAuto] [+] Successfully copied 25 file(s).
[2026-09-27 10:25:54] [INFO] [paramiko.transport.sftp] [chan 0] sftp session closed.
[2026-09-27 10:25:56] [INFO] [BiharFloodAuto] Successfully pushed automation.log to Git.
[2026-09-27 10:25:56] [INFO] [BiharFloodAuto] Sleeping for 15 minutes. Next check at 10:40:56...
[2026-09-27 10:40:56] [INFO] [BiharFloodAuto] Executing 'git pull' to check for updates...
[2026-09-27 10:40:57] [INFO] [BiharFloodAuto] Repository is already up to date.
[2026-09-27 10:40:57] [INFO] [BiharFloodAuto] Searching Gmail for UNREAD emails with 'Inundation Probability'...
[2026-09-27 10:40:58] [INFO] [BiharFloodAuto] No new matching emails found in Gmail.
[2026-09-27 10:40:58] [INFO] [paramiko.transport] Connected (version 2.0, client OpenSSH_8.9p1)
[2026-09-27 10:40:58] [INFO] [paramiko.transport] Authentication (password) successful!
[2026-09-27 10:40:58] [INFO] [paramiko.transport.sftp] [chan 0] Opened sftp connection (server version 3)
[2026-09-27 10:40:58] [INFO] [BiharFloodAuto] [+] Overwriting: 23092026.zip -> server...
[2026-09-27 10:40:59] [INFO] [BiharFloodAuto] [+] Overwriting: 25092026.zip -> server...
[2026-09-27 10:40:59] [INFO] [BiharFloodAuto] [+] Overwriting: 12092026.zip -> server...
[2026-09-27 10:40:59] [INFO] [BiharFloodAuto] [+] Overwriting: 14092026.zip -> server...
[2026-09-27 10:40:59] [INFO] [BiharFloodAuto] [+] Overwriting: 09092026.zip -> server...
[2026-09-27 10:41:00] [INFO] [BiharFloodAuto] [+] Overwriting: 07092026.zip -> server...
[2026-09-27 10:41:00] [INFO] [BiharFloodAuto] [+] Overwriting: 31082026.zip -> server...
[2026-09-27 10:41:00] [INFO] [BiharFloodAuto] [+] Overwriting: 29082026.zip -> server...
[2026-09-27 10:41:00] [INFO] [BiharFloodAuto] [+] Overwriting: 22092026.zip -> server...
[2026-09-27 10:41:01] [INFO] [BiharFloodAuto] [+] Overwriting: 08092026.zip -> server...
[2026-09-27 10:41:01] [INFO] [BiharFloodAuto] [+] Overwriting: 13092026.zip -> server...
[2026-09-27 10:41:01] [INFO] [BiharFloodAuto] [+] Overwriting: 10092026.zip -> server...
[2026-09-27 10:41:01] [INFO] [BiharFloodAuto] [+] Overwriting: 03092026.zip -> server...
[2026-09-27 10:41:02] [INFO] [BiharFloodAuto] [+] Overwriting: 01092026.zip -> server...
[2026-09-27 10:41:02] [INFO] [BiharFloodAuto] [+] Overwriting: 17092026.zip -> server...
[2026-09-27 10:41:02] [INFO] [BiharFloodAuto] [+] Overwriting: 30082026.zip -> server...
[2026-09-27 10:41:02] [INFO] [BiharFloodAuto] [+] Overwriting: 06092026.zip -> server...
[2026-09-27 10:41:03] [INFO] [BiharFloodAuto] [+] Overwriting: 16092026.zip -> server...
[2026-09-27 10:41:03] [INFO] [BiharFloodAuto] [+] Overwriting: 05092026.zip -> server...
[2026-09-27 10:41:03] [INFO] [BiharFloodAuto] [+] Overwriting: 24092026.zip -> server...
[2026-09-27 10:41:03] [INFO] [BiharFloodAuto] [+] Overwriting: 18092026.zip -> server...
[2026-09-27 10:41:04] [INFO] [BiharFloodAuto] [+] Overwriting: 26092026.zip -> server...
[2026-09-27 10:41:04] [INFO] [BiharFloodAuto] [+] Overwriting: 11092026.zip -> server...
[2026-09-27 10:41:04] [INFO] [BiharFloodAuto] [+] Overwriting: 02092026.zip -> server...
[2026-09-27 10:41:04] [INFO] [BiharFloodAuto] [+] Overwriting: 04092026.zip -> server...
[2026-09-27 10:41:05] [INFO] [BiharFloodAuto] [+] Successfully copied 25 file(s).
[2026-09-27 10:41:05] [INFO] [paramiko.transport.sftp] [chan 0] sftp session closed.
[2026-09-27 10:41:07] [INFO] [BiharFloodAuto] Successfully pushed automation.log to Git.
[2026-09-27 10:41:07] [INFO] [BiharFloodAuto] Sleeping for 15 minutes. Next check at 10:56:07...
[2026-09-27 10:56:07] [INFO] [BiharFloodAuto] Executing 'git pull' to check for updates...
[2026-09-27 10:56:08] [INFO] [BiharFloodAuto] Repository is already up to date.
[2026-09-27 10:56:08] [INFO] [BiharFloodAuto] Searching Gmail for UNREAD emails with 'Inundation Probability'...
[2026-09-27 10:56:09] [INFO] [BiharFloodAuto] No new matching emails found in Gmail.
[2026-09-27 10:56:09] [INFO] [paramiko.transport] Connected (version 2.0, client OpenSSH_8.9p1)
[2026-09-27 10:56:09] [INFO] [paramiko.transport] Authentication (password) successful!
[2026-09-27 10:56:09] [INFO] [paramiko.transport.sftp] [chan 0] Opened sftp connection (server version 3)
[2026-09-27 10:56:09] [INFO] [BiharFloodAuto] [+] Overwriting: 23092026.zip -> server...
[2026-09-27 10:56:09] [INFO] [BiharFloodAuto] [+] Overwriting: 25092026.zip -> server...
[2026-09-27 10:56:10] [INFO] [BiharFloodAuto] [+] Overwriting: 12092026.zip -> server...
[2026-09-27 10:56:10] [INFO] [BiharFloodAuto] [+] Overwriting: 14092026.zip -> server...
[2026-09-27 10:56:10] [INFO] [BiharFloodAuto] [+] Overwriting: 09092026.zip -> server...
[2026-09-27 10:56:10] [INFO] [BiharFloodAuto] [+] Overwriting: 07092026.zip -> server...
[2026-09-27 10:56:11] [INFO] [BiharFloodAuto] [+] Overwriting: 31082026.zip -> server...
[2026-09-27 10:56:11] [INFO] [BiharFloodAuto] [+] Overwriting: 29082026.zip -> server...
[2026-09-27 10:56:11] [INFO] [BiharFloodAuto] [+] Overwriting: 22092026.zip -> server...
[2026-09-27 10:56:12] [INFO] [BiharFloodAuto] [+] Overwriting: 08092026.zip -> server...
[2026-09-27 10:56:12] [INFO] [BiharFloodAuto] [+] Overwriting: 13092026.zip -> server...
[2026-09-27 10:56:12] [INFO] [BiharFloodAuto] [+] Overwriting: 10092026.zip -> server...
[2026-09-27 10:56:12] [INFO] [BiharFloodAuto] [+] Overwriting: 03092026.zip -> server...
[2026-09-27 10:56:13] [INFO] [BiharFloodAuto] [+] Overwriting: 01092026.zip -> server...
[2026-09-27 10:56:13] [INFO] [BiharFloodAuto] [+] Overwriting: 17092026.zip -> server...
[2026-09-27 10:56:13] [INFO] [BiharFloodAuto] [+] Overwriting: 30082026.zip -> server...
[2026-09-27 10:56:14] [INFO] [BiharFloodAuto] [+] Overwriting: 06092026.zip -> server...
[2026-09-27 10:56:14] [INFO] [BiharFloodAuto] [+] Overwriting: 16092026.zip -> server...
[2026-09-27 10:56:14] [INFO] [BiharFloodAuto] [+] Overwriting: 05092026.zip -> server...
[2026-09-27 10:56:15] [INFO] [BiharFloodAuto] [+] Overwriting: 24092026.zip -> server...
[2026-09-27 10:56:15] [INFO] [BiharFloodAuto] [+] Overwriting: 18092026.zip -> server...
[2026-09-27 10:56:15] [INFO] [BiharFloodAuto] [+] Overwriting: 26092026.zip -> server...
[2026-09-27 10:56:16] [INFO] [BiharFloodAuto] [+] Overwriting: 11092026.zip -> server...
[2026-09-27 10:56:16] [INFO] [BiharFloodAuto] [+] Overwriting: 02092026.zip -> server...
[2026-09-27 10:56:16] [INFO] [BiharFloodAuto] [+] Overwriting: 04092026.zip -> server...
[2026-09-27 10:56:16] [INFO] [BiharFloodAuto] [+] Successfully copied 25 file(s).
[2026-09-27 10:56:16] [INFO] [paramiko.transport.sftp] [chan 0] sftp session closed.
[2026-09-27 10:56:19] [INFO] [BiharFloodAuto] Successfully pushed automation.log to Git.
[2026-09-27 10:56:19] [INFO] [BiharFloodAuto] Sleeping for 15 minutes. Next check at 11:11:19...
[2026-09-27 11:11:19] [INFO] [BiharFloodAuto] Executing 'git pull' to check for updates...
[2026-09-27 11:11:20] [INFO] [BiharFloodAuto] Repository is already up to date.
[2026-09-27 11:11:20] [INFO] [BiharFloodAuto] Searching Gmail for UNREAD emails with 'Inundation Probability'...
[2026-09-27 11:11:21] [INFO] [BiharFloodAuto] No new matching emails found in Gmail.
[2026-09-27 11:11:21] [INFO] [paramiko.transport] Connected (version 2.0, client OpenSSH_8.9p1)
[2026-09-27 11:11:21] [INFO] [paramiko.transport] Authentication (password) successful!
[2026-09-27 11:11:21] [INFO] [paramiko.transport.sftp] [chan 0] Opened sftp connection (server version 3)
[2026-09-27 11:11:21] [INFO] [BiharFloodAuto] [+] Overwriting: 23092026.zip -> server...
[2026-09-27 11:11:21] [INFO] [BiharFloodAuto] [+] Overwriting: 25092026.zip -> server...
[2026-09-27 11:11:21] [INFO] [BiharFloodAuto] [+] Overwriting: 12092026.zip -> server...
[2026-09-27 11:11:22] [INFO] [BiharFloodAuto] [+] Overwriting: 14092026.zip -> server...
[2026-09-27 11:11:22] [INFO] [BiharFloodAuto] [+] Overwriting: 09092026.zip -> server...
[2026-09-27 11:11:22] [INFO] [BiharFloodAuto] [+] Overwriting: 07092026.zip -> server...
[2026-09-27 11:11:23] [INFO] [BiharFloodAuto] [+] Overwriting: 31082026.zip -> server...
[2026-09-27 11:11:23] [INFO] [BiharFloodAuto] [+] Overwriting: 29082026.zip -> server...
[2026-09-27 11:11:23] [INFO] [BiharFloodAuto] [+] Overwriting: 22092026.zip -> server...
[2026-09-27 11:11:23] [INFO] [BiharFloodAuto] [+] Overwriting: 08092026.zip -> server...
[2026-09-27 11:11:24] [INFO] [BiharFloodAuto] [+] Overwriting: 13092026.zip -> server...
[2026-09-27 11:11:24] [INFO] [BiharFloodAuto] [+] Overwriting: 10092026.zip -> server...
[2026-09-27 11:11:24] [INFO] [BiharFloodAuto] [+] Overwriting: 03092026.zip -> server...
[2026-09-27 11:11:24] [INFO] [BiharFloodAuto] [+] Overwriting: 01092026.zip -> server...
[2026-09-27 11:11:25] [INFO] [BiharFloodAuto] [+] Overwriting: 17092026.zip -> server...
[2026-09-27 11:11:25] [INFO] [BiharFloodAuto] [+] Overwriting: 30082026.zip -> server...
[2026-09-27 11:11:25] [INFO] [BiharFloodAuto] [+] Overwriting: 06092026.zip -> server...
[2026-09-27 11:11:25] [INFO] [BiharFloodAuto] [+] Overwriting: 16092026.zip -> server...
[2026-09-27 11:11:26] [INFO] [BiharFloodAuto] [+] Overwriting: 05092026.zip -> server...
[2026-09-27 11:11:26] [INFO] [BiharFloodAuto] [+] Overwriting: 24092026.zip -> server...
[2026-09-27 11:11:26] [INFO] [BiharFloodAuto] [+] Overwriting: 18092026.zip -> server...
[2026-09-27 11:11:26] [INFO] [BiharFloodAuto] [+] Overwriting: 26092026.zip -> server...
[2026-09-27 11:11:27] [INFO] [BiharFloodAuto] [+] Overwriting: 11092026.zip -> server...
[2026-09-27 11:11:27] [INFO] [BiharFloodAuto] [+] Overwriting: 02092026.zip -> server...
[2026-09-27 11:11:27] [INFO] [BiharFloodAuto] [+] Overwriting: 04092026.zip -> server...
[2026-09-27 11:11:27] [INFO] [BiharFloodAuto] [+] Successfully copied 25 file(s).
[2026-09-27 11:11:27] [INFO] [paramiko.transport.sftp] [chan 0] sftp session closed.
[2026-09-27 11:11:30] [INFO] [BiharFloodAuto] Successfully pushed automation.log to Git.
[2026-09-27 11:11:30] [INFO] [BiharFloodAuto] Sleeping for 15 minutes. Next check at 11:26:30...
[2026-09-27 11:26:30] [INFO] [BiharFloodAuto] Executing 'git pull' to check for updates...
[2026-09-27 11:26:31] [INFO] [BiharFloodAuto] Repository is already up to date.
[2026-09-27 11:26:31] [INFO] [BiharFloodAuto] Searching Gmail for UNREAD emails with 'Inundation Probability'...
[2026-09-27 11:26:31] [INFO] [BiharFloodAuto] No new matching emails found in Gmail.
[2026-09-27 11:26:31] [INFO] [paramiko.transport] Connected (version 2.0, client OpenSSH_8.9p1)
[2026-09-27 11:26:31] [INFO] [paramiko.transport] Authentication (password) successful!
[2026-09-27 11:26:32] [INFO] [paramiko.transport.sftp] [chan 0] Opened sftp connection (server version 3)
[2026-09-27 11:26:32] [INFO] [BiharFloodAuto] [+] Overwriting: 23092026.zip -> server...
[2026-09-27 11:26:32] [INFO] [BiharFloodAuto] [+] Overwriting: 25092026.zip -> server...
[2026-09-27 11:26:32] [INFO] [BiharFloodAuto] [+] Overwriting: 12092026.zip -> server...
[2026-09-27 11:26:32] [INFO] [BiharFloodAuto] [+] Overwriting: 14092026.zip -> server...
[2026-09-27 11:26:32] [INFO] [BiharFloodAuto] [+] Overwriting: 09092026.zip -> server...
[2026-09-27 11:26:32] [INFO] [BiharFloodAuto] [+] Overwriting: 07092026.zip -> server...
[2026-09-27 11:26:32] [INFO] [BiharFloodAuto] [+] Overwriting: 31082026.zip -> server...
[2026-09-27 11:26:33] [INFO] [BiharFloodAuto] [+] Overwriting: 29082026.zip -> server...
[2026-09-27 11:26:33] [INFO] [BiharFloodAuto] [+] Overwriting: 22092026.zip -> server...
[2026-09-27 11:26:33] [INFO] [BiharFloodAuto] [+] Overwriting: 08092026.zip -> server...
[2026-09-27 11:26:33] [INFO] [BiharFloodAuto] [+] Overwriting: 13092026.zip -> server...
[2026-09-27 11:26:33] [INFO] [BiharFloodAuto] [+] Overwriting: 10092026.zip -> server...
[2026-09-27 11:26:33] [INFO] [BiharFloodAuto] [+] Overwriting: 03092026.zip -> server...
[2026-09-27 11:26:33] [INFO] [BiharFloodAuto] [+] Overwriting: 01092026.zip -> server...
[2026-09-27 11:26:33] [INFO] [BiharFloodAuto] [+] Overwriting: 17092026.zip -> server...
[2026-09-27 11:26:34] [INFO] [BiharFloodAuto] [+] Overwriting: 30082026.zip -> server...
[2026-09-27 11:26:34] [INFO] [BiharFloodAuto] [+] Overwriting: 06092026.zip -> server...
[2026-09-27 11:26:34] [INFO] [BiharFloodAuto] [+] Overwriting: 16092026.zip -> server...
[2026-09-27 11:26:34] [INFO] [BiharFloodAuto] [+] Overwriting: 05092026.zip -> server...
[2026-09-27 11:26:34] [INFO] [BiharFloodAuto] [+] Overwriting: 24092026.zip -> server...
[2026-09-27 11:26:35] [INFO] [BiharFloodAuto] [+] Overwriting: 18092026.zip -> server...
[2026-09-27 11:26:35] [INFO] [BiharFloodAuto] [+] Overwriting: 26092026.zip -> server...
[2026-09-27 11:26:35] [INFO] [BiharFloodAuto] [+] Overwriting: 11092026.zip -> server...
[2026-09-27 11:26:35] [INFO] [BiharFloodAuto] [+] Overwriting: 02092026.zip -> server...
[2026-09-27 11:26:36] [INFO] [BiharFloodAuto] [+] Overwriting: 04092026.zip -> server...
[2026-09-27 11:26:36] [INFO] [BiharFloodAuto] [+] Successfully copied 25 file(s).
[2026-09-27 11:26:36] [INFO] [paramiko.transport.sftp] [chan 0] sftp session closed.
[2026-09-27 11:26:39] [INFO] [BiharFloodAuto] Successfully pushed automation.log to Git.
[2026-09-27 11:26:39] [INFO] [BiharFloodAuto] Sleeping for 15 minutes. Next check at 11:41:39...
[2026-09-27 11:41:39] [INFO] [BiharFloodAuto] Executing 'git pull' to check for updates...
[2026-09-27 11:41:40] [INFO] [BiharFloodAuto] Repository is already up to date.
[2026-09-27 11:41:40] [INFO] [BiharFloodAuto] Searching Gmail for UNREAD emails with 'Inundation Probability'...
[2026-09-27 11:41:40] [INFO] [BiharFloodAuto] No new matching emails found in Gmail.
[2026-09-27 11:41:40] [INFO] [paramiko.transport] Connected (version 2.0, client OpenSSH_8.9p1)
[2026-09-27 11:41:40] [INFO] [paramiko.transport] Authentication (password) successful!
[2026-09-27 11:41:41] [INFO] [paramiko.transport.sftp] [chan 0] Opened sftp connection (server version 3)
[2026-09-27 11:41:41] [INFO] [BiharFloodAuto] [+] Overwriting: 23092026.zip -> server...
[2026-09-27 11:41:41] [INFO] [BiharFloodAuto] [+] Overwriting: 25092026.zip -> server...
[2026-09-27 11:41:41] [INFO] [BiharFloodAuto] [+] Overwriting: 12092026.zip -> server...
[2026-09-27 11:41:42] [INFO] [BiharFloodAuto] [+] Overwriting: 14092026.zip -> server...
[2026-09-27 11:41:42] [INFO] [BiharFloodAuto] [+] Overwriting: 09092026.zip -> server...
[2026-09-27 11:41:42] [INFO] [BiharFloodAuto] [+] Overwriting: 07092026.zip -> server...
[2026-09-27 11:41:42] [INFO] [BiharFloodAuto] [+] Overwriting: 31082026.zip -> server...
[2026-09-27 11:41:42] [INFO] [BiharFloodAuto] [+] Overwriting: 29082026.zip -> server...
[2026-09-27 11:41:42] [INFO] [BiharFloodAuto] [+] Overwriting: 22092026.zip -> server...
[2026-09-27 11:41:42] [INFO] [BiharFloodAuto] [+] Overwriting: 08092026.zip -> server...
[2026-09-27 11:41:43] [INFO] [BiharFloodAuto] [+] Overwriting: 13092026.zip -> server...
[2026-09-27 11:41:43] [INFO] [BiharFloodAuto] [+] Overwriting: 10092026.zip -> server...
[2026-09-27 11:41:43] [INFO] [BiharFloodAuto] [+] Overwriting: 03092026.zip -> server...
[2026-09-27 11:41:44] [INFO] [BiharFloodAuto] [+] Overwriting: 01092026.zip -> server...
[2026-09-27 11:41:44] [INFO] [BiharFloodAuto] [+] Overwriting: 17092026.zip -> server...
[2026-09-27 11:41:45] [INFO] [BiharFloodAuto] [+] Overwriting: 30082026.zip -> server...
[2026-09-27 11:41:45] [INFO] [BiharFloodAuto] [+] Overwriting: 06092026.zip -> server...
[2026-09-27 11:41:45] [INFO] [BiharFloodAuto] [+] Overwriting: 16092026.zip -> server...
[2026-09-27 11:41:45] [INFO] [BiharFloodAuto] [+] Overwriting: 05092026.zip -> server...
[2026-09-27 11:41:46] [INFO] [BiharFloodAuto] [+] Overwriting: 24092026.zip -> server...
[2026-09-27 11:41:46] [INFO] [BiharFloodAuto] [+] Overwriting: 18092026.zip -> server...
[2026-09-27 11:41:46] [INFO] [BiharFloodAuto] [+] Overwriting: 26092026.zip -> server...
[2026-09-27 11:41:46] [INFO] [BiharFloodAuto] [+] Overwriting: 11092026.zip -> server...
[2026-09-27 11:41:47] [INFO] [BiharFloodAuto] [+] Overwriting: 02092026.zip -> server...
[2026-09-27 11:41:47] [INFO] [BiharFloodAuto] [+] Overwriting: 04092026.zip -> server...
[2026-09-27 11:41:47] [INFO] [BiharFloodAuto] [+] Successfully copied 25 file(s).
[2026-09-27 11:41:47] [INFO] [paramiko.transport.sftp] [chan 0] sftp session closed.
[2026-09-27 11:41:50] [INFO] [BiharFloodAuto] Successfully pushed automation.log to Git.
[2026-09-27 11:41:50] [INFO] [BiharFloodAuto] Sleeping for 15 minutes. Next check at 11:56:50...
[2026-09-27 11:56:50] [INFO] [BiharFloodAuto] Executing 'git pull' to check for updates...
[2026-09-27 11:56:50] [INFO] [BiharFloodAuto] Repository is already up to date.
[2026-09-27 11:56:50] [INFO] [BiharFloodAuto] Searching Gmail for UNREAD emails with 'Inundation Probability'...
[2026-09-27 11:56:51] [INFO] [BiharFloodAuto] No new matching emails found in Gmail.
[2026-09-27 11:56:51] [INFO] [paramiko.transport] Connected (version 2.0, client OpenSSH_8.9p1)
[2026-09-27 11:56:51] [INFO] [paramiko.transport] Authentication (password) successful!
[2026-09-27 11:56:52] [INFO] [paramiko.transport.sftp] [chan 0] Opened sftp connection (server version 3)
[2026-09-27 11:56:52] [INFO] [BiharFloodAuto] [+] Overwriting: 23092026.zip -> server...
[2026-09-27 11:56:52] [INFO] [BiharFloodAuto] [+] Overwriting: 25092026.zip -> server...
[2026-09-27 11:56:52] [INFO] [BiharFloodAuto] [+] Overwriting: 12092026.zip -> server...
[2026-09-27 11:56:52] [INFO] [BiharFloodAuto] [+] Overwriting: 14092026.zip -> server...
[2026-09-27 11:56:53] [INFO] [BiharFloodAuto] [+] Overwriting: 09092026.zip -> server...
[2026-09-27 11:56:53] [INFO] [BiharFloodAuto] [+] Overwriting: 07092026.zip -> server...
[2026-09-27 11:56:53] [INFO] [BiharFloodAuto] [+] Overwriting: 31082026.zip -> server...
[2026-09-27 11:56:53] [INFO] [BiharFloodAuto] [+] Overwriting: 29082026.zip -> server...
[2026-09-27 11:56:54] [INFO] [BiharFloodAuto] [+] Overwriting: 22092026.zip -> server...
[2026-09-27 11:56:54] [INFO] [BiharFloodAuto] [+] Overwriting: 08092026.zip -> server...
[2026-09-27 11:56:54] [INFO] [BiharFloodAuto] [+] Overwriting: 13092026.zip -> server...
[2026-09-27 11:56:54] [INFO] [BiharFloodAuto] [+] Overwriting: 10092026.zip -> server...
[2026-09-27 11:56:55] [INFO] [BiharFloodAuto] [+] Overwriting: 03092026.zip -> server...
[2026-09-27 11:56:55] [INFO] [BiharFloodAuto] [+] Overwriting: 01092026.zip -> server...
[2026-09-27 11:56:55] [INFO] [BiharFloodAuto] [+] Overwriting: 17092026.zip -> server...
[2026-09-27 11:56:55] [INFO] [BiharFloodAuto] [+] Overwriting: 30082026.zip -> server...
[2026-09-27 11:56:56] [INFO] [BiharFloodAuto] [+] Overwriting: 06092026.zip -> server...
[2026-09-27 11:56:56] [INFO] [BiharFloodAuto] [+] Overwriting: 16092026.zip -> server...
[2026-09-27 11:56:56] [INFO] [BiharFloodAuto] [+] Overwriting: 05092026.zip -> server...
[2026-09-27 11:56:56] [INFO] [BiharFloodAuto] [+] Overwriting: 24092026.zip -> server...
[2026-09-27 11:56:57] [INFO] [BiharFloodAuto] [+] Overwriting: 18092026.zip -> server...
[2026-09-27 11:56:57] [INFO] [BiharFloodAuto] [+] Overwriting: 26092026.zip -> server...
[2026-09-27 11:56:57] [INFO] [BiharFloodAuto] [+] Overwriting: 11092026.zip -> server...
[2026-09-27 11:56:57] [INFO] [BiharFloodAuto] [+] Overwriting: 02092026.zip -> server...
[2026-09-27 11:56:58] [INFO] [BiharFloodAuto] [+] Overwriting: 04092026.zip -> server...
[2026-09-27 11:56:58] [INFO] [BiharFloodAuto] [+] Successfully copied 25 file(s).
[2026-09-27 11:56:58] [INFO] [paramiko.transport.sftp] [chan 0] sftp session closed.
[2026-09-27 11:57:00] [INFO] [BiharFloodAuto] Successfully pushed automation.log to Git.
[2026-09-27 11:57:00] [INFO] [BiharFloodAuto] Sleeping for 15 minutes. Next check at 12:12:00...
[2026-09-27 12:12:01] [INFO] [BiharFloodAuto] Executing 'git pull' to check for updates...
[2026-09-27 12:12:01] [INFO] [BiharFloodAuto] Repository is already up to date.
[2026-09-27 12:12:02] [INFO] [BiharFloodAuto] Searching Gmail for UNREAD emails with 'Inundation Probability'...
[2026-09-27 12:12:03] [INFO] [BiharFloodAuto] [MATCH] Found email with Subject: 'Inundation Probability 26-09-2026 AND 27-09-2026'
[2026-09-27 12:12:03] [INFO] [BiharFloodAuto]    -> Downloading: 26092026.zip (Saving as 26092026.zip)
[2026-09-27 12:12:04] [INFO] [BiharFloodAuto]    -> Saved successfully to /home/sac/Documents/python_script/bihar_flood_automate/26092026.zip
[2026-09-27 12:12:04] [INFO] [BiharFloodAuto]    -> Downloading: 27092026.zip (Saving as 27092026.zip)
[2026-09-27 12:12:06] [INFO] [BiharFloodAuto]    -> Saved successfully to /home/sac/Documents/python_script/bihar_flood_automate/27092026.zip
[2026-09-27 12:12:07] [INFO] [BiharFloodAuto]    -> Marked email as read.
[2026-09-27 12:12:08] [INFO] [BiharFloodAuto] [MATCH] Found email with Subject: 'Inundation Probability 27-09-2026 AND 28-09-2026'
[2026-09-27 12:12:08] [INFO] [BiharFloodAuto]    -> Downloading: 28092026.zip (Saving as 28092026.zip)
[2026-09-27 12:12:09] [INFO] [BiharFloodAuto]    -> Saved successfully to /home/sac/Documents/python_script/bihar_flood_automate/28092026.zip
[2026-09-27 12:12:09] [INFO] [BiharFloodAuto]    -> Downloading: 27092026.zip (Saving as 27092026.zip)
[2026-09-27 12:12:11] [INFO] [BiharFloodAuto]    -> Saved successfully to /home/sac/Documents/python_script/bihar_flood_automate/27092026.zip
[2026-09-27 12:12:12] [INFO] [BiharFloodAuto]    -> Marked email as read.
[2026-09-27 12:12:12] [INFO] [paramiko.transport] Connected (version 2.0, client OpenSSH_8.9p1)
[2026-09-27 12:12:12] [INFO] [paramiko.transport] Authentication (password) successful!
[2026-09-27 12:12:12] [INFO] [paramiko.transport.sftp] [chan 0] Opened sftp connection (server version 3)
[2026-09-27 12:12:12] [INFO] [BiharFloodAuto] [+] Overwriting: 23092026.zip -> server...
[2026-09-27 12:12:13] [INFO] [BiharFloodAuto] [+] Overwriting: 25092026.zip -> server...
[2026-09-27 12:12:13] [INFO] [BiharFloodAuto] [+] Overwriting: 12092026.zip -> server...
[2026-09-27 12:12:13] [INFO] [BiharFloodAuto] [+] Overwriting: 14092026.zip -> server...
[2026-09-27 12:12:13] [INFO] [BiharFloodAuto] [+] Overwriting: 09092026.zip -> server...
[2026-09-27 12:12:13] [INFO] [BiharFloodAuto] [+] Overwriting: 07092026.zip -> server...
[2026-09-27 12:12:13] [INFO] [BiharFloodAuto] [+] Overwriting: 28092026.zip -> server...
[2026-09-27 12:12:13] [INFO] [BiharFloodAuto] [+] Overwriting: 31082026.zip -> server...
[2026-09-27 12:12:13] [INFO] [BiharFloodAuto] [+] Overwriting: 29082026.zip -> server...
[2026-09-27 12:12:13] [INFO] [BiharFloodAuto] [+] Overwriting: 22092026.zip -> server...
[2026-09-27 12:12:14] [INFO] [BiharFloodAuto] [+] Overwriting: 08092026.zip -> server...
[2026-09-27 12:12:14] [INFO] [BiharFloodAuto] [+] Overwriting: 13092026.zip -> server...
[2026-09-27 12:12:14] [INFO] [BiharFloodAuto] [+] Overwriting: 10092026.zip -> server...
[2026-09-27 12:12:14] [INFO] [BiharFloodAuto] [+] Overwriting: 03092026.zip -> server...
[2026-09-27 12:12:14] [INFO] [BiharFloodAuto] [+] Overwriting: 01092026.zip -> server...
[2026-09-27 12:12:14] [INFO] [BiharFloodAuto] [+] Overwriting: 17092026.zip -> server...
[2026-09-27 12:12:14] [INFO] [BiharFloodAuto] [+] Overwriting: 30082026.zip -> server...
[2026-09-27 12:12:14] [INFO] [BiharFloodAuto] [+] Overwriting: 06092026.zip -> server...
[2026-09-27 12:12:15] [INFO] [BiharFloodAuto] [+] Overwriting: 16092026.zip -> server...
[2026-09-27 12:12:15] [INFO] [BiharFloodAuto] [+] Overwriting: 05092026.zip -> server...
[2026-09-27 12:12:15] [INFO] [BiharFloodAuto] [+] Overwriting: 24092026.zip -> server...
[2026-09-27 12:12:15] [INFO] [BiharFloodAuto] [+] Overwriting: 18092026.zip -> server...
[2026-09-27 12:12:15] [INFO] [BiharFloodAuto] [+] Overwriting: 26092026.zip -> server...
[2026-09-27 12:12:15] [INFO] [BiharFloodAuto] [+] Overwriting: 27092026.zip -> server...
[2026-09-27 12:12:15] [INFO] [BiharFloodAuto] [+] Overwriting: 11092026.zip -> server...
[2026-09-27 12:12:15] [INFO] [BiharFloodAuto] [+] Overwriting: 02092026.zip -> server...
[2026-09-27 12:12:16] [INFO] [BiharFloodAuto] [+] Overwriting: 04092026.zip -> server...
[2026-09-27 12:12:16] [INFO] [BiharFloodAuto] [+] Successfully copied 27 file(s).
[2026-09-27 12:12:16] [INFO] [paramiko.transport.sftp] [chan 0] sftp session closed.
[2026-09-27 12:12:18] [INFO] [BiharFloodAuto] Successfully pushed automation.log to Git.
[2026-09-27 12:12:18] [INFO] [BiharFloodAuto] Sleeping for 15 minutes. Next check at 12:27:18...
[2026-09-27 12:27:18] [INFO] [BiharFloodAuto] Executing 'git pull' to check for updates...
[2026-09-27 12:27:19] [INFO] [BiharFloodAuto] Repository is already up to date.
[2026-09-27 12:27:19] [INFO] [BiharFloodAuto] Searching Gmail for UNREAD emails with 'Inundation Probability'...
[2026-09-27 12:27:20] [INFO] [BiharFloodAuto] No new matching emails found in Gmail.
[2026-09-27 12:27:20] [INFO] [paramiko.transport] Connected (version 2.0, client OpenSSH_8.9p1)
[2026-09-27 12:27:20] [INFO] [paramiko.transport] Authentication (password) successful!
[2026-09-27 12:27:20] [INFO] [paramiko.transport.sftp] [chan 0] Opened sftp connection (server version 3)
[2026-09-27 12:27:20] [INFO] [BiharFloodAuto] [+] Overwriting: 23092026.zip -> server...
[2026-09-27 12:27:20] [INFO] [BiharFloodAuto] [+] Overwriting: 25092026.zip -> server...
[2026-09-27 12:27:20] [INFO] [BiharFloodAuto] [+] Overwriting: 12092026.zip -> server...
[2026-09-27 12:27:20] [INFO] [BiharFloodAuto] [+] Overwriting: 14092026.zip -> server...
[2026-09-27 12:27:21] [INFO] [BiharFloodAuto] [+] Overwriting: 09092026.zip -> server...
[2026-09-27 12:27:21] [INFO] [BiharFloodAuto] [+] Overwriting: 07092026.zip -> server...
[2026-09-27 12:27:21] [INFO] [BiharFloodAuto] [+] Overwriting: 28092026.zip -> server...
[2026-09-27 12:27:21] [INFO] [BiharFloodAuto] [+] Overwriting: 31082026.zip -> server...
[2026-09-27 12:27:21] [INFO] [BiharFloodAuto] [+] Overwriting: 29082026.zip -> server...
[2026-09-27 12:27:21] [INFO] [BiharFloodAuto] [+] Overwriting: 22092026.zip -> server...
[2026-09-27 12:27:21] [INFO] [BiharFloodAuto] [+] Overwriting: 08092026.zip -> server...
[2026-09-27 12:27:21] [INFO] [BiharFloodAuto] [+] Overwriting: 13092026.zip -> server...
[2026-09-27 12:27:21] [INFO] [BiharFloodAuto] [+] Overwriting: 10092026.zip -> server...
[2026-09-27 12:27:22] [INFO] [BiharFloodAuto] [+] Overwriting: 03092026.zip -> server...
[2026-09-27 12:27:22] [INFO] [BiharFloodAuto] [+] Overwriting: 01092026.zip -> server...
[2026-09-27 12:27:22] [INFO] [BiharFloodAuto] [+] Overwriting: 17092026.zip -> server...
[2026-09-27 12:27:22] [INFO] [BiharFloodAuto] [+] Overwriting: 30082026.zip -> server...
[2026-09-27 12:27:22] [INFO] [BiharFloodAuto] [+] Overwriting: 06092026.zip -> server...
[2026-09-27 12:27:22] [INFO] [BiharFloodAuto] [+] Overwriting: 16092026.zip -> server...
[2026-09-27 12:27:22] [INFO] [BiharFloodAuto] [+] Overwriting: 05092026.zip -> server...
[2026-09-27 12:27:22] [INFO] [BiharFloodAuto] [+] Overwriting: 24092026.zip -> server...
[2026-09-27 12:27:23] [INFO] [BiharFloodAuto] [+] Overwriting: 18092026.zip -> server...
[2026-09-27 12:27:23] [INFO] [BiharFloodAuto] [+] Overwriting: 26092026.zip -> server...
[2026-09-27 12:27:23] [INFO] [BiharFloodAuto] [+] Overwriting: 27092026.zip -> server...
[2026-09-27 12:27:23] [INFO] [BiharFloodAuto] [+] Overwriting: 11092026.zip -> server...
[2026-09-27 12:27:23] [INFO] [BiharFloodAuto] [+] Overwriting: 02092026.zip -> server...
[2026-09-27 12:27:23] [INFO] [BiharFloodAuto] [+] Overwriting: 04092026.zip -> server...
[2026-09-27 12:27:23] [INFO] [BiharFloodAuto] [+] Successfully copied 27 file(s).
[2026-09-27 12:27:23] [INFO] [paramiko.transport.sftp] [chan 0] sftp session closed.
[2026-09-27 12:27:25] [INFO] [BiharFloodAuto] Successfully pushed automation.log to Git.
[2026-09-27 12:27:25] [INFO] [BiharFloodAuto] Sleeping for 15 minutes. Next check at 12:42:25...
[2026-09-27 12:42:25] [INFO] [BiharFloodAuto] Executing 'git pull' to check for updates...
[2026-09-27 12:42:26] [INFO] [BiharFloodAuto] Repository is already up to date.
[2026-09-27 12:42:26] [INFO] [BiharFloodAuto] Searching Gmail for UNREAD emails with 'Inundation Probability'...
[2026-09-27 12:42:27] [INFO] [BiharFloodAuto] No new matching emails found in Gmail.
[2026-09-27 12:42:27] [INFO] [paramiko.transport] Connected (version 2.0, client OpenSSH_8.9p1)
[2026-09-27 12:42:27] [INFO] [paramiko.transport] Authentication (password) successful!
[2026-09-27 12:42:27] [INFO] [paramiko.transport.sftp] [chan 0] Opened sftp connection (server version 3)
[2026-09-27 12:42:27] [INFO] [BiharFloodAuto] [+] Overwriting: 23092026.zip -> server...
[2026-09-27 12:42:28] [INFO] [BiharFloodAuto] [+] Overwriting: 25092026.zip -> server...
[2026-09-27 12:42:28] [INFO] [BiharFloodAuto] [+] Overwriting: 12092026.zip -> server...
[2026-09-27 12:42:28] [INFO] [BiharFloodAuto] [+] Overwriting: 14092026.zip -> server...
[2026-09-27 12:42:28] [INFO] [BiharFloodAuto] [+] Overwriting: 09092026.zip -> server...
[2026-09-27 12:42:29] [INFO] [BiharFloodAuto] [+] Overwriting: 07092026.zip -> server...
[2026-09-27 12:42:29] [INFO] [BiharFloodAuto] [+] Overwriting: 28092026.zip -> server...
[2026-09-27 12:42:29] [INFO] [BiharFloodAuto] [+] Overwriting: 31082026.zip -> server...
[2026-09-27 12:42:30] [INFO] [BiharFloodAuto] [+] Overwriting: 29082026.zip -> server...
[2026-09-27 12:42:30] [INFO] [BiharFloodAuto] [+] Overwriting: 22092026.zip -> server...
[2026-09-27 12:42:30] [INFO] [BiharFloodAuto] [+] Overwriting: 08092026.zip -> server...
[2026-09-27 12:42:30] [INFO] [BiharFloodAuto] [+] Overwriting: 13092026.zip -> server...
[2026-09-27 12:42:30] [INFO] [BiharFloodAuto] [+] Overwriting: 10092026.zip -> server...
[2026-09-27 12:42:30] [INFO] [BiharFloodAuto] [+] Overwriting: 03092026.zip -> server...
[2026-09-27 12:42:31] [INFO] [BiharFloodAuto] [+] Overwriting: 01092026.zip -> server...
[2026-09-27 12:42:31] [INFO] [BiharFloodAuto] [+] Overwriting: 17092026.zip -> server...
[2026-09-27 12:42:31] [INFO] [BiharFloodAuto] [+] Overwriting: 30082026.zip -> server...
[2026-09-27 12:42:32] [INFO] [BiharFloodAuto] [+] Overwriting: 06092026.zip -> server...
[2026-09-27 12:42:32] [INFO] [BiharFloodAuto] [+] Overwriting: 16092026.zip -> server...
[2026-09-27 12:42:32] [INFO] [BiharFloodAuto] [+] Overwriting: 05092026.zip -> server...
[2026-09-27 12:42:32] [INFO] [BiharFloodAuto] [+] Overwriting: 24092026.zip -> server...
[2026-09-27 12:42:33] [INFO] [BiharFloodAuto] [+] Overwriting: 18092026.zip -> server...
[2026-09-27 12:42:33] [INFO] [BiharFloodAuto] [+] Overwriting: 26092026.zip -> server...
[2026-09-27 12:42:33] [INFO] [BiharFloodAuto] [+] Overwriting: 27092026.zip -> server...
[2026-09-27 12:42:33] [INFO] [BiharFloodAuto] [+] Overwriting: 11092026.zip -> server...
[2026-09-27 12:42:34] [INFO] [BiharFloodAuto] [+] Overwriting: 02092026.zip -> server...
[2026-09-27 12:42:34] [INFO] [BiharFloodAuto] [+] Overwriting: 04092026.zip -> server...
[2026-09-27 12:42:34] [INFO] [BiharFloodAuto] [+] Successfully copied 27 file(s).
[2026-09-27 12:42:34] [INFO] [paramiko.transport.sftp] [chan 0] sftp session closed.
[2026-09-27 12:42:36] [INFO] [BiharFloodAuto] Successfully pushed automation.log to Git.
[2026-09-27 12:42:36] [INFO] [BiharFloodAuto] Sleeping for 15 minutes. Next check at 12:57:36...
[2026-09-27 12:57:37] [INFO] [BiharFloodAuto] Executing 'git pull' to check for updates...
[2026-09-27 12:57:38] [INFO] [BiharFloodAuto] Repository is already up to date.
[2026-09-27 12:57:38] [INFO] [BiharFloodAuto] Searching Gmail for UNREAD emails with 'Inundation Probability'...
[2026-09-27 12:57:38] [INFO] [BiharFloodAuto] No new matching emails found in Gmail.
[2026-09-27 12:57:38] [INFO] [paramiko.transport] Connected (version 2.0, client OpenSSH_8.9p1)
[2026-09-27 12:57:38] [INFO] [paramiko.transport] Authentication (password) successful!
[2026-09-27 12:57:39] [INFO] [paramiko.transport.sftp] [chan 0] Opened sftp connection (server version 3)
[2026-09-27 12:57:39] [INFO] [BiharFloodAuto] [+] Overwriting: 23092026.zip -> server...
[2026-09-27 12:57:39] [INFO] [BiharFloodAuto] [+] Overwriting: 25092026.zip -> server...
[2026-09-27 12:57:39] [INFO] [BiharFloodAuto] [+] Overwriting: 12092026.zip -> server...
[2026-09-27 12:57:39] [INFO] [BiharFloodAuto] [+] Overwriting: 14092026.zip -> server...
[2026-09-27 12:57:39] [INFO] [BiharFloodAuto] [+] Overwriting: 09092026.zip -> server...
[2026-09-27 12:57:39] [INFO] [BiharFloodAuto] [+] Overwriting: 07092026.zip -> server...
[2026-09-27 12:57:40] [INFO] [BiharFloodAuto] [+] Overwriting: 28092026.zip -> server...
[2026-09-27 12:57:40] [INFO] [BiharFloodAuto] [+] Overwriting: 31082026.zip -> server...
[2026-09-27 12:57:40] [INFO] [BiharFloodAuto] [+] Overwriting: 29082026.zip -> server...
[2026-09-27 12:57:40] [INFO] [BiharFloodAuto] [+] Overwriting: 22092026.zip -> server...
[2026-09-27 12:57:40] [INFO] [BiharFloodAuto] [+] Overwriting: 08092026.zip -> server...
[2026-09-27 12:57:40] [INFO] [BiharFloodAuto] [+] Overwriting: 13092026.zip -> server...
[2026-09-27 12:57:40] [INFO] [BiharFloodAuto] [+] Overwriting: 10092026.zip -> server...
[2026-09-27 12:57:41] [INFO] [BiharFloodAuto] [+] Overwriting: 03092026.zip -> server...
[2026-09-27 12:57:41] [INFO] [BiharFloodAuto] [+] Overwriting: 01092026.zip -> server...
[2026-09-27 12:57:41] [INFO] [BiharFloodAuto] [+] Overwriting: 17092026.zip -> server...
[2026-09-27 12:57:41] [INFO] [BiharFloodAuto] [+] Overwriting: 30082026.zip -> server...
[2026-09-27 12:57:41] [INFO] [BiharFloodAuto] [+] Overwriting: 06092026.zip -> server...
[2026-09-27 12:57:41] [INFO] [BiharFloodAuto] [+] Overwriting: 16092026.zip -> server...
[2026-09-27 12:57:42] [INFO] [BiharFloodAuto] [+] Overwriting: 05092026.zip -> server...
[2026-09-27 12:57:42] [INFO] [BiharFloodAuto] [+] Overwriting: 24092026.zip -> server...
[2026-09-27 12:57:42] [INFO] [BiharFloodAuto] [+] Overwriting: 18092026.zip -> server...
[2026-09-27 12:57:42] [INFO] [BiharFloodAuto] [+] Overwriting: 26092026.zip -> server...
[2026-09-27 12:57:42] [INFO] [BiharFloodAuto] [+] Overwriting: 27092026.zip -> server...
[2026-09-27 12:57:42] [INFO] [BiharFloodAuto] [+] Overwriting: 11092026.zip -> server...
[2026-09-27 12:57:43] [INFO] [BiharFloodAuto] [+] Overwriting: 02092026.zip -> server...
[2026-09-27 12:57:43] [INFO] [BiharFloodAuto] [+] Overwriting: 04092026.zip -> server...
[2026-09-27 12:57:43] [INFO] [BiharFloodAuto] [+] Successfully copied 27 file(s).
[2026-09-27 12:57:43] [INFO] [paramiko.transport.sftp] [chan 0] sftp session closed.
[2026-09-27 12:57:45] [INFO] [BiharFloodAuto] Successfully pushed automation.log to Git.
[2026-09-27 12:57:45] [INFO] [BiharFloodAuto] Sleeping for 15 minutes. Next check at 13:12:45...
[2026-09-27 13:12:45] [INFO] [BiharFloodAuto] Executing 'git pull' to check for updates...
[2026-09-27 13:12:46] [INFO] [BiharFloodAuto] Repository is already up to date.
[2026-09-27 13:12:47] [INFO] [BiharFloodAuto] Searching Gmail for UNREAD emails with 'Inundation Probability'...
[2026-09-27 13:12:47] [INFO] [BiharFloodAuto] No new matching emails found in Gmail.
[2026-09-27 13:12:47] [INFO] [paramiko.transport] Connected (version 2.0, client OpenSSH_8.9p1)
[2026-09-27 13:12:47] [INFO] [paramiko.transport] Authentication (password) successful!
[2026-09-27 13:12:48] [INFO] [paramiko.transport.sftp] [chan 0] Opened sftp connection (server version 3)
[2026-09-27 13:12:48] [INFO] [BiharFloodAuto] [+] Overwriting: 23092026.zip -> server...
[2026-09-27 13:12:48] [INFO] [BiharFloodAuto] [+] Overwriting: 25092026.zip -> server...
[2026-09-27 13:12:48] [INFO] [BiharFloodAuto] [+] Overwriting: 12092026.zip -> server...
[2026-09-27 13:12:48] [INFO] [BiharFloodAuto] [+] Overwriting: 14092026.zip -> server...
[2026-09-27 13:12:48] [INFO] [BiharFloodAuto] [+] Overwriting: 09092026.zip -> server...
[2026-09-27 13:12:48] [INFO] [BiharFloodAuto] [+] Overwriting: 07092026.zip -> server...
[2026-09-27 13:12:48] [INFO] [BiharFloodAuto] [+] Overwriting: 28092026.zip -> server...
[2026-09-27 13:12:48] [INFO] [BiharFloodAuto] [+] Overwriting: 31082026.zip -> server...
[2026-09-27 13:12:48] [INFO] [BiharFloodAuto] [+] Overwriting: 29082026.zip -> server...
[2026-09-27 13:12:49] [INFO] [BiharFloodAuto] [+] Overwriting: 22092026.zip -> server...
[2026-09-27 13:12:49] [INFO] [BiharFloodAuto] [+] Overwriting: 08092026.zip -> server...
[2026-09-27 13:12:49] [INFO] [BiharFloodAuto] [+] Overwriting: 13092026.zip -> server...
[2026-09-27 13:12:49] [INFO] [BiharFloodAuto] [+] Overwriting: 10092026.zip -> server...
[2026-09-27 13:12:49] [INFO] [BiharFloodAuto] [+] Overwriting: 03092026.zip -> server...
[2026-09-27 13:12:49] [INFO] [BiharFloodAuto] [+] Overwriting: 01092026.zip -> server...
[2026-09-27 13:12:49] [INFO] [BiharFloodAuto] [+] Overwriting: 17092026.zip -> server...
[2026-09-27 13:12:50] [INFO] [BiharFloodAuto] [+] Overwriting: 30082026.zip -> server...
[2026-09-27 13:12:50] [INFO] [BiharFloodAuto] [+] Overwriting: 06092026.zip -> server...
[2026-09-27 13:12:50] [INFO] [BiharFloodAuto] [+] Overwriting: 16092026.zip -> server...
[2026-09-27 13:12:50] [INFO] [BiharFloodAuto] [+] Overwriting: 05092026.zip -> server...
[2026-09-27 13:12:51] [INFO] [BiharFloodAuto] [+] Overwriting: 24092026.zip -> server...
[2026-09-27 13:12:51] [INFO] [BiharFloodAuto] [+] Overwriting: 18092026.zip -> server...
[2026-09-27 13:12:51] [INFO] [BiharFloodAuto] [+] Overwriting: 26092026.zip -> server...
[2026-09-27 13:12:51] [INFO] [BiharFloodAuto] [+] Overwriting: 27092026.zip -> server...
[2026-09-27 13:12:51] [INFO] [BiharFloodAuto] [+] Overwriting: 11092026.zip -> server...
[2026-09-27 13:12:52] [INFO] [BiharFloodAuto] [+] Overwriting: 02092026.zip -> server...
[2026-09-27 13:12:52] [INFO] [BiharFloodAuto] [+] Overwriting: 04092026.zip -> server...
[2026-09-27 13:12:52] [INFO] [BiharFloodAuto] [+] Successfully copied 27 file(s).
[2026-09-27 13:12:52] [INFO] [paramiko.transport.sftp] [chan 0] sftp session closed.
[2026-09-27 13:12:55] [INFO] [BiharFloodAuto] Successfully pushed automation.log to Git.
[2026-09-27 13:12:55] [INFO] [BiharFloodAuto] Sleeping for 15 minutes. Next check at 13:27:55...
[2026-09-27 13:27:55] [INFO] [BiharFloodAuto] Executing 'git pull' to check for updates...
[2026-09-27 13:27:55] [INFO] [BiharFloodAuto] Repository is already up to date.
[2026-09-27 13:27:55] [INFO] [BiharFloodAuto] Searching Gmail for UNREAD emails with 'Inundation Probability'...
[2026-09-27 13:27:56] [INFO] [BiharFloodAuto] No new matching emails found in Gmail.
[2026-09-27 13:27:56] [INFO] [paramiko.transport] Connected (version 2.0, client OpenSSH_8.9p1)
[2026-09-27 13:27:56] [INFO] [paramiko.transport] Authentication (password) successful!
[2026-09-27 13:27:57] [INFO] [paramiko.transport.sftp] [chan 0] Opened sftp connection (server version 3)
[2026-09-27 13:27:57] [INFO] [BiharFloodAuto] [+] Overwriting: 23092026.zip -> server...
[2026-09-27 13:27:57] [INFO] [BiharFloodAuto] [+] Overwriting: 25092026.zip -> server...
[2026-09-27 13:27:57] [INFO] [BiharFloodAuto] [+] Overwriting: 12092026.zip -> server...
[2026-09-27 13:27:57] [INFO] [BiharFloodAuto] [+] Overwriting: 14092026.zip -> server...
[2026-09-27 13:27:58] [INFO] [BiharFloodAuto] [+] Overwriting: 09092026.zip -> server...
[2026-09-27 13:27:58] [INFO] [BiharFloodAuto] [+] Overwriting: 07092026.zip -> server...
[2026-09-27 13:27:58] [INFO] [BiharFloodAuto] [+] Overwriting: 28092026.zip -> server...
[2026-09-27 13:27:59] [INFO] [BiharFloodAuto] [+] Overwriting: 31082026.zip -> server...
[2026-09-27 13:27:59] [INFO] [BiharFloodAuto] [+] Overwriting: 29082026.zip -> server...
[2026-09-27 13:27:59] [INFO] [BiharFloodAuto] [+] Overwriting: 22092026.zip -> server...
[2026-09-27 13:27:59] [INFO] [BiharFloodAuto] [+] Overwriting: 08092026.zip -> server...
[2026-09-27 13:28:00] [INFO] [BiharFloodAuto] [+] Overwriting: 13092026.zip -> server...
[2026-09-27 13:28:00] [INFO] [BiharFloodAuto] [+] Overwriting: 10092026.zip -> server...
[2026-09-27 13:28:00] [INFO] [BiharFloodAuto] [+] Overwriting: 03092026.zip -> server...
[2026-09-27 13:28:01] [INFO] [BiharFloodAuto] [+] Overwriting: 01092026.zip -> server...
[2026-09-27 13:28:01] [INFO] [BiharFloodAuto] [+] Overwriting: 17092026.zip -> server...
[2026-09-27 13:28:01] [INFO] [BiharFloodAuto] [+] Overwriting: 30082026.zip -> server...
[2026-09-27 13:28:01] [INFO] [BiharFloodAuto] [+] Overwriting: 06092026.zip -> server...
[2026-09-27 13:28:01] [INFO] [BiharFloodAuto] [+] Overwriting: 16092026.zip -> server...
[2026-09-27 13:28:01] [INFO] [BiharFloodAuto] [+] Overwriting: 05092026.zip -> server...
[2026-09-27 13:28:02] [INFO] [BiharFloodAuto] [+] Overwriting: 24092026.zip -> server...
[2026-09-27 13:28:02] [INFO] [BiharFloodAuto] [+] Overwriting: 18092026.zip -> server...
[2026-09-27 13:28:02] [INFO] [BiharFloodAuto] [+] Overwriting: 26092026.zip -> server...
[2026-09-27 13:28:03] [INFO] [BiharFloodAuto] [+] Overwriting: 27092026.zip -> server...
[2026-09-27 13:28:03] [INFO] [BiharFloodAuto] [+] Overwriting: 11092026.zip -> server...
[2026-09-27 13:28:03] [INFO] [BiharFloodAuto] [+] Overwriting: 02092026.zip -> server...
[2026-09-27 13:28:03] [INFO] [BiharFloodAuto] [+] Overwriting: 04092026.zip -> server...
[2026-09-27 13:28:04] [INFO] [BiharFloodAuto] [+] Successfully copied 27 file(s).
[2026-09-27 13:28:04] [INFO] [paramiko.transport.sftp] [chan 0] sftp session closed.
[2026-09-27 13:28:06] [INFO] [BiharFloodAuto] Successfully pushed automation.log to Git.
[2026-09-27 13:28:06] [INFO] [BiharFloodAuto] Sleeping for 15 minutes. Next check at 13:43:06...
[2026-09-27 13:43:06] [INFO] [BiharFloodAuto] Executing 'git pull' to check for updates...
[2026-09-27 13:43:07] [INFO] [BiharFloodAuto] Repository is already up to date.
[2026-09-27 13:43:07] [INFO] [BiharFloodAuto] Searching Gmail for UNREAD emails with 'Inundation Probability'...
[2026-09-27 13:43:08] [INFO] [BiharFloodAuto] No new matching emails found in Gmail.
[2026-09-27 13:43:08] [INFO] [paramiko.transport] Connected (version 2.0, client OpenSSH_8.9p1)
[2026-09-27 13:43:08] [INFO] [paramiko.transport] Authentication (password) successful!
[2026-09-27 13:43:08] [INFO] [paramiko.transport.sftp] [chan 0] Opened sftp connection (server version 3)
[2026-09-27 13:43:08] [INFO] [BiharFloodAuto] [+] Overwriting: 23092026.zip -> server...
[2026-09-27 13:43:08] [INFO] [BiharFloodAuto] [+] Overwriting: 25092026.zip -> server...
[2026-09-27 13:43:08] [INFO] [BiharFloodAuto] [+] Overwriting: 12092026.zip -> server...
[2026-09-27 13:43:09] [INFO] [BiharFloodAuto] [+] Overwriting: 14092026.zip -> server...
[2026-09-27 13:43:09] [INFO] [BiharFloodAuto] [+] Overwriting: 09092026.zip -> server...
[2026-09-27 13:43:09] [INFO] [BiharFloodAuto] [+] Overwriting: 07092026.zip -> server...
[2026-09-27 13:43:09] [INFO] [BiharFloodAuto] [+] Overwriting: 28092026.zip -> server...
[2026-09-27 13:43:09] [INFO] [BiharFloodAuto] [+] Overwriting: 31082026.zip -> server...
[2026-09-27 13:43:09] [INFO] [BiharFloodAuto] [+] Overwriting: 29082026.zip -> server...
[2026-09-27 13:43:09] [INFO] [BiharFloodAuto] [+] Overwriting: 22092026.zip -> server...
[2026-09-27 13:43:09] [INFO] [BiharFloodAuto] [+] Overwriting: 08092026.zip -> server...
[2026-09-27 13:43:09] [INFO] [BiharFloodAuto] [+] Overwriting: 13092026.zip -> server...
[2026-09-27 13:43:09] [INFO] [BiharFloodAuto] [+] Overwriting: 10092026.zip -> server...
[2026-09-27 13:43:10] [INFO] [BiharFloodAuto] [+] Overwriting: 03092026.zip -> server...
[2026-09-27 13:43:10] [INFO] [BiharFloodAuto] [+] Overwriting: 01092026.zip -> server...
[2026-09-27 13:43:10] [INFO] [BiharFloodAuto] [+] Overwriting: 17092026.zip -> server...
[2026-09-27 13:43:10] [INFO] [BiharFloodAuto] [+] Overwriting: 30082026.zip -> server...
[2026-09-27 13:43:10] [INFO] [BiharFloodAuto] [+] Overwriting: 06092026.zip -> server...
[2026-09-27 13:43:10] [INFO] [BiharFloodAuto] [+] Overwriting: 16092026.zip -> server...
[2026-09-27 13:43:10] [INFO] [BiharFloodAuto] [+] Overwriting: 05092026.zip -> server...
[2026-09-27 13:43:10] [INFO] [BiharFloodAuto] [+] Overwriting: 24092026.zip -> server...
[2026-09-27 13:43:11] [INFO] [BiharFloodAuto] [+] Overwriting: 18092026.zip -> server...
[2026-09-27 13:43:11] [INFO] [BiharFloodAuto] [+] Overwriting: 26092026.zip -> server...
[2026-09-27 13:43:11] [INFO] [BiharFloodAuto] [+] Overwriting: 27092026.zip -> server...
[2026-09-27 13:43:11] [INFO] [BiharFloodAuto] [+] Overwriting: 11092026.zip -> server...
[2026-09-27 13:43:11] [INFO] [BiharFloodAuto] [+] Overwriting: 02092026.zip -> server...
[2026-09-27 13:43:11] [INFO] [BiharFloodAuto] [+] Overwriting: 04092026.zip -> server...
[2026-09-27 13:43:11] [INFO] [BiharFloodAuto] [+] Successfully copied 27 file(s).
[2026-09-27 13:43:11] [INFO] [paramiko.transport.sftp] [chan 0] sftp session closed.
[2026-09-27 13:43:14] [INFO] [BiharFloodAuto] Successfully pushed automation.log to Git.
[2026-09-27 13:43:14] [INFO] [BiharFloodAuto] Sleeping for 15 minutes. Next check at 13:58:14...
[2026-09-27 13:58:14] [INFO] [BiharFloodAuto] Executing 'git pull' to check for updates...
[2026-09-27 13:58:15] [INFO] [BiharFloodAuto] Git pull downloaded new changes. HEAD moved from fb8a1e5 to 7341032.
[2026-09-27 13:58:15] [INFO] [BiharFloodAuto] [*] Operation is OFF. Skipping Email Fetch and SFTP copy.
[2026-09-27 13:58:17] [INFO] [BiharFloodAuto] Successfully pushed automation.log to Git.
[2026-09-27 13:58:17] [INFO] [BiharFloodAuto] Sleeping for 15 minutes. Next check at 14:13:17...
[2026-09-27 14:13:17] [INFO] [BiharFloodAuto] Executing 'git pull' to check for updates...
[2026-09-27 14:13:18] [INFO] [BiharFloodAuto] Repository is already up to date.
[2026-09-27 14:13:18] [INFO] [BiharFloodAuto] [*] Operation is OFF. Skipping Email Fetch and SFTP copy.
[2026-09-27 14:13:20] [INFO] [BiharFloodAuto] Successfully pushed automation.log to Git.
[2026-09-27 14:13:20] [INFO] [BiharFloodAuto] Sleeping for 15 minutes. Next check at 14:28:20...
[2026-09-27 14:28:20] [INFO] [BiharFloodAuto] Executing 'git pull' to check for updates...
[2026-09-27 14:28:21] [INFO] [BiharFloodAuto] Repository is already up to date.
[2026-09-27 14:28:21] [INFO] [BiharFloodAuto] [*] Operation is OFF. Skipping Email Fetch and SFTP copy.
[2026-09-27 14:28:24] [INFO] [BiharFloodAuto] Successfully pushed automation.log to Git.
[2026-09-27 14:28:24] [INFO] [BiharFloodAuto] Sleeping for 15 minutes. Next check at 14:43:24...
[2026-09-27 14:43:24] [INFO] [BiharFloodAuto] Executing 'git pull' to check for updates...
[2026-09-27 14:43:25] [INFO] [BiharFloodAuto] Repository is already up to date.
[2026-09-27 14:43:25] [INFO] [BiharFloodAuto] [*] Operation is OFF. Skipping Email Fetch and SFTP copy.
[2026-09-27 14:43:27] [INFO] [BiharFloodAuto] Successfully pushed automation.log to Git.
[2026-09-27 14:43:27] [INFO] [BiharFloodAuto] Sleeping for 15 minutes. Next check at 14:58:27...
[2026-09-27 14:58:27] [INFO] [BiharFloodAuto] Executing 'git pull' to check for updates...
[2026-09-27 14:58:28] [INFO] [BiharFloodAuto] Repository is already up to date.
[2026-09-27 14:58:28] [INFO] [BiharFloodAuto] [*] Operation is OFF. Skipping Email Fetch and SFTP copy.
[2026-09-27 14:58:30] [INFO] [BiharFloodAuto] Successfully pushed automation.log to Git.
[2026-09-27 14:58:30] [INFO] [BiharFloodAuto] Sleeping for 15 minutes. Next check at 15:13:30...
[2026-09-27 15:13:30] [INFO] [BiharFloodAuto] Executing 'git pull' to check for updates...
[2026-09-27 15:13:31] [INFO] [BiharFloodAuto] Repository is already up to date.
[2026-09-27 15:13:31] [INFO] [BiharFloodAuto] [*] Operation is OFF. Skipping Email Fetch and SFTP copy.
[2026-09-27 15:13:34] [INFO] [BiharFloodAuto] Successfully pushed automation.log to Git.
[2026-09-27 15:13:34] [INFO] [BiharFloodAuto] Sleeping for 15 minutes. Next check at 15:28:34...
[2026-09-27 15:28:34] [INFO] [BiharFloodAuto] Executing 'git pull' to check for updates...
[2026-09-27 15:28:34] [INFO] [BiharFloodAuto] Repository is already up to date.
[2026-09-27 15:28:34] [INFO] [BiharFloodAuto] [*] Operation is OFF. Skipping Email Fetch and SFTP copy.
[2026-09-27 15:28:37] [INFO] [BiharFloodAuto] Successfully pushed automation.log to Git.
[2026-09-27 15:28:37] [INFO] [BiharFloodAuto] Sleeping for 15 minutes. Next check at 15:43:37...
[2026-09-27 15:43:37] [INFO] [BiharFloodAuto] Executing 'git pull' to check for updates...
[2026-09-27 15:43:38] [INFO] [BiharFloodAuto] Repository is already up to date.
[2026-09-27 15:43:38] [INFO] [BiharFloodAuto] [*] Operation is OFF. Skipping Email Fetch and SFTP copy.
[2026-09-27 15:43:40] [INFO] [BiharFloodAuto] Successfully pushed automation.log to Git.
[2026-09-27 15:43:40] [INFO] [BiharFloodAuto] Sleeping for 15 minutes. Next check at 15:58:40...
[2026-09-27 15:58:40] [INFO] [BiharFloodAuto] Executing 'git pull' to check for updates...
[2026-09-27 15:58:41] [INFO] [BiharFloodAuto] Repository is already up to date.
[2026-09-27 15:58:41] [INFO] [BiharFloodAuto] [*] Operation is OFF. Skipping Email Fetch and SFTP copy.
[2026-09-27 15:58:43] [INFO] [BiharFloodAuto] Successfully pushed automation.log to Git.
[2026-09-27 15:58:43] [INFO] [BiharFloodAuto] Sleeping for 15 minutes. Next check at 16:13:43...
[2026-09-27 16:13:43] [INFO] [BiharFloodAuto] Executing 'git pull' to check for updates...
[2026-09-27 16:13:44] [INFO] [BiharFloodAuto] Repository is already up to date.
[2026-09-27 16:13:44] [INFO] [BiharFloodAuto] [*] Operation is OFF. Skipping Email Fetch and SFTP copy.
[2026-09-27 16:13:47] [INFO] [BiharFloodAuto] Successfully pushed automation.log to Git.
[2026-09-27 16:13:47] [INFO] [BiharFloodAuto] Sleeping for 15 minutes. Next check at 16:28:47...
[2026-09-27 16:28:47] [INFO] [BiharFloodAuto] Executing 'git pull' to check for updates...
[2026-09-27 16:28:47] [INFO] [BiharFloodAuto] Repository is already up to date.
[2026-09-27 16:28:47] [INFO] [BiharFloodAuto] [*] Operation is OFF. Skipping Email Fetch and SFTP copy.
[2026-09-27 16:28:50] [INFO] [BiharFloodAuto] Successfully pushed automation.log to Git.
[2026-09-27 16:28:50] [INFO] [BiharFloodAuto] Sleeping for 15 minutes. Next check at 16:43:50...
[2026-09-27 16:43:50] [INFO] [BiharFloodAuto] Executing 'git pull' to check for updates...
[2026-09-27 16:43:51] [INFO] [BiharFloodAuto] Repository is already up to date.
[2026-09-27 16:43:51] [INFO] [BiharFloodAuto] [*] Operation is OFF. Skipping Email Fetch and SFTP copy.
[2026-09-27 16:43:53] [INFO] [BiharFloodAuto] Successfully pushed automation.log to Git.
[2026-09-27 16:43:53] [INFO] [BiharFloodAuto] Sleeping for 15 minutes. Next check at 16:58:53...
[2026-09-27 16:58:53] [INFO] [BiharFloodAuto] Executing 'git pull' to check for updates...
[2026-09-27 16:58:54] [INFO] [BiharFloodAuto] Repository is already up to date.
[2026-09-27 16:58:54] [INFO] [BiharFloodAuto] [*] Operation is OFF. Skipping Email Fetch and SFTP copy.
[2026-09-27 16:58:57] [INFO] [BiharFloodAuto] Successfully pushed automation.log to Git.
[2026-09-27 16:58:57] [INFO] [BiharFloodAuto] Sleeping for 15 minutes. Next check at 17:13:57...
[2026-09-27 17:13:57] [INFO] [BiharFloodAuto] Executing 'git pull' to check for updates...
[2026-09-27 17:13:57] [INFO] [BiharFloodAuto] Repository is already up to date.
[2026-09-27 17:13:57] [INFO] [BiharFloodAuto] [*] Operation is OFF. Skipping Email Fetch and SFTP copy.
[2026-09-27 17:14:00] [INFO] [BiharFloodAuto] Successfully pushed automation.log to Git.
[2026-09-27 17:14:00] [INFO] [BiharFloodAuto] Sleeping for 15 minutes. Next check at 17:29:00...
[2026-09-27 17:29:00] [INFO] [BiharFloodAuto] Executing 'git pull' to check for updates...
[2026-09-27 17:29:01] [INFO] [BiharFloodAuto] Repository is already up to date.
[2026-09-27 17:29:01] [INFO] [BiharFloodAuto] [*] Operation is OFF. Skipping Email Fetch and SFTP copy.
[2026-09-27 17:29:03] [INFO] [BiharFloodAuto] Successfully pushed automation.log to Git.
[2026-09-27 17:29:03] [INFO] [BiharFloodAuto] Sleeping for 15 minutes. Next check at 17:44:03...
[2026-09-27 17:44:04] [INFO] [BiharFloodAuto] Executing 'git pull' to check for updates...
[2026-09-27 17:44:04] [INFO] [BiharFloodAuto] Repository is already up to date.
[2026-09-27 17:44:04] [INFO] [BiharFloodAuto] [*] Operation is OFF. Skipping Email Fetch and SFTP copy.
[2026-09-27 17:44:07] [INFO] [BiharFloodAuto] Successfully pushed automation.log to Git.
[2026-09-27 17:44:07] [INFO] [BiharFloodAuto] Sleeping for 15 minutes. Next check at 17:59:07...
[2026-09-27 17:59:07] [INFO] [BiharFloodAuto] Executing 'git pull' to check for updates...
[2026-09-27 17:59:08] [INFO] [BiharFloodAuto] Repository is already up to date.
[2026-09-27 17:59:08] [INFO] [BiharFloodAuto] [*] Operation is OFF. Skipping Email Fetch and SFTP copy.
[2026-09-27 17:59:10] [INFO] [BiharFloodAuto] Successfully pushed automation.log to Git.
[2026-09-27 17:59:10] [INFO] [BiharFloodAuto] Sleeping for 15 minutes. Next check at 18:14:10...
[2026-09-27 18:14:10] [INFO] [BiharFloodAuto] Executing 'git pull' to check for updates...
[2026-09-27 18:14:11] [INFO] [BiharFloodAuto] Repository is already up to date.
[2026-09-27 18:14:11] [INFO] [BiharFloodAuto] [*] Operation is OFF. Skipping Email Fetch and SFTP copy.
[2026-09-27 18:14:13] [INFO] [BiharFloodAuto] Successfully pushed automation.log to Git.
[2026-09-27 18:14:13] [INFO] [BiharFloodAuto] Sleeping for 15 minutes. Next check at 18:29:13...
[2026-09-27 18:29:13] [INFO] [BiharFloodAuto] Executing 'git pull' to check for updates...
[2026-09-27 18:29:14] [INFO] [BiharFloodAuto] Repository is already up to date.
[2026-09-27 18:29:14] [INFO] [BiharFloodAuto] [*] Operation is OFF. Skipping Email Fetch and SFTP copy.
[2026-09-27 18:29:16] [INFO] [BiharFloodAuto] Successfully pushed automation.log to Git.
[2026-09-27 18:29:16] [INFO] [BiharFloodAuto] Sleeping for 15 minutes. Next check at 18:44:16...
[2026-09-27 18:44:16] [INFO] [BiharFloodAuto] Executing 'git pull' to check for updates...
[2026-09-27 18:44:17] [INFO] [BiharFloodAuto] Repository is already up to date.
[2026-09-27 18:44:17] [INFO] [BiharFloodAuto] [*] Operation is OFF. Skipping Email Fetch and SFTP copy.
[2026-09-27 18:44:19] [INFO] [BiharFloodAuto] Successfully pushed automation.log to Git.
[2026-09-27 18:44:19] [INFO] [BiharFloodAuto] Sleeping for 15 minutes. Next check at 18:59:19...
[2026-09-27 18:59:19] [INFO] [BiharFloodAuto] Executing 'git pull' to check for updates...
[2026-09-27 18:59:20] [INFO] [BiharFloodAuto] Repository is already up to date.
[2026-09-27 18:59:20] [INFO] [BiharFloodAuto] [*] Operation is OFF. Skipping Email Fetch and SFTP copy.
[2026-09-27 18:59:23] [INFO] [BiharFloodAuto] Successfully pushed automation.log to Git.
[2026-09-27 18:59:23] [INFO] [BiharFloodAuto] Sleeping for 15 minutes. Next check at 19:14:23...
[2026-09-27 19:14:23] [INFO] [BiharFloodAuto] Executing 'git pull' to check for updates...
[2026-09-27 19:14:24] [INFO] [BiharFloodAuto] Repository is already up to date.
[2026-09-27 19:14:24] [INFO] [BiharFloodAuto] [*] Operation is OFF. Skipping Email Fetch and SFTP copy.
[2026-09-27 19:14:26] [INFO] [BiharFloodAuto] Successfully pushed automation.log to Git.
[2026-09-27 19:14:26] [INFO] [BiharFloodAuto] Sleeping for 15 minutes. Next check at 19:29:26...
[2026-09-27 19:29:26] [INFO] [BiharFloodAuto] Executing 'git pull' to check for updates...
[2026-09-27 19:29:27] [INFO] [BiharFloodAuto] Repository is already up to date.
[2026-09-27 19:29:27] [INFO] [BiharFloodAuto] [*] Operation is OFF. Skipping Email Fetch and SFTP copy.
[2026-09-27 19:29:29] [INFO] [BiharFloodAuto] Successfully pushed automation.log to Git.
[2026-09-27 19:29:29] [INFO] [BiharFloodAuto] Sleeping for 15 minutes. Next check at 19:44:29...
[2026-09-27 19:44:29] [INFO] [BiharFloodAuto] Executing 'git pull' to check for updates...
[2026-09-27 19:44:30] [INFO] [BiharFloodAuto] Repository is already up to date.
[2026-09-27 19:44:30] [INFO] [BiharFloodAuto] [*] Operation is OFF. Skipping Email Fetch and SFTP copy.
[2026-09-27 19:44:32] [INFO] [BiharFloodAuto] Successfully pushed automation.log to Git.
[2026-09-27 19:44:32] [INFO] [BiharFloodAuto] Sleeping for 15 minutes. Next check at 19:59:32...
[2026-09-27 19:59:32] [INFO] [BiharFloodAuto] Executing 'git pull' to check for updates...
[2026-09-27 19:59:33] [INFO] [BiharFloodAuto] Repository is already up to date.
[2026-09-27 19:59:33] [INFO] [BiharFloodAuto] [*] Operation is OFF. Skipping Email Fetch and SFTP copy.
[2026-09-27 19:59:36] [INFO] [BiharFloodAuto] Successfully pushed automation.log to Git.
[2026-09-27 19:59:36] [INFO] [BiharFloodAuto] Sleeping for 15 minutes. Next check at 20:14:36...
[2026-09-27 20:14:36] [INFO] [BiharFloodAuto] Executing 'git pull' to check for updates...
[2026-09-27 20:14:36] [INFO] [BiharFloodAuto] Repository is already up to date.
[2026-09-27 20:14:36] [INFO] [BiharFloodAuto] [*] Operation is OFF. Skipping Email Fetch and SFTP copy.
[2026-09-27 20:14:39] [INFO] [BiharFloodAuto] Successfully pushed automation.log to Git.
[2026-09-27 20:14:39] [INFO] [BiharFloodAuto] Sleeping for 15 minutes. Next check at 20:29:39...
[2026-09-27 20:29:39] [INFO] [BiharFloodAuto] Executing 'git pull' to check for updates...
[2026-09-27 20:29:40] [INFO] [BiharFloodAuto] Repository is already up to date.
[2026-09-27 20:29:40] [INFO] [BiharFloodAuto] [*] Operation is OFF. Skipping Email Fetch and SFTP copy.
[2026-09-27 20:29:42] [INFO] [BiharFloodAuto] Successfully pushed automation.log to Git.
[2026-09-27 20:29:42] [INFO] [BiharFloodAuto] Sleeping for 15 minutes. Next check at 20:44:42...
[2026-09-27 20:44:42] [INFO] [BiharFloodAuto] Executing 'git pull' to check for updates...
[2026-09-27 20:44:43] [INFO] [BiharFloodAuto] Repository is already up to date.
[2026-09-27 20:44:43] [INFO] [BiharFloodAuto] [*] Operation is OFF. Skipping Email Fetch and SFTP copy.
[2026-09-27 20:44:45] [INFO] [BiharFloodAuto] Successfully pushed automation.log to Git.
[2026-09-27 20:44:45] [INFO] [BiharFloodAuto] Sleeping for 15 minutes. Next check at 20:59:45...
[2026-09-27 20:59:45] [INFO] [BiharFloodAuto] Executing 'git pull' to check for updates...
[2026-09-27 20:59:46] [INFO] [BiharFloodAuto] Repository is already up to date.
[2026-09-27 20:59:46] [INFO] [BiharFloodAuto] [*] Operation is OFF. Skipping Email Fetch and SFTP copy.
[2026-09-27 20:59:49] [INFO] [BiharFloodAuto] Successfully pushed automation.log to Git.
[2026-09-27 20:59:49] [INFO] [BiharFloodAuto] Sleeping for 15 minutes. Next check at 21:14:49...
[2026-09-27 21:14:49] [INFO] [BiharFloodAuto] Executing 'git pull' to check for updates...
[2026-09-27 21:14:49] [INFO] [BiharFloodAuto] Repository is already up to date.
[2026-09-27 21:14:49] [INFO] [BiharFloodAuto] [*] Operation is OFF. Skipping Email Fetch and SFTP copy.
[2026-09-27 21:14:52] [INFO] [BiharFloodAuto] Successfully pushed automation.log to Git.
[2026-09-27 21:14:52] [INFO] [BiharFloodAuto] Sleeping for 15 minutes. Next check at 21:29:52...
[2026-09-27 21:29:52] [INFO] [BiharFloodAuto] Executing 'git pull' to check for updates...
[2026-09-27 21:29:53] [INFO] [BiharFloodAuto] Repository is already up to date.
[2026-09-27 21:29:53] [INFO] [BiharFloodAuto] [*] Operation is OFF. Skipping Email Fetch and SFTP copy.
[2026-09-27 21:29:55] [INFO] [BiharFloodAuto] Successfully pushed automation.log to Git.
[2026-09-27 21:29:55] [INFO] [BiharFloodAuto] Sleeping for 15 minutes. Next check at 21:44:55...
[2026-09-27 21:44:55] [INFO] [BiharFloodAuto] Executing 'git pull' to check for updates...
[2026-09-27 21:44:56] [INFO] [BiharFloodAuto] Repository is already up to date.
[2026-09-27 21:44:56] [INFO] [BiharFloodAuto] [*] Operation is OFF. Skipping Email Fetch and SFTP copy.
[2026-09-27 21:44:58] [INFO] [BiharFloodAuto] Successfully pushed automation.log to Git.
[2026-09-27 21:44:58] [INFO] [BiharFloodAuto] Sleeping for 15 minutes. Next check at 21:59:58...
[2026-09-27 21:59:58] [INFO] [BiharFloodAuto] Executing 'git pull' to check for updates...
[2026-09-27 21:59:59] [INFO] [BiharFloodAuto] Repository is already up to date.
[2026-09-27 21:59:59] [INFO] [BiharFloodAuto] [*] Operation is OFF. Skipping Email Fetch and SFTP copy.
[2026-09-27 22:00:02] [INFO] [BiharFloodAuto] Successfully pushed automation.log to Git.
[2026-09-27 22:00:02] [INFO] [BiharFloodAuto] Sleeping for 15 minutes. Next check at 22:15:02...
[2026-09-27 22:15:02] [INFO] [BiharFloodAuto] Executing 'git pull' to check for updates...
[2026-09-27 22:15:03] [INFO] [BiharFloodAuto] Repository is already up to date.
[2026-09-27 22:15:03] [INFO] [BiharFloodAuto] [*] Operation is OFF. Skipping Email Fetch and SFTP copy.
[2026-09-27 22:15:05] [INFO] [BiharFloodAuto] Successfully pushed automation.log to Git.
[2026-09-27 22:15:05] [INFO] [BiharFloodAuto] Sleeping for 15 minutes. Next check at 22:30:05...
[2026-09-27 22:30:05] [INFO] [BiharFloodAuto] Executing 'git pull' to check for updates...
[2026-09-27 22:30:06] [INFO] [BiharFloodAuto] Repository is already up to date.
[2026-09-27 22:30:06] [INFO] [BiharFloodAuto] [*] Operation is OFF. Skipping Email Fetch and SFTP copy.
[2026-09-27 22:30:08] [INFO] [BiharFloodAuto] Successfully pushed automation.log to Git.
[2026-09-27 22:30:08] [INFO] [BiharFloodAuto] Sleeping for 15 minutes. Next check at 22:45:08...
[2026-09-27 22:45:09] [INFO] [BiharFloodAuto] Executing 'git pull' to check for updates...
[2026-09-27 22:45:09] [INFO] [BiharFloodAuto] Repository is already up to date.
[2026-09-27 22:45:09] [INFO] [BiharFloodAuto] [*] Operation is OFF. Skipping Email Fetch and SFTP copy.
[2026-09-27 22:45:12] [INFO] [BiharFloodAuto] Successfully pushed automation.log to Git.
[2026-09-27 22:45:12] [INFO] [BiharFloodAuto] Sleeping for 15 minutes. Next check at 23:00:12...
[2026-09-27 23:00:12] [INFO] [BiharFloodAuto] Executing 'git pull' to check for updates...
[2026-09-27 23:00:12] [INFO] [BiharFloodAuto] Repository is already up to date.
[2026-09-27 23:00:12] [INFO] [BiharFloodAuto] [*] Operation is OFF. Skipping Email Fetch and SFTP copy.
[2026-09-27 23:00:15] [INFO] [BiharFloodAuto] Successfully pushed automation.log to Git.
[2026-09-27 23:00:15] [INFO] [BiharFloodAuto] Sleeping for 15 minutes. Next check at 23:15:15...
[2026-09-27 23:15:15] [INFO] [BiharFloodAuto] Executing 'git pull' to check for updates...
[2026-09-27 23:15:16] [INFO] [BiharFloodAuto] Repository is already up to date.
[2026-09-27 23:15:16] [INFO] [BiharFloodAuto] [*] Operation is OFF. Skipping Email Fetch and SFTP copy.
[2026-09-27 23:15:18] [INFO] [BiharFloodAuto] Successfully pushed automation.log to Git.
[2026-09-27 23:15:18] [INFO] [BiharFloodAuto] Sleeping for 15 minutes. Next check at 23:30:18...
[2026-09-27 23:30:18] [INFO] [BiharFloodAuto] Executing 'git pull' to check for updates...
[2026-09-27 23:30:18] [INFO] [BiharFloodAuto] Repository is already up to date.
[2026-09-27 23:30:18] [INFO] [BiharFloodAuto] [*] Operation is OFF. Skipping Email Fetch and SFTP copy.
[2026-09-27 23:30:21] [INFO] [BiharFloodAuto] Successfully pushed automation.log to Git.
[2026-09-27 23:30:21] [INFO] [BiharFloodAuto] Sleeping for 15 minutes. Next check at 23:45:21...
[2026-09-27 23:45:21] [INFO] [BiharFloodAuto] Executing 'git pull' to check for updates...
[2026-09-27 23:45:22] [INFO] [BiharFloodAuto] Repository is already up to date.
[2026-09-27 23:45:22] [INFO] [BiharFloodAuto] [*] Operation is OFF. Skipping Email Fetch and SFTP copy.
[2026-09-27 23:45:24] [INFO] [BiharFloodAuto] Successfully pushed automation.log to Git.
[2026-09-27 23:45:24] [INFO] [BiharFloodAuto] Sleeping for 15 minutes. Next check at 00:00:24...
[2026-09-28 00:00:24] [INFO] [BiharFloodAuto] Executing 'git pull' to check for updates...
[2026-09-28 00:00:25] [INFO] [BiharFloodAuto] Repository is already up to date.
[2026-09-28 00:00:25] [INFO] [BiharFloodAuto] [*] Operation is OFF. Skipping Email Fetch and SFTP copy.
[2026-09-28 00:00:27] [INFO] [BiharFloodAuto] Successfully pushed automation.log to Git.
[2026-09-28 00:00:27] [INFO] [BiharFloodAuto] Sleeping for 15 minutes. Next check at 00:15:27...
[2026-09-28 00:15:28] [INFO] [BiharFloodAuto] Executing 'git pull' to check for updates...
[2026-09-28 00:15:28] [INFO] [BiharFloodAuto] Repository is already up to date.
[2026-09-28 00:15:28] [INFO] [BiharFloodAuto] [*] Operation is OFF. Skipping Email Fetch and SFTP copy.
[2026-09-28 00:15:31] [INFO] [BiharFloodAuto] Successfully pushed automation.log to Git.
[2026-09-28 00:15:31] [INFO] [BiharFloodAuto] Sleeping for 15 minutes. Next check at 00:30:31...
[2026-09-28 00:30:31] [INFO] [BiharFloodAuto] Executing 'git pull' to check for updates...
[2026-09-28 00:30:32] [INFO] [BiharFloodAuto] Repository is already up to date.
[2026-09-28 00:30:32] [INFO] [BiharFloodAuto] [*] Operation is OFF. Skipping Email Fetch and SFTP copy.
[2026-09-28 00:30:34] [INFO] [BiharFloodAuto] Successfully pushed automation.log to Git.
[2026-09-28 00:30:34] [INFO] [BiharFloodAuto] Sleeping for 15 minutes. Next check at 00:45:34...
[2026-09-28 00:45:34] [INFO] [BiharFloodAuto] Executing 'git pull' to check for updates...
[2026-09-28 00:45:35] [INFO] [BiharFloodAuto] Repository is already up to date.
[2026-09-28 00:45:35] [INFO] [BiharFloodAuto] [*] Operation is OFF. Skipping Email Fetch and SFTP copy.
[2026-09-28 00:45:37] [INFO] [BiharFloodAuto] Successfully pushed automation.log to Git.
[2026-09-28 00:45:37] [INFO] [BiharFloodAuto] Sleeping for 15 minutes. Next check at 01:00:37...
[2026-09-28 01:00:37] [INFO] [BiharFloodAuto] Executing 'git pull' to check for updates...
[2026-09-28 01:00:38] [INFO] [BiharFloodAuto] Repository is already up to date.
[2026-09-28 01:00:38] [INFO] [BiharFloodAuto] [*] Operation is OFF. Skipping Email Fetch and SFTP copy.
[2026-09-28 01:00:40] [INFO] [BiharFloodAuto] Successfully pushed automation.log to Git.
[2026-09-28 01:00:40] [INFO] [BiharFloodAuto] Sleeping for 15 minutes. Next check at 01:15:40...
[2026-09-28 01:15:40] [INFO] [BiharFloodAuto] Executing 'git pull' to check for updates...
[2026-09-28 01:15:41] [INFO] [BiharFloodAuto] Repository is already up to date.
[2026-09-28 01:15:41] [INFO] [BiharFloodAuto] [*] Operation is OFF. Skipping Email Fetch and SFTP copy.
[2026-09-28 01:15:43] [INFO] [BiharFloodAuto] Successfully pushed automation.log to Git.
[2026-09-28 01:15:43] [INFO] [BiharFloodAuto] Sleeping for 15 minutes. Next check at 01:30:43...
[2026-09-28 01:30:43] [INFO] [BiharFloodAuto] Executing 'git pull' to check for updates...
[2026-09-28 01:30:44] [INFO] [BiharFloodAuto] Repository is already up to date.
[2026-09-28 01:30:44] [INFO] [BiharFloodAuto] [*] Operation is OFF. Skipping Email Fetch and SFTP copy.
[2026-09-28 01:30:46] [INFO] [BiharFloodAuto] Successfully pushed automation.log to Git.
[2026-09-28 01:30:46] [INFO] [BiharFloodAuto] Sleeping for 15 minutes. Next check at 01:45:46...
[2026-09-28 01:45:46] [INFO] [BiharFloodAuto] Executing 'git pull' to check for updates...
[2026-09-28 01:45:47] [INFO] [BiharFloodAuto] Repository is already up to date.
[2026-09-28 01:45:47] [INFO] [BiharFloodAuto] [*] Operation is OFF. Skipping Email Fetch and SFTP copy.
[2026-09-28 01:45:49] [INFO] [BiharFloodAuto] Successfully pushed automation.log to Git.
[2026-09-28 01:45:49] [INFO] [BiharFloodAuto] Sleeping for 15 minutes. Next check at 02:00:49...
[2026-09-28 02:00:49] [INFO] [BiharFloodAuto] Executing 'git pull' to check for updates...
[2026-09-28 02:00:50] [INFO] [BiharFloodAuto] Repository is already up to date.
[2026-09-28 02:00:50] [INFO] [BiharFloodAuto] [*] Operation is OFF. Skipping Email Fetch and SFTP copy.
[2026-09-28 02:00:52] [INFO] [BiharFloodAuto] Successfully pushed automation.log to Git.
[2026-09-28 02:00:52] [INFO] [BiharFloodAuto] Sleeping for 15 minutes. Next check at 02:15:52...
[2026-09-28 02:15:53] [INFO] [BiharFloodAuto] Executing 'git pull' to check for updates...
[2026-09-28 02:15:54] [INFO] [BiharFloodAuto] Repository is already up to date.
[2026-09-28 02:15:54] [INFO] [BiharFloodAuto] [*] Operation is OFF. Skipping Email Fetch and SFTP copy.
[2026-09-28 02:15:56] [INFO] [BiharFloodAuto] Successfully pushed automation.log to Git.
[2026-09-28 02:15:56] [INFO] [BiharFloodAuto] Sleeping for 15 minutes. Next check at 02:30:56...
[2026-09-28 02:30:56] [INFO] [BiharFloodAuto] Executing 'git pull' to check for updates...
[2026-09-28 02:30:57] [INFO] [BiharFloodAuto] Repository is already up to date.
[2026-09-28 02:30:57] [INFO] [BiharFloodAuto] [*] Operation is OFF. Skipping Email Fetch and SFTP copy.
[2026-09-28 02:30:59] [INFO] [BiharFloodAuto] Successfully pushed automation.log to Git.
[2026-09-28 02:30:59] [INFO] [BiharFloodAuto] Sleeping for 15 minutes. Next check at 02:45:59...
[2026-09-28 02:45:59] [INFO] [BiharFloodAuto] Executing 'git pull' to check for updates...
[2026-09-28 02:46:00] [INFO] [BiharFloodAuto] Repository is already up to date.
[2026-09-28 02:46:00] [INFO] [BiharFloodAuto] [*] Operation is OFF. Skipping Email Fetch and SFTP copy.
[2026-09-28 02:46:02] [INFO] [BiharFloodAuto] Successfully pushed automation.log to Git.
[2026-09-28 02:46:02] [INFO] [BiharFloodAuto] Sleeping for 15 minutes. Next check at 03:01:02...
[2026-09-28 03:01:02] [INFO] [BiharFloodAuto] Executing 'git pull' to check for updates...
[2026-09-28 03:01:03] [INFO] [BiharFloodAuto] Repository is already up to date.
[2026-09-28 03:01:03] [INFO] [BiharFloodAuto] [*] Operation is OFF. Skipping Email Fetch and SFTP copy.
[2026-09-28 03:01:05] [INFO] [BiharFloodAuto] Successfully pushed automation.log to Git.
[2026-09-28 03:01:05] [INFO] [BiharFloodAuto] Sleeping for 15 minutes. Next check at 03:16:05...
[2026-09-28 03:16:06] [INFO] [BiharFloodAuto] Executing 'git pull' to check for updates...
[2026-09-28 03:16:06] [INFO] [BiharFloodAuto] Repository is already up to date.
[2026-09-28 03:16:06] [INFO] [BiharFloodAuto] [*] Operation is OFF. Skipping Email Fetch and SFTP copy.
[2026-09-28 03:16:09] [INFO] [BiharFloodAuto] Successfully pushed automation.log to Git.
[2026-09-28 03:16:09] [INFO] [BiharFloodAuto] Sleeping for 15 minutes. Next check at 03:31:09...
[2026-09-28 03:31:09] [INFO] [BiharFloodAuto] Executing 'git pull' to check for updates...
[2026-09-28 03:31:09] [INFO] [BiharFloodAuto] Repository is already up to date.
[2026-09-28 03:31:09] [INFO] [BiharFloodAuto] [*] Operation is OFF. Skipping Email Fetch and SFTP copy.
[2026-09-28 03:31:12] [INFO] [BiharFloodAuto] Successfully pushed automation.log to Git.
[2026-09-28 03:31:12] [INFO] [BiharFloodAuto] Sleeping for 15 minutes. Next check at 03:46:12...
[2026-09-28 03:46:12] [INFO] [BiharFloodAuto] Executing 'git pull' to check for updates...
[2026-09-28 03:46:13] [INFO] [BiharFloodAuto] Repository is already up to date.
[2026-09-28 03:46:13] [INFO] [BiharFloodAuto] [*] Operation is OFF. Skipping Email Fetch and SFTP copy.
[2026-09-28 03:46:15] [INFO] [BiharFloodAuto] Successfully pushed automation.log to Git.
[2026-09-28 03:46:15] [INFO] [BiharFloodAuto] Sleeping for 15 minutes. Next check at 04:01:15...
[2026-09-28 04:01:15] [INFO] [BiharFloodAuto] Executing 'git pull' to check for updates...
[2026-09-28 04:01:16] [INFO] [BiharFloodAuto] Repository is already up to date.
[2026-09-28 04:01:16] [INFO] [BiharFloodAuto] [*] Operation is OFF. Skipping Email Fetch and SFTP copy.
[2026-09-28 04:01:18] [INFO] [BiharFloodAuto] Successfully pushed automation.log to Git.
[2026-09-28 04:01:18] [INFO] [BiharFloodAuto] Sleeping for 15 minutes. Next check at 04:16:18...
[2026-09-28 04:16:18] [INFO] [BiharFloodAuto] Executing 'git pull' to check for updates...
[2026-09-28 04:16:19] [INFO] [BiharFloodAuto] Repository is already up to date.
[2026-09-28 04:16:19] [INFO] [BiharFloodAuto] [*] Operation is OFF. Skipping Email Fetch and SFTP copy.
[2026-09-28 04:16:22] [INFO] [BiharFloodAuto] Successfully pushed automation.log to Git.
[2026-09-28 04:16:22] [INFO] [BiharFloodAuto] Sleeping for 15 minutes. Next check at 04:31:22...
[2026-09-28 04:31:22] [INFO] [BiharFloodAuto] Executing 'git pull' to check for updates...
[2026-09-28 04:31:22] [INFO] [BiharFloodAuto] Repository is already up to date.
[2026-09-28 04:31:22] [INFO] [BiharFloodAuto] [*] Operation is OFF. Skipping Email Fetch and SFTP copy.
[2026-09-28 04:31:25] [INFO] [BiharFloodAuto] Successfully pushed automation.log to Git.
[2026-09-28 04:31:25] [INFO] [BiharFloodAuto] Sleeping for 15 minutes. Next check at 04:46:25...
[2026-09-28 04:46:25] [INFO] [BiharFloodAuto] Executing 'git pull' to check for updates...
[2026-09-28 04:46:26] [INFO] [BiharFloodAuto] Repository is already up to date.
[2026-09-28 04:46:26] [INFO] [BiharFloodAuto] [*] Operation is OFF. Skipping Email Fetch and SFTP copy.
[2026-09-28 04:46:28] [INFO] [BiharFloodAuto] Successfully pushed automation.log to Git.
[2026-09-28 04:46:28] [INFO] [BiharFloodAuto] Sleeping for 15 minutes. Next check at 05:01:28...
[2026-09-28 05:01:28] [INFO] [BiharFloodAuto] Executing 'git pull' to check for updates...
[2026-09-28 05:01:29] [INFO] [BiharFloodAuto] Repository is already up to date.
[2026-09-28 05:01:29] [INFO] [BiharFloodAuto] [*] Operation is OFF. Skipping Email Fetch and SFTP copy.
[2026-09-28 05:01:31] [INFO] [BiharFloodAuto] Successfully pushed automation.log to Git.
[2026-09-28 05:01:31] [INFO] [BiharFloodAuto] Sleeping for 15 minutes. Next check at 05:16:31...
[2026-09-28 05:16:31] [INFO] [BiharFloodAuto] Executing 'git pull' to check for updates...
[2026-09-28 05:16:32] [INFO] [BiharFloodAuto] Repository is already up to date.
[2026-09-28 05:16:32] [INFO] [BiharFloodAuto] [*] Operation is OFF. Skipping Email Fetch and SFTP copy.
[2026-09-28 05:16:35] [INFO] [BiharFloodAuto] Successfully pushed automation.log to Git.
[2026-09-28 05:16:35] [INFO] [BiharFloodAuto] Sleeping for 15 minutes. Next check at 05:31:35...
[2026-09-28 05:31:35] [INFO] [BiharFloodAuto] Executing 'git pull' to check for updates...
[2026-09-28 05:31:35] [INFO] [BiharFloodAuto] Repository is already up to date.
[2026-09-28 05:31:35] [INFO] [BiharFloodAuto] [*] Operation is OFF. Skipping Email Fetch and SFTP copy.
[2026-09-28 05:31:38] [INFO] [BiharFloodAuto] Successfully pushed automation.log to Git.
[2026-09-28 05:31:38] [INFO] [BiharFloodAuto] Sleeping for 15 minutes. Next check at 05:46:38...
[2026-09-28 05:46:38] [INFO] [BiharFloodAuto] Executing 'git pull' to check for updates...
[2026-09-28 05:46:39] [INFO] [BiharFloodAuto] Repository is already up to date.
[2026-09-28 05:46:39] [INFO] [BiharFloodAuto] [*] Operation is OFF. Skipping Email Fetch and SFTP copy.
[2026-09-28 05:46:41] [INFO] [BiharFloodAuto] Successfully pushed automation.log to Git.
[2026-09-28 05:46:41] [INFO] [BiharFloodAuto] Sleeping for 15 minutes. Next check at 06:01:41...
[2026-09-28 06:01:41] [INFO] [BiharFloodAuto] Executing 'git pull' to check for updates...
[2026-09-28 06:01:42] [INFO] [BiharFloodAuto] Repository is already up to date.
[2026-09-28 06:01:42] [INFO] [BiharFloodAuto] [*] Operation is OFF. Skipping Email Fetch and SFTP copy.
[2026-09-28 06:01:44] [INFO] [BiharFloodAuto] Successfully pushed automation.log to Git.
[2026-09-28 06:01:44] [INFO] [BiharFloodAuto] Sleeping for 15 minutes. Next check at 06:16:44...
[2026-09-28 06:16:44] [INFO] [BiharFloodAuto] Executing 'git pull' to check for updates...
[2026-09-28 06:16:45] [INFO] [BiharFloodAuto] Repository is already up to date.
[2026-09-28 06:16:45] [INFO] [BiharFloodAuto] [*] Operation is OFF. Skipping Email Fetch and SFTP copy.
[2026-09-28 06:16:47] [INFO] [BiharFloodAuto] Successfully pushed automation.log to Git.
[2026-09-28 06:16:47] [INFO] [BiharFloodAuto] Sleeping for 15 minutes. Next check at 06:31:47...
[2026-09-28 06:31:47] [INFO] [BiharFloodAuto] Executing 'git pull' to check for updates...
[2026-09-28 06:31:48] [INFO] [BiharFloodAuto] Repository is already up to date.
[2026-09-28 06:31:48] [INFO] [BiharFloodAuto] [*] Operation is OFF. Skipping Email Fetch and SFTP copy.
[2026-09-28 06:31:51] [INFO] [BiharFloodAuto] Successfully pushed automation.log to Git.
[2026-09-28 06:31:51] [INFO] [BiharFloodAuto] Sleeping for 15 minutes. Next check at 06:46:51...
[2026-09-28 06:46:51] [INFO] [BiharFloodAuto] Executing 'git pull' to check for updates...
[2026-09-28 06:46:51] [INFO] [BiharFloodAuto] Repository is already up to date.
[2026-09-28 06:46:51] [INFO] [BiharFloodAuto] [*] Operation is OFF. Skipping Email Fetch and SFTP copy.
[2026-09-28 06:46:54] [INFO] [BiharFloodAuto] Successfully pushed automation.log to Git.
[2026-09-28 06:46:54] [INFO] [BiharFloodAuto] Sleeping for 15 minutes. Next check at 07:01:54...
[2026-09-28 07:01:54] [INFO] [BiharFloodAuto] Executing 'git pull' to check for updates...
[2026-09-28 07:01:55] [INFO] [BiharFloodAuto] Repository is already up to date.
[2026-09-28 07:01:55] [INFO] [BiharFloodAuto] [*] Operation is OFF. Skipping Email Fetch and SFTP copy.
[2026-09-28 07:01:57] [INFO] [BiharFloodAuto] Successfully pushed automation.log to Git.
[2026-09-28 07:01:57] [INFO] [BiharFloodAuto] Sleeping for 15 minutes. Next check at 07:16:57...
[2026-09-28 07:16:57] [INFO] [BiharFloodAuto] Executing 'git pull' to check for updates...
[2026-09-28 07:16:58] [INFO] [BiharFloodAuto] Repository is already up to date.
[2026-09-28 07:16:58] [INFO] [BiharFloodAuto] [*] Operation is OFF. Skipping Email Fetch and SFTP copy.
[2026-09-28 07:17:00] [INFO] [BiharFloodAuto] Successfully pushed automation.log to Git.
[2026-09-28 07:17:00] [INFO] [BiharFloodAuto] Sleeping for 15 minutes. Next check at 07:32:00...
[2026-09-28 07:32:01] [INFO] [BiharFloodAuto] Executing 'git pull' to check for updates...
[2026-09-28 07:32:01] [INFO] [BiharFloodAuto] Repository is already up to date.
[2026-09-28 07:32:01] [INFO] [BiharFloodAuto] [*] Operation is OFF. Skipping Email Fetch and SFTP copy.
[2026-09-28 07:32:04] [INFO] [BiharFloodAuto] Successfully pushed automation.log to Git.
[2026-09-28 07:32:04] [INFO] [BiharFloodAuto] Sleeping for 15 minutes. Next check at 07:47:04...
[2026-09-28 07:47:04] [INFO] [BiharFloodAuto] Executing 'git pull' to check for updates...
[2026-09-28 07:47:04] [INFO] [BiharFloodAuto] Repository is already up to date.
[2026-09-28 07:47:04] [INFO] [BiharFloodAuto] [*] Operation is OFF. Skipping Email Fetch and SFTP copy.
[2026-09-28 07:47:07] [INFO] [BiharFloodAuto] Successfully pushed automation.log to Git.
[2026-09-28 07:47:07] [INFO] [BiharFloodAuto] Sleeping for 15 minutes. Next check at 08:02:07...
[2026-09-28 08:02:07] [INFO] [BiharFloodAuto] Executing 'git pull' to check for updates...
[2026-09-28 08:02:08] [INFO] [BiharFloodAuto] Repository is already up to date.
[2026-09-28 08:02:08] [INFO] [BiharFloodAuto] [*] Operation is OFF. Skipping Email Fetch and SFTP copy.
[2026-09-28 08:02:10] [INFO] [BiharFloodAuto] Successfully pushed automation.log to Git.
[2026-09-28 08:02:10] [INFO] [BiharFloodAuto] Sleeping for 15 minutes. Next check at 08:17:10...
[2026-09-28 08:17:10] [INFO] [BiharFloodAuto] Executing 'git pull' to check for updates...
[2026-09-28 08:17:11] [INFO] [BiharFloodAuto] Repository is already up to date.
[2026-09-28 08:17:11] [INFO] [BiharFloodAuto] [*] Operation is OFF. Skipping Email Fetch and SFTP copy.
[2026-09-28 08:17:13] [INFO] [BiharFloodAuto] Successfully pushed automation.log to Git.
[2026-09-28 08:17:13] [INFO] [BiharFloodAuto] Sleeping for 15 minutes. Next check at 08:32:13...
[2026-09-28 08:32:13] [INFO] [BiharFloodAuto] Executing 'git pull' to check for updates...
[2026-09-28 08:32:14] [INFO] [BiharFloodAuto] Repository is already up to date.
[2026-09-28 08:32:14] [INFO] [BiharFloodAuto] [*] Operation is OFF. Skipping Email Fetch and SFTP copy.
[2026-09-28 08:32:16] [INFO] [BiharFloodAuto] Successfully pushed automation.log to Git.
[2026-09-28 08:32:16] [INFO] [BiharFloodAuto] Sleeping for 15 minutes. Next check at 08:47:16...
[2026-09-28 08:47:17] [INFO] [BiharFloodAuto] Executing 'git pull' to check for updates...
[2026-09-28 08:47:17] [INFO] [BiharFloodAuto] Repository is already up to date.
[2026-09-28 08:47:17] [INFO] [BiharFloodAuto] [*] Operation is OFF. Skipping Email Fetch and SFTP copy.
[2026-09-28 08:47:20] [INFO] [BiharFloodAuto] Successfully pushed automation.log to Git.
[2026-09-28 08:47:20] [INFO] [BiharFloodAuto] Sleeping for 15 minutes. Next check at 09:02:20...
[2026-09-28 09:02:20] [INFO] [BiharFloodAuto] Executing 'git pull' to check for updates...
[2026-09-28 09:02:20] [INFO] [BiharFloodAuto] Repository is already up to date.
[2026-09-28 09:02:20] [INFO] [BiharFloodAuto] [*] Operation is OFF. Skipping Email Fetch and SFTP copy.
[2026-09-28 09:02:23] [INFO] [BiharFloodAuto] Successfully pushed automation.log to Git.
[2026-09-28 09:02:23] [INFO] [BiharFloodAuto] Sleeping for 15 minutes. Next check at 09:17:23...
[2026-09-28 09:17:23] [INFO] [BiharFloodAuto] Executing 'git pull' to check for updates...
[2026-09-28 09:17:23] [INFO] [BiharFloodAuto] Repository is already up to date.
[2026-09-28 09:17:23] [INFO] [BiharFloodAuto] [*] Operation is OFF. Skipping Email Fetch and SFTP copy.
[2026-09-28 09:17:26] [INFO] [BiharFloodAuto] Successfully pushed automation.log to Git.
[2026-09-28 09:17:26] [INFO] [BiharFloodAuto] Sleeping for 15 minutes. Next check at 09:32:26...
[2026-09-28 09:32:26] [INFO] [BiharFloodAuto] Executing 'git pull' to check for updates...
[2026-09-28 09:32:27] [INFO] [BiharFloodAuto] Repository is already up to date.
[2026-09-28 09:32:27] [INFO] [BiharFloodAuto] [*] Operation is OFF. Skipping Email Fetch and SFTP copy.
[2026-09-28 09:32:29] [INFO] [BiharFloodAuto] Successfully pushed automation.log to Git.
[2026-09-28 09:32:29] [INFO] [BiharFloodAuto] Sleeping for 15 minutes. Next check at 09:47:29...
[2026-09-28 09:47:29] [INFO] [BiharFloodAuto] Executing 'git pull' to check for updates...
[2026-09-28 09:47:30] [INFO] [BiharFloodAuto] Repository is already up to date.
[2026-09-28 09:47:30] [INFO] [BiharFloodAuto] [*] Operation is OFF. Skipping Email Fetch and SFTP copy.
[2026-09-28 09:47:32] [INFO] [BiharFloodAuto] Successfully pushed automation.log to Git.
[2026-09-28 09:47:32] [INFO] [BiharFloodAuto] Sleeping for 15 minutes. Next check at 10:02:32...
[2026-09-28 10:02:32] [INFO] [BiharFloodAuto] Executing 'git pull' to check for updates...
[2026-09-28 10:02:33] [INFO] [BiharFloodAuto] Repository is already up to date.
[2026-09-28 10:02:33] [INFO] [BiharFloodAuto] [*] Operation is OFF. Skipping Email Fetch and SFTP copy.
[2026-09-28 10:02:36] [INFO] [BiharFloodAuto] Successfully pushed automation.log to Git.
[2026-09-28 10:02:36] [INFO] [BiharFloodAuto] Sleeping for 15 minutes. Next check at 10:17:36...
[2026-09-28 10:17:36] [INFO] [BiharFloodAuto] Executing 'git pull' to check for updates...
[2026-09-28 10:17:37] [INFO] [BiharFloodAuto] Repository is already up to date.
[2026-09-28 10:17:37] [INFO] [BiharFloodAuto] [*] Operation is OFF. Skipping Email Fetch and SFTP copy.
[2026-09-28 10:17:41] [INFO] [BiharFloodAuto] Successfully pushed automation.log to Git.
[2026-09-28 10:17:41] [INFO] [BiharFloodAuto] Sleeping for 15 minutes. Next check at 10:32:41...
[2026-09-28 10:32:41] [INFO] [BiharFloodAuto] Executing 'git pull' to check for updates...
[2026-09-28 10:32:42] [INFO] [BiharFloodAuto] Repository is already up to date.
[2026-09-28 10:32:42] [INFO] [BiharFloodAuto] [*] Operation is OFF. Skipping Email Fetch and SFTP copy.
[2026-09-28 10:32:45] [INFO] [BiharFloodAuto] Successfully pushed automation.log to Git.
[2026-09-28 10:32:45] [INFO] [BiharFloodAuto] Sleeping for 15 minutes. Next check at 10:47:45...
[2026-09-28 10:47:45] [INFO] [BiharFloodAuto] Executing 'git pull' to check for updates...
[2026-09-28 10:47:46] [INFO] [BiharFloodAuto] Repository is already up to date.
[2026-09-28 10:47:46] [INFO] [BiharFloodAuto] [*] Operation is OFF. Skipping Email Fetch and SFTP copy.
[2026-09-28 10:47:49] [INFO] [BiharFloodAuto] Successfully pushed automation.log to Git.
[2026-09-28 10:47:49] [INFO] [BiharFloodAuto] Sleeping for 15 minutes. Next check at 11:02:49...
[2026-09-28 11:02:49] [INFO] [BiharFloodAuto] Executing 'git pull' to check for updates...
[2026-09-28 11:02:50] [INFO] [BiharFloodAuto] Repository is already up to date.
[2026-09-28 11:02:50] [INFO] [BiharFloodAuto] [*] Operation is OFF. Skipping Email Fetch and SFTP copy.
[2026-09-28 11:02:52] [INFO] [BiharFloodAuto] Successfully pushed automation.log to Git.
[2026-09-28 11:02:52] [INFO] [BiharFloodAuto] Sleeping for 15 minutes. Next check at 11:17:52...
[2026-09-28 11:17:52] [INFO] [BiharFloodAuto] Executing 'git pull' to check for updates...
[2026-09-28 11:17:54] [INFO] [BiharFloodAuto] Repository is already up to date.
[2026-09-28 11:17:54] [INFO] [BiharFloodAuto] [*] Operation is OFF. Skipping Email Fetch and SFTP copy.
[2026-09-28 11:17:57] [INFO] [BiharFloodAuto] Successfully pushed automation.log to Git.
[2026-09-28 11:17:57] [INFO] [BiharFloodAuto] Sleeping for 15 minutes. Next check at 11:32:57...
[2026-09-28 11:32:57] [INFO] [BiharFloodAuto] Executing 'git pull' to check for updates...
[2026-09-28 11:32:59] [INFO] [BiharFloodAuto] Git pull downloaded new changes. HEAD moved from 1c00c66 to 7b7518c.
[2026-09-28 11:32:59] [INFO] [BiharFloodAuto] Searching Gmail for UNREAD emails with 'Inundation Probability'...
[2026-09-28 11:33:00] [INFO] [BiharFloodAuto] [MATCH] Found email with Subject: 'Inundation Probability 28-09-2026 AND 29-09-2026'
[2026-09-28 11:33:00] [INFO] [BiharFloodAuto]    -> Downloading: 29092026.zip (Saving as 29092026.zip)
[2026-09-28 11:33:03] [INFO] [BiharFloodAuto]    -> Saved successfully to /home/sac/Documents/python_script/bihar_flood_automate/29092026.zip
[2026-09-28 11:33:03] [INFO] [BiharFloodAuto]    -> Downloading: 28092026.zip (Saving as 28092026.zip)
[2026-09-28 11:33:06] [INFO] [BiharFloodAuto]    -> Saved successfully to /home/sac/Documents/python_script/bihar_flood_automate/28092026.zip
[2026-09-28 11:33:07] [INFO] [BiharFloodAuto]    -> Marked email as read.
[2026-09-28 11:33:07] [INFO] [paramiko.transport] Connected (version 2.0, client OpenSSH_8.9p1)
[2026-09-28 11:33:07] [INFO] [paramiko.transport] Authentication (password) successful!
[2026-09-28 11:33:07] [INFO] [paramiko.transport.sftp] [chan 0] Opened sftp connection (server version 3)
[2026-09-28 11:33:07] [INFO] [BiharFloodAuto] [+] Overwriting: 23092026.zip -> server...
[2026-09-28 11:33:08] [INFO] [BiharFloodAuto] [+] Overwriting: 25092026.zip -> server...
[2026-09-28 11:33:08] [INFO] [BiharFloodAuto] [+] Overwriting: 12092026.zip -> server...
[2026-09-28 11:33:08] [INFO] [BiharFloodAuto] [+] Overwriting: 14092026.zip -> server...
[2026-09-28 11:33:08] [INFO] [BiharFloodAuto] [+] Overwriting: 09092026.zip -> server...
[2026-09-28 11:33:08] [INFO] [BiharFloodAuto] [+] Overwriting: 29092026.zip -> server...
[2026-09-28 11:33:08] [INFO] [BiharFloodAuto] [+] Overwriting: 07092026.zip -> server...
[2026-09-28 11:33:08] [INFO] [BiharFloodAuto] [+] Overwriting: 28092026.zip -> server...
[2026-09-28 11:33:09] [INFO] [BiharFloodAuto] [+] Overwriting: 31082026.zip -> server...
[2026-09-28 11:33:09] [INFO] [BiharFloodAuto] [+] Overwriting: 29082026.zip -> server...
[2026-09-28 11:33:09] [INFO] [BiharFloodAuto] [+] Overwriting: 22092026.zip -> server...
[2026-09-28 11:33:09] [INFO] [BiharFloodAuto] [+] Overwriting: 08092026.zip -> server...
[2026-09-28 11:33:09] [INFO] [BiharFloodAuto] [+] Overwriting: 13092026.zip -> server...
[2026-09-28 11:33:09] [INFO] [BiharFloodAuto] [+] Overwriting: 10092026.zip -> server...
[2026-09-28 11:33:09] [INFO] [BiharFloodAuto] [+] Overwriting: 03092026.zip -> server...
[2026-09-28 11:33:10] [INFO] [BiharFloodAuto] [+] Overwriting: 01092026.zip -> server...
[2026-09-28 11:33:10] [INFO] [BiharFloodAuto] [+] Overwriting: 17092026.zip -> server...
[2026-09-28 11:33:10] [INFO] [BiharFloodAuto] [+] Overwriting: 30082026.zip -> server...
[2026-09-28 11:33:10] [INFO] [BiharFloodAuto] [+] Overwriting: 06092026.zip -> server...
[2026-09-28 11:33:10] [INFO] [BiharFloodAuto] [+] Overwriting: 16092026.zip -> server...
[2026-09-28 11:33:10] [INFO] [BiharFloodAuto] [+] Overwriting: 05092026.zip -> server...
[2026-09-28 11:33:10] [INFO] [BiharFloodAuto] [+] Overwriting: 24092026.zip -> server...
[2026-09-28 11:33:11] [INFO] [BiharFloodAuto] [+] Overwriting: 18092026.zip -> server...
[2026-09-28 11:33:11] [INFO] [BiharFloodAuto] [+] Overwriting: 26092026.zip -> server...
[2026-09-28 11:33:11] [INFO] [BiharFloodAuto] [+] Overwriting: 27092026.zip -> server...
[2026-09-28 11:33:11] [INFO] [BiharFloodAuto] [+] Overwriting: 11092026.zip -> server...
[2026-09-28 11:33:11] [INFO] [BiharFloodAuto] [+] Overwriting: 02092026.zip -> server...
[2026-09-28 11:33:11] [INFO] [BiharFloodAuto] [+] Overwriting: 04092026.zip -> server...
[2026-09-28 11:33:11] [INFO] [BiharFloodAuto] [+] Successfully copied 28 file(s).
[2026-09-28 11:33:11] [INFO] [paramiko.transport.sftp] [chan 0] sftp session closed.
[2026-09-28 11:33:15] [INFO] [BiharFloodAuto] Successfully pushed automation.log to Git.
[2026-09-28 11:33:15] [INFO] [BiharFloodAuto] Sleeping for 15 minutes. Next check at 11:48:15...
[2026-09-28 11:48:15] [INFO] [BiharFloodAuto] Executing 'git pull' to check for updates...
[2026-09-28 11:48:16] [INFO] [BiharFloodAuto] Git pull downloaded new changes. HEAD moved from d3a4704 to 4aac66d.
[2026-09-28 11:48:16] [INFO] [BiharFloodAuto] [*] Operation is OFF. Skipping Email Fetch and SFTP copy.
[2026-09-28 11:48:18] [INFO] [BiharFloodAuto] Successfully pushed automation.log to Git.
[2026-09-28 11:48:18] [INFO] [BiharFloodAuto] Sleeping for 15 minutes. Next check at 12:03:18...
[2026-09-28 12:03:18] [INFO] [BiharFloodAuto] Executing 'git pull' to check for updates...
[2026-09-28 12:03:19] [INFO] [BiharFloodAuto] Repository is already up to date.
[2026-09-28 12:03:19] [INFO] [BiharFloodAuto] [*] Operation is OFF. Skipping Email Fetch and SFTP copy.
[2026-09-28 12:03:22] [INFO] [BiharFloodAuto] Successfully pushed automation.log to Git.
[2026-09-28 12:03:22] [INFO] [BiharFloodAuto] Sleeping for 15 minutes. Next check at 12:18:22...
[2026-09-28 12:18:23] [INFO] [BiharFloodAuto] Executing 'git pull' to check for updates...
[2026-09-28 12:18:24] [INFO] [BiharFloodAuto] Repository is already up to date.
[2026-09-28 12:18:24] [INFO] [BiharFloodAuto] [*] Operation is OFF. Skipping Email Fetch and SFTP copy.
[2026-09-28 12:18:26] [INFO] [BiharFloodAuto] Successfully pushed automation.log to Git.
[2026-09-28 12:18:26] [INFO] [BiharFloodAuto] Sleeping for 15 minutes. Next check at 12:33:26...
[2026-09-28 12:33:26] [INFO] [BiharFloodAuto] Executing 'git pull' to check for updates...
[2026-09-28 12:33:27] [INFO] [BiharFloodAuto] Repository is already up to date.
[2026-09-28 12:33:27] [INFO] [BiharFloodAuto] [*] Operation is OFF. Skipping Email Fetch and SFTP copy.
[2026-09-28 12:33:30] [INFO] [BiharFloodAuto] Successfully pushed automation.log to Git.
[2026-09-28 12:33:30] [INFO] [BiharFloodAuto] Sleeping for 15 minutes. Next check at 12:48:30...
[2026-09-28 12:48:30] [INFO] [BiharFloodAuto] Executing 'git pull' to check for updates...
[2026-09-28 12:48:31] [INFO] [BiharFloodAuto] Repository is already up to date.
[2026-09-28 12:48:31] [INFO] [BiharFloodAuto] [*] Operation is OFF. Skipping Email Fetch and SFTP copy.
[2026-09-28 12:48:34] [INFO] [BiharFloodAuto] Successfully pushed automation.log to Git.
[2026-09-28 12:48:34] [INFO] [BiharFloodAuto] Sleeping for 15 minutes. Next check at 13:03:34...
[2026-09-28 13:03:34] [INFO] [BiharFloodAuto] Executing 'git pull' to check for updates...
[2026-09-28 13:03:35] [INFO] [BiharFloodAuto] Repository is already up to date.
[2026-09-28 13:03:35] [INFO] [BiharFloodAuto] [*] Operation is OFF. Skipping Email Fetch and SFTP copy.
[2026-09-28 13:03:40] [INFO] [BiharFloodAuto] Successfully pushed automation.log to Git.
[2026-09-28 13:03:40] [INFO] [BiharFloodAuto] Sleeping for 15 minutes. Next check at 13:18:40...
[2026-09-28 13:18:40] [INFO] [BiharFloodAuto] Executing 'git pull' to check for updates...
[2026-09-28 13:18:41] [INFO] [BiharFloodAuto] Repository is already up to date.
[2026-09-28 13:18:41] [INFO] [BiharFloodAuto] [*] Operation is OFF. Skipping Email Fetch and SFTP copy.
[2026-09-28 13:18:44] [INFO] [BiharFloodAuto] Successfully pushed automation.log to Git.
[2026-09-28 13:18:44] [INFO] [BiharFloodAuto] Sleeping for 15 minutes. Next check at 13:33:44...
[2026-09-28 13:33:44] [INFO] [BiharFloodAuto] Executing 'git pull' to check for updates...
[2026-09-28 13:33:46] [INFO] [BiharFloodAuto] Repository is already up to date.
[2026-09-28 13:33:46] [INFO] [BiharFloodAuto] [*] Operation is OFF. Skipping Email Fetch and SFTP copy.
[2026-09-28 13:33:49] [INFO] [BiharFloodAuto] Successfully pushed automation.log to Git.
[2026-09-28 13:33:49] [INFO] [BiharFloodAuto] Sleeping for 15 minutes. Next check at 13:48:49...
[2026-09-28 13:48:49] [INFO] [BiharFloodAuto] Executing 'git pull' to check for updates...
[2026-09-28 13:48:50] [INFO] [BiharFloodAuto] Repository is already up to date.
[2026-09-28 13:48:50] [INFO] [BiharFloodAuto] [*] Operation is OFF. Skipping Email Fetch and SFTP copy.
[2026-09-28 13:48:52] [INFO] [BiharFloodAuto] Successfully pushed automation.log to Git.
[2026-09-28 13:48:52] [INFO] [BiharFloodAuto] Sleeping for 15 minutes. Next check at 14:03:52...
[2026-09-28 14:03:52] [INFO] [BiharFloodAuto] Executing 'git pull' to check for updates...
[2026-09-28 14:03:53] [INFO] [BiharFloodAuto] Repository is already up to date.
[2026-09-28 14:03:54] [INFO] [BiharFloodAuto] [*] Operation is OFF. Skipping Email Fetch and SFTP copy.
[2026-09-28 14:03:58] [INFO] [BiharFloodAuto] Successfully pushed automation.log to Git.
[2026-09-28 14:03:58] [INFO] [BiharFloodAuto] Sleeping for 15 minutes. Next check at 14:18:58...
[2026-09-28 14:18:58] [INFO] [BiharFloodAuto] Executing 'git pull' to check for updates...
[2026-09-28 14:18:59] [INFO] [BiharFloodAuto] Repository is already up to date.
[2026-09-28 14:18:59] [INFO] [BiharFloodAuto] [*] Operation is OFF. Skipping Email Fetch and SFTP copy.
[2026-09-28 14:19:01] [INFO] [BiharFloodAuto] Successfully pushed automation.log to Git.
[2026-09-28 14:19:01] [INFO] [BiharFloodAuto] Sleeping for 15 minutes. Next check at 14:34:01...
[2026-09-28 14:34:01] [INFO] [BiharFloodAuto] Executing 'git pull' to check for updates...
[2026-09-28 14:34:02] [INFO] [BiharFloodAuto] Repository is already up to date.
[2026-09-28 14:34:02] [INFO] [BiharFloodAuto] [*] Operation is OFF. Skipping Email Fetch and SFTP copy.
[2026-09-28 14:34:05] [INFO] [BiharFloodAuto] Successfully pushed automation.log to Git.
[2026-09-28 14:34:05] [INFO] [BiharFloodAuto] Sleeping for 15 minutes. Next check at 14:49:05...
[2026-09-28 14:49:05] [INFO] [BiharFloodAuto] Executing 'git pull' to check for updates...
[2026-09-28 14:49:06] [INFO] [BiharFloodAuto] Repository is already up to date.
[2026-09-28 14:49:06] [INFO] [BiharFloodAuto] [*] Operation is OFF. Skipping Email Fetch and SFTP copy.
[2026-09-28 14:49:08] [INFO] [BiharFloodAuto] Successfully pushed automation.log to Git.
[2026-09-28 14:49:08] [INFO] [BiharFloodAuto] Sleeping for 15 minutes. Next check at 15:04:08...
[2026-09-28 15:04:08] [INFO] [BiharFloodAuto] Executing 'git pull' to check for updates...
[2026-09-28 15:04:09] [INFO] [BiharFloodAuto] Repository is already up to date.
[2026-09-28 15:04:09] [INFO] [BiharFloodAuto] [*] Operation is OFF. Skipping Email Fetch and SFTP copy.
[2026-09-28 15:04:12] [INFO] [BiharFloodAuto] Successfully pushed automation.log to Git.
[2026-09-28 15:04:12] [INFO] [BiharFloodAuto] Sleeping for 15 minutes. Next check at 15:19:12...
[2026-09-28 15:19:12] [INFO] [BiharFloodAuto] Executing 'git pull' to check for updates...
[2026-09-28 15:19:14] [INFO] [BiharFloodAuto] Repository is already up to date.
[2026-09-28 15:19:14] [INFO] [BiharFloodAuto] [*] Operation is OFF. Skipping Email Fetch and SFTP copy.
[2026-09-28 15:19:16] [INFO] [BiharFloodAuto] Successfully pushed automation.log to Git.
[2026-09-28 15:19:16] [INFO] [BiharFloodAuto] Sleeping for 15 minutes. Next check at 15:34:16...
[2026-09-28 15:34:16] [INFO] [BiharFloodAuto] Executing 'git pull' to check for updates...
[2026-09-28 15:34:17] [INFO] [BiharFloodAuto] Repository is already up to date.
[2026-09-28 15:34:17] [INFO] [BiharFloodAuto] [*] Operation is OFF. Skipping Email Fetch and SFTP copy.
[2026-09-28 15:34:20] [INFO] [BiharFloodAuto] Successfully pushed automation.log to Git.
[2026-09-28 15:34:20] [INFO] [BiharFloodAuto] Sleeping for 15 minutes. Next check at 15:49:20...
[2026-09-28 15:49:20] [INFO] [BiharFloodAuto] Executing 'git pull' to check for updates...
[2026-09-28 15:49:21] [INFO] [BiharFloodAuto] Repository is already up to date.
[2026-09-28 15:49:21] [INFO] [BiharFloodAuto] [*] Operation is OFF. Skipping Email Fetch and SFTP copy.
[2026-09-28 15:49:23] [INFO] [BiharFloodAuto] Successfully pushed automation.log to Git.
[2026-09-28 15:49:23] [INFO] [BiharFloodAuto] Sleeping for 15 minutes. Next check at 16:04:23...
[2026-09-28 16:04:23] [INFO] [BiharFloodAuto] Executing 'git pull' to check for updates...
[2026-09-28 16:04:25] [INFO] [BiharFloodAuto] Repository is already up to date.
[2026-09-28 16:04:25] [INFO] [BiharFloodAuto] [*] Operation is OFF. Skipping Email Fetch and SFTP copy.
[2026-09-28 16:04:28] [INFO] [BiharFloodAuto] Successfully pushed automation.log to Git.
[2026-09-28 16:04:28] [INFO] [BiharFloodAuto] Sleeping for 15 minutes. Next check at 16:19:28...
[2026-09-28 16:19:28] [INFO] [BiharFloodAuto] Executing 'git pull' to check for updates...
[2026-09-28 16:19:30] [INFO] [BiharFloodAuto] Repository is already up to date.
[2026-09-28 16:19:30] [INFO] [BiharFloodAuto] [*] Operation is OFF. Skipping Email Fetch and SFTP copy.
[2026-09-28 16:19:33] [INFO] [BiharFloodAuto] Successfully pushed automation.log to Git.
[2026-09-28 16:19:33] [INFO] [BiharFloodAuto] Sleeping for 15 minutes. Next check at 16:34:33...
[2026-09-28 16:34:33] [INFO] [BiharFloodAuto] Executing 'git pull' to check for updates...
[2026-09-28 16:34:34] [INFO] [BiharFloodAuto] Repository is already up to date.
[2026-09-28 16:34:34] [INFO] [BiharFloodAuto] [*] Operation is OFF. Skipping Email Fetch and SFTP copy.
[2026-09-28 16:34:36] [INFO] [BiharFloodAuto] Successfully pushed automation.log to Git.
[2026-09-28 16:34:36] [INFO] [BiharFloodAuto] Sleeping for 15 minutes. Next check at 16:49:36...
[2026-09-28 16:49:36] [INFO] [BiharFloodAuto] Executing 'git pull' to check for updates...
[2026-09-28 16:49:37] [INFO] [BiharFloodAuto] Repository is already up to date.
[2026-09-28 16:49:37] [INFO] [BiharFloodAuto] [*] Operation is OFF. Skipping Email Fetch and SFTP copy.
[2026-09-28 16:49:40] [INFO] [BiharFloodAuto] Successfully pushed automation.log to Git.
[2026-09-28 16:49:40] [INFO] [BiharFloodAuto] Sleeping for 15 minutes. Next check at 17:04:40...
[2026-09-28 17:04:40] [INFO] [BiharFloodAuto] Executing 'git pull' to check for updates...
[2026-09-28 17:04:41] [INFO] [BiharFloodAuto] Repository is already up to date.
[2026-09-28 17:04:41] [INFO] [BiharFloodAuto] [*] Operation is OFF. Skipping Email Fetch and SFTP copy.
[2026-09-28 17:04:43] [INFO] [BiharFloodAuto] Successfully pushed automation.log to Git.
[2026-09-28 17:04:43] [INFO] [BiharFloodAuto] Sleeping for 15 minutes. Next check at 17:19:43...
[2026-09-28 17:19:43] [INFO] [BiharFloodAuto] Executing 'git pull' to check for updates...
[2026-09-28 17:19:44] [INFO] [BiharFloodAuto] Repository is already up to date.
[2026-09-28 17:19:44] [INFO] [BiharFloodAuto] [*] Operation is OFF. Skipping Email Fetch and SFTP copy.
[2026-09-28 17:19:48] [INFO] [BiharFloodAuto] Successfully pushed automation.log to Git.
[2026-09-28 17:19:48] [INFO] [BiharFloodAuto] Sleeping for 15 minutes. Next check at 17:34:48...
[2026-09-28 17:34:48] [INFO] [BiharFloodAuto] Executing 'git pull' to check for updates...
[2026-09-28 17:34:49] [INFO] [BiharFloodAuto] Repository is already up to date.
[2026-09-28 17:34:49] [INFO] [BiharFloodAuto] [*] Operation is OFF. Skipping Email Fetch and SFTP copy.
[2026-09-28 17:34:51] [INFO] [BiharFloodAuto] Successfully pushed automation.log to Git.
[2026-09-28 17:34:51] [INFO] [BiharFloodAuto] Sleeping for 15 minutes. Next check at 17:49:51...
[2026-09-28 17:49:51] [INFO] [BiharFloodAuto] Executing 'git pull' to check for updates...
[2026-09-28 17:49:52] [INFO] [BiharFloodAuto] Repository is already up to date.
[2026-09-28 17:49:52] [INFO] [BiharFloodAuto] [*] Operation is OFF. Skipping Email Fetch and SFTP copy.
[2026-09-28 17:49:54] [INFO] [BiharFloodAuto] Successfully pushed automation.log to Git.
[2026-09-28 17:49:54] [INFO] [BiharFloodAuto] Sleeping for 15 minutes. Next check at 18:04:54...
[2026-09-28 18:04:54] [INFO] [BiharFloodAuto] Executing 'git pull' to check for updates...
[2026-09-28 18:04:55] [INFO] [BiharFloodAuto] Repository is already up to date.
[2026-09-28 18:04:55] [INFO] [BiharFloodAuto] [*] Operation is OFF. Skipping Email Fetch and SFTP copy.
[2026-09-28 18:04:58] [INFO] [BiharFloodAuto] Successfully pushed automation.log to Git.
[2026-09-28 18:04:58] [INFO] [BiharFloodAuto] Sleeping for 15 minutes. Next check at 18:19:58...
[2026-09-28 18:19:58] [INFO] [BiharFloodAuto] Executing 'git pull' to check for updates...
[2026-09-28 18:19:58] [INFO] [BiharFloodAuto] Repository is already up to date.
[2026-09-28 18:19:59] [INFO] [BiharFloodAuto] [*] Operation is OFF. Skipping Email Fetch and SFTP copy.
[2026-09-28 18:20:01] [INFO] [BiharFloodAuto] Successfully pushed automation.log to Git.
[2026-09-28 18:20:01] [INFO] [BiharFloodAuto] Sleeping for 15 minutes. Next check at 18:35:01...
[2026-09-28 18:35:01] [INFO] [BiharFloodAuto] Executing 'git pull' to check for updates...
[2026-09-28 18:35:02] [INFO] [BiharFloodAuto] Repository is already up to date.
[2026-09-28 18:35:02] [INFO] [BiharFloodAuto] [*] Operation is OFF. Skipping Email Fetch and SFTP copy.
[2026-09-28 18:35:05] [INFO] [BiharFloodAuto] Successfully pushed automation.log to Git.
[2026-09-28 18:35:05] [INFO] [BiharFloodAuto] Sleeping for 15 minutes. Next check at 18:50:05...
[2026-09-28 18:50:05] [INFO] [BiharFloodAuto] Executing 'git pull' to check for updates...
[2026-09-28 18:50:05] [INFO] [BiharFloodAuto] Repository is already up to date.
[2026-09-28 18:50:05] [INFO] [BiharFloodAuto] [*] Operation is OFF. Skipping Email Fetch and SFTP copy.
[2026-09-28 18:50:08] [INFO] [BiharFloodAuto] Successfully pushed automation.log to Git.
[2026-09-28 18:50:08] [INFO] [BiharFloodAuto] Sleeping for 15 minutes. Next check at 19:05:08...
[2026-09-28 19:05:08] [INFO] [BiharFloodAuto] Executing 'git pull' to check for updates...
[2026-09-28 19:05:09] [INFO] [BiharFloodAuto] Repository is already up to date.
[2026-09-28 19:05:09] [INFO] [BiharFloodAuto] [*] Operation is OFF. Skipping Email Fetch and SFTP copy.
[2026-09-28 19:05:12] [INFO] [BiharFloodAuto] Successfully pushed automation.log to Git.
[2026-09-28 19:05:12] [INFO] [BiharFloodAuto] Sleeping for 15 minutes. Next check at 19:20:12...
[2026-09-28 19:20:12] [INFO] [BiharFloodAuto] Executing 'git pull' to check for updates...
[2026-09-28 19:20:13] [INFO] [BiharFloodAuto] Repository is already up to date.
[2026-09-28 19:20:13] [INFO] [BiharFloodAuto] [*] Operation is OFF. Skipping Email Fetch and SFTP copy.
[2026-09-28 19:20:16] [INFO] [BiharFloodAuto] Successfully pushed automation.log to Git.
[2026-09-28 19:20:16] [INFO] [BiharFloodAuto] Sleeping for 15 minutes. Next check at 19:35:16...
[2026-09-28 19:35:16] [INFO] [BiharFloodAuto] Executing 'git pull' to check for updates...
[2026-09-28 19:35:17] [INFO] [BiharFloodAuto] Repository is already up to date.
[2026-09-28 19:35:17] [INFO] [BiharFloodAuto] [*] Operation is OFF. Skipping Email Fetch and SFTP copy.
[2026-09-28 19:35:19] [INFO] [BiharFloodAuto] Successfully pushed automation.log to Git.
[2026-09-28 19:35:19] [INFO] [BiharFloodAuto] Sleeping for 15 minutes. Next check at 19:50:19...
[2026-09-28 19:50:19] [INFO] [BiharFloodAuto] Executing 'git pull' to check for updates...
[2026-09-28 19:50:20] [INFO] [BiharFloodAuto] Repository is already up to date.
[2026-09-28 19:50:20] [INFO] [BiharFloodAuto] [*] Operation is OFF. Skipping Email Fetch and SFTP copy.
[2026-09-28 19:50:23] [INFO] [BiharFloodAuto] Successfully pushed automation.log to Git.
[2026-09-28 19:50:23] [INFO] [BiharFloodAuto] Sleeping for 15 minutes. Next check at 20:05:23...
[2026-09-28 20:05:23] [INFO] [BiharFloodAuto] Executing 'git pull' to check for updates...
[2026-09-28 20:05:24] [INFO] [BiharFloodAuto] Repository is already up to date.
[2026-09-28 20:05:24] [INFO] [BiharFloodAuto] [*] Operation is OFF. Skipping Email Fetch and SFTP copy.
[2026-09-28 20:05:26] [INFO] [BiharFloodAuto] Successfully pushed automation.log to Git.
[2026-09-28 20:05:26] [INFO] [BiharFloodAuto] Sleeping for 15 minutes. Next check at 20:20:26...
[2026-09-28 20:20:26] [INFO] [BiharFloodAuto] Executing 'git pull' to check for updates...
[2026-09-28 20:20:27] [INFO] [BiharFloodAuto] Repository is already up to date.
[2026-09-28 20:20:27] [INFO] [BiharFloodAuto] [*] Operation is OFF. Skipping Email Fetch and SFTP copy.
[2026-09-28 20:20:30] [INFO] [BiharFloodAuto] Successfully pushed automation.log to Git.
[2026-09-28 20:20:30] [INFO] [BiharFloodAuto] Sleeping for 15 minutes. Next check at 20:35:30...
[2026-09-28 20:35:30] [INFO] [BiharFloodAuto] Executing 'git pull' to check for updates...
[2026-09-28 20:35:31] [INFO] [BiharFloodAuto] Repository is already up to date.
[2026-09-28 20:35:31] [INFO] [BiharFloodAuto] [*] Operation is OFF. Skipping Email Fetch and SFTP copy.
[2026-09-28 20:35:33] [INFO] [BiharFloodAuto] Successfully pushed automation.log to Git.
[2026-09-28 20:35:33] [INFO] [BiharFloodAuto] Sleeping for 15 minutes. Next check at 20:50:33...
[2026-09-28 20:50:34] [INFO] [BiharFloodAuto] Executing 'git pull' to check for updates...
[2026-09-28 20:50:34] [INFO] [BiharFloodAuto] Repository is already up to date.
[2026-09-28 20:50:34] [INFO] [BiharFloodAuto] [*] Operation is OFF. Skipping Email Fetch and SFTP copy.
[2026-09-28 20:50:37] [INFO] [BiharFloodAuto] Successfully pushed automation.log to Git.
[2026-09-28 20:50:37] [INFO] [BiharFloodAuto] Sleeping for 15 minutes. Next check at 21:05:37...
[2026-09-28 21:05:37] [INFO] [BiharFloodAuto] Executing 'git pull' to check for updates...
[2026-09-28 21:05:38] [INFO] [BiharFloodAuto] Repository is already up to date.
[2026-09-28 21:05:38] [INFO] [BiharFloodAuto] [*] Operation is OFF. Skipping Email Fetch and SFTP copy.
[2026-09-28 21:05:41] [INFO] [BiharFloodAuto] Successfully pushed automation.log to Git.
[2026-09-28 21:05:41] [INFO] [BiharFloodAuto] Sleeping for 15 minutes. Next check at 21:20:41...
[2026-09-28 21:20:41] [INFO] [BiharFloodAuto] Executing 'git pull' to check for updates...
[2026-09-28 21:20:42] [INFO] [BiharFloodAuto] Repository is already up to date.
[2026-09-28 21:20:42] [INFO] [BiharFloodAuto] [*] Operation is OFF. Skipping Email Fetch and SFTP copy.
[2026-09-28 21:20:45] [INFO] [BiharFloodAuto] Successfully pushed automation.log to Git.
[2026-09-28 21:20:45] [INFO] [BiharFloodAuto] Sleeping for 15 minutes. Next check at 21:35:45...
[2026-09-28 21:35:45] [INFO] [BiharFloodAuto] Executing 'git pull' to check for updates...
[2026-09-28 21:35:45] [INFO] [BiharFloodAuto] Repository is already up to date.
[2026-09-28 21:35:45] [INFO] [BiharFloodAuto] [*] Operation is OFF. Skipping Email Fetch and SFTP copy.
[2026-09-28 21:35:48] [INFO] [BiharFloodAuto] Successfully pushed automation.log to Git.
[2026-09-28 21:35:48] [INFO] [BiharFloodAuto] Sleeping for 15 minutes. Next check at 21:50:48...
[2026-09-28 21:50:48] [INFO] [BiharFloodAuto] Executing 'git pull' to check for updates...
[2026-09-28 21:50:49] [INFO] [BiharFloodAuto] Repository is already up to date.
[2026-09-28 21:50:49] [INFO] [BiharFloodAuto] [*] Operation is OFF. Skipping Email Fetch and SFTP copy.
[2026-09-28 21:50:52] [INFO] [BiharFloodAuto] Successfully pushed automation.log to Git.
[2026-09-28 21:50:52] [INFO] [BiharFloodAuto] Sleeping for 15 minutes. Next check at 22:05:52...
[2026-09-28 22:05:52] [INFO] [BiharFloodAuto] Executing 'git pull' to check for updates...
[2026-09-28 22:05:52] [INFO] [BiharFloodAuto] Repository is already up to date.
[2026-09-28 22:05:52] [INFO] [BiharFloodAuto] [*] Operation is OFF. Skipping Email Fetch and SFTP copy.
[2026-09-28 22:05:55] [INFO] [BiharFloodAuto] Successfully pushed automation.log to Git.
[2026-09-28 22:05:55] [INFO] [BiharFloodAuto] Sleeping for 15 minutes. Next check at 22:20:55...
[2026-09-28 22:20:56] [INFO] [BiharFloodAuto] Executing 'git pull' to check for updates...
[2026-09-28 22:20:56] [INFO] [BiharFloodAuto] Repository is already up to date.
[2026-09-28 22:20:56] [INFO] [BiharFloodAuto] [*] Operation is OFF. Skipping Email Fetch and SFTP copy.
[2026-09-28 22:20:59] [INFO] [BiharFloodAuto] Successfully pushed automation.log to Git.
[2026-09-28 22:20:59] [INFO] [BiharFloodAuto] Sleeping for 15 minutes. Next check at 22:35:59...
[2026-09-28 22:35:59] [INFO] [BiharFloodAuto] Executing 'git pull' to check for updates...
[2026-09-28 22:36:00] [INFO] [BiharFloodAuto] Repository is already up to date.
[2026-09-28 22:36:00] [INFO] [BiharFloodAuto] [*] Operation is OFF. Skipping Email Fetch and SFTP copy.
[2026-09-28 22:36:03] [INFO] [BiharFloodAuto] Successfully pushed automation.log to Git.
[2026-09-28 22:36:03] [INFO] [BiharFloodAuto] Sleeping for 15 minutes. Next check at 22:51:03...
[2026-09-28 22:51:03] [INFO] [BiharFloodAuto] Executing 'git pull' to check for updates...
[2026-09-28 22:51:04] [INFO] [BiharFloodAuto] Repository is already up to date.
[2026-09-28 22:51:04] [INFO] [BiharFloodAuto] [*] Operation is OFF. Skipping Email Fetch and SFTP copy.
[2026-09-28 22:51:07] [INFO] [BiharFloodAuto] Successfully pushed automation.log to Git.
[2026-09-28 22:51:07] [INFO] [BiharFloodAuto] Sleeping for 15 minutes. Next check at 23:06:07...
[2026-09-28 23:06:07] [INFO] [BiharFloodAuto] Executing 'git pull' to check for updates...
[2026-09-28 23:06:08] [INFO] [BiharFloodAuto] Repository is already up to date.
[2026-09-28 23:06:08] [INFO] [BiharFloodAuto] [*] Operation is OFF. Skipping Email Fetch and SFTP copy.
[2026-09-28 23:06:11] [INFO] [BiharFloodAuto] Successfully pushed automation.log to Git.
[2026-09-28 23:06:11] [INFO] [BiharFloodAuto] Sleeping for 15 minutes. Next check at 23:21:11...
[2026-09-28 23:21:11] [INFO] [BiharFloodAuto] Executing 'git pull' to check for updates...
[2026-09-28 23:21:12] [INFO] [BiharFloodAuto] Repository is already up to date.
[2026-09-28 23:21:12] [INFO] [BiharFloodAuto] [*] Operation is OFF. Skipping Email Fetch and SFTP copy.
[2026-09-28 23:21:14] [INFO] [BiharFloodAuto] Successfully pushed automation.log to Git.
[2026-09-28 23:21:14] [INFO] [BiharFloodAuto] Sleeping for 15 minutes. Next check at 23:36:14...
[2026-09-28 23:36:14] [INFO] [BiharFloodAuto] Executing 'git pull' to check for updates...
[2026-09-28 23:36:15] [INFO] [BiharFloodAuto] Repository is already up to date.
[2026-09-28 23:36:15] [INFO] [BiharFloodAuto] [*] Operation is OFF. Skipping Email Fetch and SFTP copy.
[2026-09-28 23:36:18] [INFO] [BiharFloodAuto] Successfully pushed automation.log to Git.
[2026-09-28 23:36:18] [INFO] [BiharFloodAuto] Sleeping for 15 minutes. Next check at 23:51:18...
[2026-09-28 23:51:18] [INFO] [BiharFloodAuto] Executing 'git pull' to check for updates...
[2026-09-28 23:51:19] [INFO] [BiharFloodAuto] Repository is already up to date.
[2026-09-28 23:51:19] [INFO] [BiharFloodAuto] [*] Operation is OFF. Skipping Email Fetch and SFTP copy.
[2026-09-28 23:51:21] [INFO] [BiharFloodAuto] Successfully pushed automation.log to Git.
[2026-09-28 23:51:21] [INFO] [BiharFloodAuto] Sleeping for 15 minutes. Next check at 00:06:21...
[2026-09-29 00:06:21] [INFO] [BiharFloodAuto] Executing 'git pull' to check for updates...
[2026-09-29 00:06:22] [INFO] [BiharFloodAuto] Repository is already up to date.
[2026-09-29 00:06:22] [INFO] [BiharFloodAuto] [*] Operation is OFF. Skipping Email Fetch and SFTP copy.
[2026-09-29 00:06:25] [INFO] [BiharFloodAuto] Successfully pushed automation.log to Git.
[2026-09-29 00:06:25] [INFO] [BiharFloodAuto] Sleeping for 15 minutes. Next check at 00:21:25...
[2026-09-29 00:21:25] [INFO] [BiharFloodAuto] Executing 'git pull' to check for updates...
[2026-09-29 00:21:26] [INFO] [BiharFloodAuto] Repository is already up to date.
[2026-09-29 00:21:26] [INFO] [BiharFloodAuto] [*] Operation is OFF. Skipping Email Fetch and SFTP copy.
[2026-09-29 00:21:28] [INFO] [BiharFloodAuto] Successfully pushed automation.log to Git.
[2026-09-29 00:21:28] [INFO] [BiharFloodAuto] Sleeping for 15 minutes. Next check at 00:36:28...
[2026-09-29 00:36:29] [INFO] [BiharFloodAuto] Executing 'git pull' to check for updates...
[2026-09-29 00:36:29] [INFO] [BiharFloodAuto] Repository is already up to date.
[2026-09-29 00:36:29] [INFO] [BiharFloodAuto] [*] Operation is OFF. Skipping Email Fetch and SFTP copy.
[2026-09-29 00:36:32] [INFO] [BiharFloodAuto] Successfully pushed automation.log to Git.
[2026-09-29 00:36:32] [INFO] [BiharFloodAuto] Sleeping for 15 minutes. Next check at 00:51:32...
[2026-09-29 00:51:32] [INFO] [BiharFloodAuto] Executing 'git pull' to check for updates...
[2026-09-29 00:51:33] [INFO] [BiharFloodAuto] Repository is already up to date.
[2026-09-29 00:51:33] [INFO] [BiharFloodAuto] [*] Operation is OFF. Skipping Email Fetch and SFTP copy.
[2026-09-29 00:51:35] [INFO] [BiharFloodAuto] Successfully pushed automation.log to Git.
[2026-09-29 00:51:35] [INFO] [BiharFloodAuto] Sleeping for 15 minutes. Next check at 01:06:35...
[2026-09-29 01:06:35] [INFO] [BiharFloodAuto] Executing 'git pull' to check for updates...
[2026-09-29 01:06:36] [INFO] [BiharFloodAuto] Repository is already up to date.
[2026-09-29 01:06:36] [INFO] [BiharFloodAuto] [*] Operation is OFF. Skipping Email Fetch and SFTP copy.
[2026-09-29 01:06:39] [INFO] [BiharFloodAuto] Successfully pushed automation.log to Git.
[2026-09-29 01:06:39] [INFO] [BiharFloodAuto] Sleeping for 15 minutes. Next check at 01:21:39...
[2026-09-29 01:21:39] [INFO] [BiharFloodAuto] Executing 'git pull' to check for updates...
[2026-09-29 01:21:40] [INFO] [BiharFloodAuto] Repository is already up to date.
[2026-09-29 01:21:40] [INFO] [BiharFloodAuto] [*] Operation is OFF. Skipping Email Fetch and SFTP copy.
[2026-09-29 01:21:42] [INFO] [BiharFloodAuto] Successfully pushed automation.log to Git.
[2026-09-29 01:21:42] [INFO] [BiharFloodAuto] Sleeping for 15 minutes. Next check at 01:36:42...
[2026-09-29 01:36:42] [INFO] [BiharFloodAuto] Executing 'git pull' to check for updates...
[2026-09-29 01:36:43] [INFO] [BiharFloodAuto] Repository is already up to date.
[2026-09-29 01:36:43] [INFO] [BiharFloodAuto] [*] Operation is OFF. Skipping Email Fetch and SFTP copy.
[2026-09-29 01:36:46] [INFO] [BiharFloodAuto] Successfully pushed automation.log to Git.
[2026-09-29 01:36:46] [INFO] [BiharFloodAuto] Sleeping for 15 minutes. Next check at 01:51:46...
[2026-09-29 01:51:46] [INFO] [BiharFloodAuto] Executing 'git pull' to check for updates...
[2026-09-29 01:51:46] [INFO] [BiharFloodAuto] Repository is already up to date.
[2026-09-29 01:51:46] [INFO] [BiharFloodAuto] [*] Operation is OFF. Skipping Email Fetch and SFTP copy.
[2026-09-29 01:51:49] [INFO] [BiharFloodAuto] Successfully pushed automation.log to Git.
[2026-09-29 01:51:49] [INFO] [BiharFloodAuto] Sleeping for 15 minutes. Next check at 02:06:49...
[2026-09-29 02:06:49] [INFO] [BiharFloodAuto] Executing 'git pull' to check for updates...
[2026-09-29 02:06:50] [INFO] [BiharFloodAuto] Repository is already up to date.
[2026-09-29 02:06:50] [INFO] [BiharFloodAuto] [*] Operation is OFF. Skipping Email Fetch and SFTP copy.
[2026-09-29 02:06:52] [INFO] [BiharFloodAuto] Successfully pushed automation.log to Git.
[2026-09-29 02:06:52] [INFO] [BiharFloodAuto] Sleeping for 15 minutes. Next check at 02:21:52...
[2026-09-29 02:21:53] [INFO] [BiharFloodAuto] Executing 'git pull' to check for updates...
[2026-09-29 02:21:53] [INFO] [BiharFloodAuto] Repository is already up to date.
[2026-09-29 02:21:53] [INFO] [BiharFloodAuto] [*] Operation is OFF. Skipping Email Fetch and SFTP copy.
[2026-09-29 02:21:56] [INFO] [BiharFloodAuto] Successfully pushed automation.log to Git.
[2026-09-29 02:21:56] [INFO] [BiharFloodAuto] Sleeping for 15 minutes. Next check at 02:36:56...
[2026-09-29 02:36:56] [INFO] [BiharFloodAuto] Executing 'git pull' to check for updates...
[2026-09-29 02:36:57] [INFO] [BiharFloodAuto] Repository is already up to date.
[2026-09-29 02:36:57] [INFO] [BiharFloodAuto] [*] Operation is OFF. Skipping Email Fetch and SFTP copy.
[2026-09-29 02:36:59] [INFO] [BiharFloodAuto] Successfully pushed automation.log to Git.
[2026-09-29 02:36:59] [INFO] [BiharFloodAuto] Sleeping for 15 minutes. Next check at 02:51:59...
[2026-09-29 02:51:59] [INFO] [BiharFloodAuto] Executing 'git pull' to check for updates...
[2026-09-29 02:52:00] [INFO] [BiharFloodAuto] Repository is already up to date.
[2026-09-29 02:52:00] [INFO] [BiharFloodAuto] [*] Operation is OFF. Skipping Email Fetch and SFTP copy.
[2026-09-29 02:52:03] [INFO] [BiharFloodAuto] Successfully pushed automation.log to Git.
[2026-09-29 02:52:03] [INFO] [BiharFloodAuto] Sleeping for 15 minutes. Next check at 03:07:03...
[2026-09-29 03:07:03] [INFO] [BiharFloodAuto] Executing 'git pull' to check for updates...
[2026-09-29 03:07:04] [INFO] [BiharFloodAuto] Repository is already up to date.
[2026-09-29 03:07:04] [INFO] [BiharFloodAuto] [*] Operation is OFF. Skipping Email Fetch and SFTP copy.
[2026-09-29 03:07:06] [INFO] [BiharFloodAuto] Successfully pushed automation.log to Git.
[2026-09-29 03:07:06] [INFO] [BiharFloodAuto] Sleeping for 15 minutes. Next check at 03:22:06...
[2026-09-29 03:22:06] [INFO] [BiharFloodAuto] Executing 'git pull' to check for updates...
[2026-09-29 03:22:07] [INFO] [BiharFloodAuto] Repository is already up to date.
[2026-09-29 03:22:07] [INFO] [BiharFloodAuto] [*] Operation is OFF. Skipping Email Fetch and SFTP copy.
[2026-09-29 03:22:09] [INFO] [BiharFloodAuto] Successfully pushed automation.log to Git.
[2026-09-29 03:22:09] [INFO] [BiharFloodAuto] Sleeping for 15 minutes. Next check at 03:37:09...
[2026-09-29 03:37:09] [INFO] [BiharFloodAuto] Executing 'git pull' to check for updates...
[2026-09-29 03:37:10] [INFO] [BiharFloodAuto] Repository is already up to date.
[2026-09-29 03:37:10] [INFO] [BiharFloodAuto] [*] Operation is OFF. Skipping Email Fetch and SFTP copy.
[2026-09-29 03:37:13] [INFO] [BiharFloodAuto] Successfully pushed automation.log to Git.
[2026-09-29 03:37:13] [INFO] [BiharFloodAuto] Sleeping for 15 minutes. Next check at 03:52:13...
[2026-09-29 03:52:13] [INFO] [BiharFloodAuto] Executing 'git pull' to check for updates...
[2026-09-29 03:52:13] [INFO] [BiharFloodAuto] Repository is already up to date.
[2026-09-29 03:52:14] [INFO] [BiharFloodAuto] [*] Operation is OFF. Skipping Email Fetch and SFTP copy.
[2026-09-29 03:52:16] [INFO] [BiharFloodAuto] Successfully pushed automation.log to Git.
[2026-09-29 03:52:16] [INFO] [BiharFloodAuto] Sleeping for 15 minutes. Next check at 04:07:16...
[2026-09-29 04:07:16] [INFO] [BiharFloodAuto] Executing 'git pull' to check for updates...
[2026-09-29 04:07:17] [INFO] [BiharFloodAuto] Repository is already up to date.
[2026-09-29 04:07:17] [INFO] [BiharFloodAuto] [*] Operation is OFF. Skipping Email Fetch and SFTP copy.
[2026-09-29 04:07:19] [INFO] [BiharFloodAuto] Successfully pushed automation.log to Git.
[2026-09-29 04:07:19] [INFO] [BiharFloodAuto] Sleeping for 15 minutes. Next check at 04:22:19...
[2026-09-29 04:22:19] [INFO] [BiharFloodAuto] Executing 'git pull' to check for updates...
[2026-09-29 04:22:20] [INFO] [BiharFloodAuto] Repository is already up to date.
[2026-09-29 04:22:20] [INFO] [BiharFloodAuto] [*] Operation is OFF. Skipping Email Fetch and SFTP copy.
[2026-09-29 04:22:22] [INFO] [BiharFloodAuto] Successfully pushed automation.log to Git.
[2026-09-29 04:22:23] [INFO] [BiharFloodAuto] Sleeping for 15 minutes. Next check at 04:37:23...
[2026-09-29 04:37:23] [INFO] [BiharFloodAuto] Executing 'git pull' to check for updates...
[2026-09-29 04:37:23] [INFO] [BiharFloodAuto] Repository is already up to date.
[2026-09-29 04:37:23] [INFO] [BiharFloodAuto] [*] Operation is OFF. Skipping Email Fetch and SFTP copy.
[2026-09-29 04:37:26] [INFO] [BiharFloodAuto] Successfully pushed automation.log to Git.
[2026-09-29 04:37:26] [INFO] [BiharFloodAuto] Sleeping for 15 minutes. Next check at 04:52:26...
[2026-09-29 04:52:26] [INFO] [BiharFloodAuto] Executing 'git pull' to check for updates...
[2026-09-29 04:52:26] [INFO] [BiharFloodAuto] Repository is already up to date.
[2026-09-29 04:52:26] [INFO] [BiharFloodAuto] [*] Operation is OFF. Skipping Email Fetch and SFTP copy.
[2026-09-29 04:52:29] [INFO] [BiharFloodAuto] Successfully pushed automation.log to Git.
[2026-09-29 04:52:29] [INFO] [BiharFloodAuto] Sleeping for 15 minutes. Next check at 05:07:29...
[2026-09-29 05:07:29] [INFO] [BiharFloodAuto] Executing 'git pull' to check for updates...
[2026-09-29 05:07:30] [INFO] [BiharFloodAuto] Repository is already up to date.
[2026-09-29 05:07:30] [INFO] [BiharFloodAuto] [*] Operation is OFF. Skipping Email Fetch and SFTP copy.
[2026-09-29 05:07:32] [INFO] [BiharFloodAuto] Successfully pushed automation.log to Git.
[2026-09-29 05:07:32] [INFO] [BiharFloodAuto] Sleeping for 15 minutes. Next check at 05:22:32...
[2026-09-29 05:22:32] [INFO] [BiharFloodAuto] Executing 'git pull' to check for updates...
[2026-09-29 05:22:33] [INFO] [BiharFloodAuto] Repository is already up to date.
[2026-09-29 05:22:33] [INFO] [BiharFloodAuto] [*] Operation is OFF. Skipping Email Fetch and SFTP copy.
[2026-09-29 05:22:35] [INFO] [BiharFloodAuto] Successfully pushed automation.log to Git.
[2026-09-29 05:22:35] [INFO] [BiharFloodAuto] Sleeping for 15 minutes. Next check at 05:37:35...
[2026-09-29 05:37:35] [INFO] [BiharFloodAuto] Executing 'git pull' to check for updates...
[2026-09-29 05:37:36] [INFO] [BiharFloodAuto] Repository is already up to date.
[2026-09-29 05:37:36] [INFO] [BiharFloodAuto] [*] Operation is OFF. Skipping Email Fetch and SFTP copy.
[2026-09-29 05:37:38] [INFO] [BiharFloodAuto] Successfully pushed automation.log to Git.
[2026-09-29 05:37:38] [INFO] [BiharFloodAuto] Sleeping for 15 minutes. Next check at 05:52:38...
[2026-09-29 05:52:38] [INFO] [BiharFloodAuto] Executing 'git pull' to check for updates...
[2026-09-29 05:52:39] [INFO] [BiharFloodAuto] Repository is already up to date.
[2026-09-29 05:52:39] [INFO] [BiharFloodAuto] [*] Operation is OFF. Skipping Email Fetch and SFTP copy.
[2026-09-29 05:52:41] [INFO] [BiharFloodAuto] Successfully pushed automation.log to Git.
[2026-09-29 05:52:41] [INFO] [BiharFloodAuto] Sleeping for 15 minutes. Next check at 06:07:41...
[2026-09-29 06:07:42] [INFO] [BiharFloodAuto] Executing 'git pull' to check for updates...
[2026-09-29 06:07:42] [INFO] [BiharFloodAuto] Repository is already up to date.
[2026-09-29 06:07:42] [INFO] [BiharFloodAuto] [*] Operation is OFF. Skipping Email Fetch and SFTP copy.
[2026-09-29 06:07:45] [INFO] [BiharFloodAuto] Successfully pushed automation.log to Git.
[2026-09-29 06:07:45] [INFO] [BiharFloodAuto] Sleeping for 15 minutes. Next check at 06:22:45...
[2026-09-29 06:22:45] [INFO] [BiharFloodAuto] Executing 'git pull' to check for updates...
[2026-09-29 06:22:46] [INFO] [BiharFloodAuto] Repository is already up to date.
[2026-09-29 06:22:46] [INFO] [BiharFloodAuto] [*] Operation is OFF. Skipping Email Fetch and SFTP copy.
[2026-09-29 06:22:48] [INFO] [BiharFloodAuto] Successfully pushed automation.log to Git.
[2026-09-29 06:22:48] [INFO] [BiharFloodAuto] Sleeping for 15 minutes. Next check at 06:37:48...
[2026-09-29 06:37:48] [INFO] [BiharFloodAuto] Executing 'git pull' to check for updates...
[2026-09-29 06:37:49] [INFO] [BiharFloodAuto] Repository is already up to date.
[2026-09-29 06:37:49] [INFO] [BiharFloodAuto] [*] Operation is OFF. Skipping Email Fetch and SFTP copy.
[2026-09-29 06:37:51] [INFO] [BiharFloodAuto] Successfully pushed automation.log to Git.
[2026-09-29 06:37:51] [INFO] [BiharFloodAuto] Sleeping for 15 minutes. Next check at 06:52:51...
[2026-09-29 06:52:51] [INFO] [BiharFloodAuto] Executing 'git pull' to check for updates...
[2026-09-29 06:52:52] [INFO] [BiharFloodAuto] Repository is already up to date.
[2026-09-29 06:52:52] [INFO] [BiharFloodAuto] [*] Operation is OFF. Skipping Email Fetch and SFTP copy.
[2026-09-29 06:52:55] [INFO] [BiharFloodAuto] Successfully pushed automation.log to Git.
[2026-09-29 06:52:55] [INFO] [BiharFloodAuto] Sleeping for 15 minutes. Next check at 07:07:55...
[2026-09-29 07:07:55] [INFO] [BiharFloodAuto] Executing 'git pull' to check for updates...
[2026-09-29 07:07:56] [INFO] [BiharFloodAuto] Repository is already up to date.
[2026-09-29 07:07:56] [INFO] [BiharFloodAuto] [*] Operation is OFF. Skipping Email Fetch and SFTP copy.
[2026-09-29 07:07:58] [INFO] [BiharFloodAuto] Successfully pushed automation.log to Git.
[2026-09-29 07:07:58] [INFO] [BiharFloodAuto] Sleeping for 15 minutes. Next check at 07:22:58...
[2026-09-29 07:22:58] [INFO] [BiharFloodAuto] Executing 'git pull' to check for updates...
[2026-09-29 07:22:59] [INFO] [BiharFloodAuto] Repository is already up to date.
[2026-09-29 07:22:59] [INFO] [BiharFloodAuto] [*] Operation is OFF. Skipping Email Fetch and SFTP copy.
[2026-09-29 07:23:01] [INFO] [BiharFloodAuto] Successfully pushed automation.log to Git.
[2026-09-29 07:23:01] [INFO] [BiharFloodAuto] Sleeping for 15 minutes. Next check at 07:38:01...
[2026-09-29 07:38:01] [INFO] [BiharFloodAuto] Executing 'git pull' to check for updates...
[2026-09-29 07:38:02] [INFO] [BiharFloodAuto] Repository is already up to date.
[2026-09-29 07:38:02] [INFO] [BiharFloodAuto] [*] Operation is OFF. Skipping Email Fetch and SFTP copy.
[2026-09-29 07:38:04] [INFO] [BiharFloodAuto] Successfully pushed automation.log to Git.
[2026-09-29 07:38:04] [INFO] [BiharFloodAuto] Sleeping for 15 minutes. Next check at 07:53:04...
[2026-09-29 07:53:05] [INFO] [BiharFloodAuto] Executing 'git pull' to check for updates...
[2026-09-29 07:53:05] [INFO] [BiharFloodAuto] Repository is already up to date.
[2026-09-29 07:53:05] [INFO] [BiharFloodAuto] [*] Operation is OFF. Skipping Email Fetch and SFTP copy.
[2026-09-29 07:53:08] [INFO] [BiharFloodAuto] Successfully pushed automation.log to Git.
[2026-09-29 07:53:08] [INFO] [BiharFloodAuto] Sleeping for 15 minutes. Next check at 08:08:08...
[2026-09-29 08:08:08] [INFO] [BiharFloodAuto] Executing 'git pull' to check for updates...
[2026-09-29 08:08:08] [INFO] [BiharFloodAuto] Repository is already up to date.
[2026-09-29 08:08:08] [INFO] [BiharFloodAuto] [*] Operation is OFF. Skipping Email Fetch and SFTP copy.
[2026-09-29 08:08:11] [INFO] [BiharFloodAuto] Successfully pushed automation.log to Git.
[2026-09-29 08:08:11] [INFO] [BiharFloodAuto] Sleeping for 15 minutes. Next check at 08:23:11...
[2026-09-29 08:23:11] [INFO] [BiharFloodAuto] Executing 'git pull' to check for updates...
[2026-09-29 08:23:12] [INFO] [BiharFloodAuto] Repository is already up to date.
[2026-09-29 08:23:12] [INFO] [BiharFloodAuto] [*] Operation is OFF. Skipping Email Fetch and SFTP copy.
[2026-09-29 08:23:14] [INFO] [BiharFloodAuto] Successfully pushed automation.log to Git.
[2026-09-29 08:23:14] [INFO] [BiharFloodAuto] Sleeping for 15 minutes. Next check at 08:38:14...
[2026-09-29 08:38:14] [INFO] [BiharFloodAuto] Executing 'git pull' to check for updates...
[2026-09-29 08:38:15] [INFO] [BiharFloodAuto] Repository is already up to date.
[2026-09-29 08:38:15] [INFO] [BiharFloodAuto] [*] Operation is OFF. Skipping Email Fetch and SFTP copy.
[2026-09-29 08:38:17] [INFO] [BiharFloodAuto] Successfully pushed automation.log to Git.
[2026-09-29 08:38:17] [INFO] [BiharFloodAuto] Sleeping for 15 minutes. Next check at 08:53:17...
[2026-09-29 08:53:18] [INFO] [BiharFloodAuto] Executing 'git pull' to check for updates...
[2026-09-29 08:53:18] [INFO] [BiharFloodAuto] Repository is already up to date.
[2026-09-29 08:53:18] [INFO] [BiharFloodAuto] [*] Operation is OFF. Skipping Email Fetch and SFTP copy.
[2026-09-29 08:53:21] [INFO] [BiharFloodAuto] Successfully pushed automation.log to Git.
[2026-09-29 08:53:21] [INFO] [BiharFloodAuto] Sleeping for 15 minutes. Next check at 09:08:21...
[2026-09-29 09:08:21] [INFO] [BiharFloodAuto] Executing 'git pull' to check for updates...
[2026-09-29 09:08:22] [INFO] [BiharFloodAuto] Repository is already up to date.
[2026-09-29 09:08:22] [INFO] [BiharFloodAuto] [*] Operation is OFF. Skipping Email Fetch and SFTP copy.
[2026-09-29 09:08:24] [INFO] [BiharFloodAuto] Successfully pushed automation.log to Git.
[2026-09-29 09:08:24] [INFO] [BiharFloodAuto] Sleeping for 15 minutes. Next check at 09:23:24...
[2026-09-29 09:23:24] [INFO] [BiharFloodAuto] Executing 'git pull' to check for updates...
[2026-09-29 09:23:25] [INFO] [BiharFloodAuto] Repository is already up to date.
[2026-09-29 09:23:25] [INFO] [BiharFloodAuto] [*] Operation is OFF. Skipping Email Fetch and SFTP copy.
[2026-09-29 09:23:27] [INFO] [BiharFloodAuto] Successfully pushed automation.log to Git.
[2026-09-29 09:23:27] [INFO] [BiharFloodAuto] Sleeping for 15 minutes. Next check at 09:38:27...
[2026-09-29 09:38:27] [INFO] [BiharFloodAuto] Executing 'git pull' to check for updates...
[2026-09-29 09:38:28] [INFO] [BiharFloodAuto] Repository is already up to date.
[2026-09-29 09:38:28] [INFO] [BiharFloodAuto] [*] Operation is OFF. Skipping Email Fetch and SFTP copy.
[2026-09-29 09:38:30] [INFO] [BiharFloodAuto] Successfully pushed automation.log to Git.
[2026-09-29 09:38:30] [INFO] [BiharFloodAuto] Sleeping for 15 minutes. Next check at 09:53:30...
[2026-09-29 09:53:31] [INFO] [BiharFloodAuto] Executing 'git pull' to check for updates...
[2026-09-29 09:53:31] [INFO] [BiharFloodAuto] Repository is already up to date.
[2026-09-29 09:53:31] [INFO] [BiharFloodAuto] [*] Operation is OFF. Skipping Email Fetch and SFTP copy.
[2026-09-29 09:53:34] [INFO] [BiharFloodAuto] Successfully pushed automation.log to Git.
[2026-09-29 09:53:34] [INFO] [BiharFloodAuto] Sleeping for 15 minutes. Next check at 10:08:34...
[2026-09-29 10:08:34] [INFO] [BiharFloodAuto] Executing 'git pull' to check for updates...
[2026-09-29 10:08:35] [INFO] [BiharFloodAuto] Repository is already up to date.
[2026-09-29 10:08:35] [INFO] [BiharFloodAuto] [*] Operation is OFF. Skipping Email Fetch and SFTP copy.
[2026-09-29 10:08:37] [INFO] [BiharFloodAuto] Successfully pushed automation.log to Git.
[2026-09-29 10:08:37] [INFO] [BiharFloodAuto] Sleeping for 15 minutes. Next check at 10:23:37...
[2026-09-29 10:23:37] [INFO] [BiharFloodAuto] Executing 'git pull' to check for updates...
[2026-09-29 10:23:38] [INFO] [BiharFloodAuto] Repository is already up to date.
[2026-09-29 10:23:38] [INFO] [BiharFloodAuto] [*] Operation is OFF. Skipping Email Fetch and SFTP copy.
[2026-09-29 10:23:41] [INFO] [BiharFloodAuto] Successfully pushed automation.log to Git.
[2026-09-29 10:23:41] [INFO] [BiharFloodAuto] Sleeping for 15 minutes. Next check at 10:38:41...
[2026-09-29 10:38:41] [INFO] [BiharFloodAuto] Executing 'git pull' to check for updates...
[2026-09-29 10:38:41] [INFO] [BiharFloodAuto] Repository is already up to date.
[2026-09-29 10:38:41] [INFO] [BiharFloodAuto] [*] Operation is OFF. Skipping Email Fetch and SFTP copy.
[2026-09-29 10:38:44] [INFO] [BiharFloodAuto] Successfully pushed automation.log to Git.
[2026-09-29 10:38:44] [INFO] [BiharFloodAuto] Sleeping for 15 minutes. Next check at 10:53:44...
[2026-09-29 10:53:44] [INFO] [BiharFloodAuto] Executing 'git pull' to check for updates...
[2026-09-29 10:53:45] [INFO] [BiharFloodAuto] Repository is already up to date.
[2026-09-29 10:53:45] [INFO] [BiharFloodAuto] [*] Operation is OFF. Skipping Email Fetch and SFTP copy.
[2026-09-29 10:53:47] [INFO] [BiharFloodAuto] Successfully pushed automation.log to Git.
[2026-09-29 10:53:47] [INFO] [BiharFloodAuto] Sleeping for 15 minutes. Next check at 11:08:47...
[2026-09-29 11:08:47] [INFO] [BiharFloodAuto] Executing 'git pull' to check for updates...
[2026-09-29 11:08:48] [INFO] [BiharFloodAuto] Repository is already up to date.
[2026-09-29 11:08:48] [INFO] [BiharFloodAuto] [*] Operation is OFF. Skipping Email Fetch and SFTP copy.
[2026-09-29 11:08:50] [INFO] [BiharFloodAuto] Successfully pushed automation.log to Git.
[2026-09-29 11:08:50] [INFO] [BiharFloodAuto] Sleeping for 15 minutes. Next check at 11:23:50...
[2026-09-29 11:23:51] [INFO] [BiharFloodAuto] Executing 'git pull' to check for updates...
[2026-09-29 11:23:51] [INFO] [BiharFloodAuto] Repository is already up to date.
[2026-09-29 11:23:51] [INFO] [BiharFloodAuto] [*] Operation is OFF. Skipping Email Fetch and SFTP copy.
[2026-09-29 11:23:54] [INFO] [BiharFloodAuto] Successfully pushed automation.log to Git.
[2026-09-29 11:23:54] [INFO] [BiharFloodAuto] Sleeping for 15 minutes. Next check at 11:38:54...
[2026-09-29 11:38:54] [INFO] [BiharFloodAuto] Executing 'git pull' to check for updates...
[2026-09-29 11:38:55] [INFO] [BiharFloodAuto] Repository is already up to date.
[2026-09-29 11:38:55] [INFO] [BiharFloodAuto] [*] Operation is OFF. Skipping Email Fetch and SFTP copy.
[2026-09-29 11:38:57] [INFO] [BiharFloodAuto] Successfully pushed automation.log to Git.
[2026-09-29 11:38:57] [INFO] [BiharFloodAuto] Sleeping for 15 minutes. Next check at 11:53:57...
[2026-09-29 11:53:57] [INFO] [BiharFloodAuto] Executing 'git pull' to check for updates...
[2026-09-29 11:53:58] [INFO] [BiharFloodAuto] Repository is already up to date.
[2026-09-29 11:53:58] [INFO] [BiharFloodAuto] [*] Operation is OFF. Skipping Email Fetch and SFTP copy.
[2026-09-29 11:54:00] [INFO] [BiharFloodAuto] Successfully pushed automation.log to Git.
[2026-09-29 11:54:00] [INFO] [BiharFloodAuto] Sleeping for 15 minutes. Next check at 12:09:00...
[2026-09-29 12:09:01] [INFO] [BiharFloodAuto] Executing 'git pull' to check for updates...
[2026-09-29 12:09:01] [INFO] [BiharFloodAuto] Repository is already up to date.
[2026-09-29 12:09:01] [INFO] [BiharFloodAuto] [*] Operation is OFF. Skipping Email Fetch and SFTP copy.
[2026-09-29 12:09:04] [INFO] [BiharFloodAuto] Successfully pushed automation.log to Git.
[2026-09-29 12:09:04] [INFO] [BiharFloodAuto] Sleeping for 15 minutes. Next check at 12:24:04...
[2026-09-29 12:27:15] [INFO] [BiharFloodAuto] === Started Bihar Flood Automation Dashboard (interval: 15m) ===
[2026-09-29 12:27:15] [INFO] [BiharFloodAuto] Executing 'git pull' to check for updates...
[2026-09-29 12:27:16] [INFO] [BiharFloodAuto] Repository is already up to date.
[2026-09-29 12:27:16] [INFO] [BiharFloodAuto] [*] Operation is OFF. Skipping Email Fetch and SFTP copy.
[2026-09-29 12:27:19] [INFO] [BiharFloodAuto] Successfully pushed automation.log to Git.
[2026-09-29 12:27:19] [INFO] [BiharFloodAuto] Sleeping for 15 minutes. Next check at 12:42:19...
[2026-09-29 12:42:19] [INFO] [BiharFloodAuto] Executing 'git pull' to check for updates...
[2026-09-29 12:42:20] [INFO] [BiharFloodAuto] Repository is already up to date.
[2026-09-29 12:42:20] [INFO] [BiharFloodAuto] [*] Operation is OFF. Skipping Email Fetch and SFTP copy.
[2026-09-29 12:42:22] [INFO] [BiharFloodAuto] Successfully pushed automation.log to Git.
[2026-09-29 12:42:22] [INFO] [BiharFloodAuto] Sleeping for 15 minutes. Next check at 12:57:22...
[2026-09-29 12:57:22] [INFO] [BiharFloodAuto] Executing 'git pull' to check for updates...
[2026-09-29 12:57:23] [INFO] [BiharFloodAuto] Repository is already up to date.
[2026-09-29 12:57:23] [INFO] [BiharFloodAuto] [*] Operation is OFF. Skipping Email Fetch and SFTP copy.
[2026-09-29 12:57:25] [INFO] [BiharFloodAuto] Successfully pushed automation.log to Git.
[2026-09-29 12:57:25] [INFO] [BiharFloodAuto] Sleeping for 15 minutes. Next check at 13:12:25...
[2026-09-29 13:12:25] [INFO] [BiharFloodAuto] Executing 'git pull' to check for updates...
[2026-09-29 13:12:26] [INFO] [BiharFloodAuto] Repository is already up to date.
[2026-09-29 13:12:26] [INFO] [BiharFloodAuto] [*] Operation is OFF. Skipping Email Fetch and SFTP copy.
[2026-09-29 13:12:28] [INFO] [BiharFloodAuto] Successfully pushed automation.log to Git.
[2026-09-29 13:12:28] [INFO] [BiharFloodAuto] Sleeping for 15 minutes. Next check at 13:27:28...
[2026-09-29 13:27:29] [INFO] [BiharFloodAuto] Executing 'git pull' to check for updates...
[2026-09-29 13:27:29] [INFO] [BiharFloodAuto] Repository is already up to date.
[2026-09-29 13:27:29] [INFO] [BiharFloodAuto] [*] Operation is OFF. Skipping Email Fetch and SFTP copy.
[2026-09-29 13:27:32] [INFO] [BiharFloodAuto] Successfully pushed automation.log to Git.
[2026-09-29 13:27:32] [INFO] [BiharFloodAuto] Sleeping for 15 minutes. Next check at 13:42:32...
[2026-09-29 13:42:32] [INFO] [BiharFloodAuto] Executing 'git pull' to check for updates...
[2026-09-29 13:42:33] [INFO] [BiharFloodAuto] Repository is already up to date.
[2026-09-29 13:42:33] [INFO] [BiharFloodAuto] [*] Operation is OFF. Skipping Email Fetch and SFTP copy.
[2026-09-29 13:42:35] [INFO] [BiharFloodAuto] Successfully pushed automation.log to Git.
[2026-09-29 13:42:35] [INFO] [BiharFloodAuto] Sleeping for 15 minutes. Next check at 13:57:35...
[2026-09-29 13:57:35] [INFO] [BiharFloodAuto] Executing 'git pull' to check for updates...
[2026-09-29 13:57:36] [INFO] [BiharFloodAuto] Repository is already up to date.
[2026-09-29 13:57:36] [INFO] [BiharFloodAuto] [*] Operation is OFF. Skipping Email Fetch and SFTP copy.
[2026-09-29 13:57:38] [INFO] [BiharFloodAuto] Successfully pushed automation.log to Git.
[2026-09-29 13:57:38] [INFO] [BiharFloodAuto] Sleeping for 15 minutes. Next check at 14:12:38...
[2026-09-29 14:12:38] [INFO] [BiharFloodAuto] Executing 'git pull' to check for updates...
[2026-09-29 14:12:39] [INFO] [BiharFloodAuto] Repository is already up to date.
[2026-09-29 14:12:39] [INFO] [BiharFloodAuto] [*] Operation is OFF. Skipping Email Fetch and SFTP copy.
[2026-09-29 14:12:42] [INFO] [BiharFloodAuto] Successfully pushed automation.log to Git.
[2026-09-29 14:12:42] [INFO] [BiharFloodAuto] Sleeping for 15 minutes. Next check at 14:27:42...
[2026-09-29 14:27:42] [INFO] [BiharFloodAuto] Executing 'git pull' to check for updates...
[2026-09-29 14:27:44] [INFO] [BiharFloodAuto] Repository is already up to date.
[2026-09-29 14:27:44] [INFO] [BiharFloodAuto] [*] Operation is OFF. Skipping Email Fetch and SFTP copy.
[2026-09-29 14:27:46] [INFO] [BiharFloodAuto] Successfully pushed automation.log to Git.
[2026-09-29 14:27:46] [INFO] [BiharFloodAuto] Sleeping for 15 minutes. Next check at 14:42:46...
[2026-09-29 14:42:46] [INFO] [BiharFloodAuto] Executing 'git pull' to check for updates...
[2026-09-29 14:42:47] [INFO] [BiharFloodAuto] Repository is already up to date.
[2026-09-29 14:42:47] [INFO] [BiharFloodAuto] [*] Operation is OFF. Skipping Email Fetch and SFTP copy.
[2026-09-29 14:42:49] [INFO] [BiharFloodAuto] Successfully pushed automation.log to Git.
[2026-09-29 14:42:50] [INFO] [BiharFloodAuto] Sleeping for 15 minutes. Next check at 14:57:50...
[2026-09-29 14:57:50] [INFO] [BiharFloodAuto] Executing 'git pull' to check for updates...
[2026-09-29 14:57:51] [INFO] [BiharFloodAuto] Repository is already up to date.
[2026-09-29 14:57:51] [INFO] [BiharFloodAuto] [*] Operation is OFF. Skipping Email Fetch and SFTP copy.
[2026-09-29 14:57:54] [INFO] [BiharFloodAuto] Successfully pushed automation.log to Git.
[2026-09-29 14:57:54] [INFO] [BiharFloodAuto] Sleeping for 15 minutes. Next check at 15:12:54...
[2026-09-29 15:12:54] [INFO] [BiharFloodAuto] Executing 'git pull' to check for updates...
[2026-09-29 15:12:55] [INFO] [BiharFloodAuto] Repository is already up to date.
[2026-09-29 15:12:55] [INFO] [BiharFloodAuto] [*] Operation is OFF. Skipping Email Fetch and SFTP copy.
[2026-09-29 15:12:57] [INFO] [BiharFloodAuto] Successfully pushed automation.log to Git.
[2026-09-29 15:12:57] [INFO] [BiharFloodAuto] Sleeping for 15 minutes. Next check at 15:27:57...
[2026-09-29 15:27:57] [INFO] [BiharFloodAuto] Executing 'git pull' to check for updates...
[2026-09-29 15:27:58] [INFO] [BiharFloodAuto] Repository is already up to date.
[2026-09-29 15:27:58] [INFO] [BiharFloodAuto] [*] Operation is OFF. Skipping Email Fetch and SFTP copy.
[2026-09-29 15:28:01] [INFO] [BiharFloodAuto] Successfully pushed automation.log to Git.
[2026-09-29 15:28:01] [INFO] [BiharFloodAuto] Sleeping for 15 minutes. Next check at 15:43:01...
[2026-09-29 15:43:01] [INFO] [BiharFloodAuto] Executing 'git pull' to check for updates...
[2026-09-29 15:43:02] [INFO] [BiharFloodAuto] Repository is already up to date.
[2026-09-29 15:43:02] [INFO] [BiharFloodAuto] [*] Operation is OFF. Skipping Email Fetch and SFTP copy.
[2026-09-29 15:43:05] [INFO] [BiharFloodAuto] Successfully pushed automation.log to Git.
[2026-09-29 15:43:05] [INFO] [BiharFloodAuto] Sleeping for 15 minutes. Next check at 15:58:05...
[2026-09-29 15:58:05] [INFO] [BiharFloodAuto] Executing 'git pull' to check for updates...
[2026-09-29 15:58:06] [INFO] [BiharFloodAuto] Repository is already up to date.
[2026-09-29 15:58:06] [INFO] [BiharFloodAuto] [*] Operation is OFF. Skipping Email Fetch and SFTP copy.
[2026-09-29 15:58:09] [INFO] [BiharFloodAuto] Successfully pushed automation.log to Git.
[2026-09-29 15:58:09] [INFO] [BiharFloodAuto] Sleeping for 15 minutes. Next check at 16:13:09...
[2026-09-29 16:13:09] [INFO] [BiharFloodAuto] Executing 'git pull' to check for updates...
[2026-09-29 16:13:10] [INFO] [BiharFloodAuto] Repository is already up to date.
[2026-09-29 16:13:10] [INFO] [BiharFloodAuto] [*] Operation is OFF. Skipping Email Fetch and SFTP copy.
[2026-09-29 16:13:13] [INFO] [BiharFloodAuto] Successfully pushed automation.log to Git.
[2026-09-29 16:13:13] [INFO] [BiharFloodAuto] Sleeping for 15 minutes. Next check at 16:28:13...
[2026-09-29 16:28:13] [INFO] [BiharFloodAuto] Executing 'git pull' to check for updates...
[2026-09-29 16:28:14] [INFO] [BiharFloodAuto] Repository is already up to date.
[2026-09-29 16:28:14] [INFO] [BiharFloodAuto] [*] Operation is OFF. Skipping Email Fetch and SFTP copy.
[2026-09-29 16:28:17] [INFO] [BiharFloodAuto] Successfully pushed automation.log to Git.
[2026-09-29 16:28:17] [INFO] [BiharFloodAuto] Sleeping for 15 minutes. Next check at 16:43:17...
[2026-09-29 16:43:17] [INFO] [BiharFloodAuto] Executing 'git pull' to check for updates...
[2026-09-29 16:43:18] [INFO] [BiharFloodAuto] Repository is already up to date.
[2026-09-29 16:43:18] [INFO] [BiharFloodAuto] [*] Operation is OFF. Skipping Email Fetch and SFTP copy.
[2026-09-29 16:43:21] [INFO] [BiharFloodAuto] Successfully pushed automation.log to Git.
[2026-09-29 16:43:21] [INFO] [BiharFloodAuto] Sleeping for 15 minutes. Next check at 16:58:21...
[2026-09-29 16:58:21] [INFO] [BiharFloodAuto] Executing 'git pull' to check for updates...
[2026-09-29 16:58:23] [INFO] [BiharFloodAuto] Repository is already up to date.
[2026-09-29 16:58:23] [INFO] [BiharFloodAuto] [*] Operation is OFF. Skipping Email Fetch and SFTP copy.
[2026-09-29 16:58:26] [INFO] [BiharFloodAuto] Successfully pushed automation.log to Git.
[2026-09-29 16:58:26] [INFO] [BiharFloodAuto] Sleeping for 15 minutes. Next check at 17:13:26...
[2026-09-29 17:13:26] [INFO] [BiharFloodAuto] Executing 'git pull' to check for updates...
[2026-09-29 17:13:27] [INFO] [BiharFloodAuto] Repository is already up to date.
[2026-09-29 17:13:27] [INFO] [BiharFloodAuto] [*] Operation is OFF. Skipping Email Fetch and SFTP copy.
[2026-09-29 17:13:30] [INFO] [BiharFloodAuto] Successfully pushed automation.log to Git.
[2026-09-29 17:13:30] [INFO] [BiharFloodAuto] Sleeping for 15 minutes. Next check at 17:28:30...
[2026-09-29 17:28:30] [INFO] [BiharFloodAuto] Executing 'git pull' to check for updates...
[2026-09-29 17:28:31] [INFO] [BiharFloodAuto] Repository is already up to date.
[2026-09-29 17:28:31] [INFO] [BiharFloodAuto] [*] Operation is OFF. Skipping Email Fetch and SFTP copy.
[2026-09-29 17:28:33] [INFO] [BiharFloodAuto] Successfully pushed automation.log to Git.
[2026-09-29 17:28:33] [INFO] [BiharFloodAuto] Sleeping for 15 minutes. Next check at 17:43:33...
[2026-09-29 17:43:33] [INFO] [BiharFloodAuto] Executing 'git pull' to check for updates...
[2026-09-29 17:43:34] [INFO] [BiharFloodAuto] Repository is already up to date.
[2026-09-29 17:43:34] [INFO] [BiharFloodAuto] [*] Operation is OFF. Skipping Email Fetch and SFTP copy.
[2026-09-29 17:43:37] [INFO] [BiharFloodAuto] Successfully pushed automation.log to Git.
[2026-09-29 17:43:37] [INFO] [BiharFloodAuto] Sleeping for 15 minutes. Next check at 17:58:37...
[2026-09-29 17:58:37] [INFO] [BiharFloodAuto] Executing 'git pull' to check for updates...
[2026-09-29 17:58:38] [INFO] [BiharFloodAuto] Repository is already up to date.
[2026-09-29 17:58:38] [INFO] [BiharFloodAuto] [*] Operation is OFF. Skipping Email Fetch and SFTP copy.
[2026-09-29 17:58:42] [INFO] [BiharFloodAuto] Successfully pushed automation.log to Git.
[2026-09-29 17:58:42] [INFO] [BiharFloodAuto] Sleeping for 15 minutes. Next check at 18:13:42...
[2026-09-29 18:13:42] [INFO] [BiharFloodAuto] Executing 'git pull' to check for updates...
[2026-09-29 18:13:43] [INFO] [BiharFloodAuto] Repository is already up to date.
[2026-09-29 18:13:43] [INFO] [BiharFloodAuto] [*] Operation is OFF. Skipping Email Fetch and SFTP copy.
[2026-09-29 18:13:45] [INFO] [BiharFloodAuto] Successfully pushed automation.log to Git.
[2026-09-29 18:13:45] [INFO] [BiharFloodAuto] Sleeping for 15 minutes. Next check at 18:28:45...
[2026-09-29 18:28:45] [INFO] [BiharFloodAuto] Executing 'git pull' to check for updates...
[2026-09-29 18:28:46] [INFO] [BiharFloodAuto] Repository is already up to date.
[2026-09-29 18:28:46] [INFO] [BiharFloodAuto] [*] Operation is OFF. Skipping Email Fetch and SFTP copy.
[2026-09-29 18:28:48] [INFO] [BiharFloodAuto] Successfully pushed automation.log to Git.
[2026-09-29 18:28:48] [INFO] [BiharFloodAuto] Sleeping for 15 minutes. Next check at 18:43:48...
[2026-09-29 18:43:48] [INFO] [BiharFloodAuto] Executing 'git pull' to check for updates...
[2026-09-29 18:43:49] [INFO] [BiharFloodAuto] Repository is already up to date.
[2026-09-29 18:43:49] [INFO] [BiharFloodAuto] [*] Operation is OFF. Skipping Email Fetch and SFTP copy.
[2026-09-29 18:43:52] [INFO] [BiharFloodAuto] Successfully pushed automation.log to Git.
[2026-09-29 18:43:52] [INFO] [BiharFloodAuto] Sleeping for 15 minutes. Next check at 18:58:52...
[2026-09-29 18:58:52] [INFO] [BiharFloodAuto] Executing 'git pull' to check for updates...
[2026-09-29 18:58:53] [INFO] [BiharFloodAuto] Repository is already up to date.
[2026-09-29 18:58:53] [INFO] [BiharFloodAuto] [*] Operation is OFF. Skipping Email Fetch and SFTP copy.
[2026-09-29 18:58:55] [INFO] [BiharFloodAuto] Successfully pushed automation.log to Git.
[2026-09-29 18:58:55] [INFO] [BiharFloodAuto] Sleeping for 15 minutes. Next check at 19:13:55...
[2026-09-29 19:13:55] [INFO] [BiharFloodAuto] Executing 'git pull' to check for updates...
[2026-09-29 19:13:56] [INFO] [BiharFloodAuto] Repository is already up to date.
[2026-09-29 19:13:56] [INFO] [BiharFloodAuto] [*] Operation is OFF. Skipping Email Fetch and SFTP copy.
[2026-09-29 19:13:59] [INFO] [BiharFloodAuto] Successfully pushed automation.log to Git.
[2026-09-29 19:13:59] [INFO] [BiharFloodAuto] Sleeping for 15 minutes. Next check at 19:28:59...
[2026-09-29 19:28:59] [INFO] [BiharFloodAuto] Executing 'git pull' to check for updates...
[2026-09-29 19:29:00] [INFO] [BiharFloodAuto] Repository is already up to date.
[2026-09-29 19:29:00] [INFO] [BiharFloodAuto] [*] Operation is OFF. Skipping Email Fetch and SFTP copy.
[2026-09-29 19:29:03] [INFO] [BiharFloodAuto] Successfully pushed automation.log to Git.
[2026-09-29 19:29:03] [INFO] [BiharFloodAuto] Sleeping for 15 minutes. Next check at 19:44:03...
[2026-09-29 19:44:03] [INFO] [BiharFloodAuto] Executing 'git pull' to check for updates...
[2026-09-29 19:44:04] [INFO] [BiharFloodAuto] Repository is already up to date.
[2026-09-29 19:44:04] [INFO] [BiharFloodAuto] [*] Operation is OFF. Skipping Email Fetch and SFTP copy.
[2026-09-29 19:44:06] [INFO] [BiharFloodAuto] Successfully pushed automation.log to Git.
[2026-09-29 19:44:06] [INFO] [BiharFloodAuto] Sleeping for 15 minutes. Next check at 19:59:06...
[2026-09-29 19:59:07] [INFO] [BiharFloodAuto] Executing 'git pull' to check for updates...
[2026-09-29 19:59:08] [INFO] [BiharFloodAuto] Repository is already up to date.
[2026-09-29 19:59:08] [INFO] [BiharFloodAuto] [*] Operation is OFF. Skipping Email Fetch and SFTP copy.
[2026-09-29 19:59:10] [INFO] [BiharFloodAuto] Successfully pushed automation.log to Git.
[2026-09-29 19:59:10] [INFO] [BiharFloodAuto] Sleeping for 15 minutes. Next check at 20:14:10...
[2026-09-29 20:14:11] [INFO] [BiharFloodAuto] Executing 'git pull' to check for updates...
[2026-09-29 20:14:12] [INFO] [BiharFloodAuto] Repository is already up to date.
[2026-09-29 20:14:12] [INFO] [BiharFloodAuto] [*] Operation is OFF. Skipping Email Fetch and SFTP copy.
[2026-09-29 20:14:14] [INFO] [BiharFloodAuto] Successfully pushed automation.log to Git.
[2026-09-29 20:14:14] [INFO] [BiharFloodAuto] Sleeping for 15 minutes. Next check at 20:29:14...
[2026-09-29 20:29:14] [INFO] [BiharFloodAuto] Executing 'git pull' to check for updates...
[2026-09-29 20:29:15] [INFO] [BiharFloodAuto] Repository is already up to date.
[2026-09-29 20:29:15] [INFO] [BiharFloodAuto] [*] Operation is OFF. Skipping Email Fetch and SFTP copy.
[2026-09-29 20:29:24] [INFO] [BiharFloodAuto] Successfully pushed automation.log to Git.
[2026-09-29 20:29:24] [INFO] [BiharFloodAuto] Sleeping for 15 minutes. Next check at 20:44:24...
[2026-09-29 20:44:24] [INFO] [BiharFloodAuto] Executing 'git pull' to check for updates...
[2026-09-29 20:44:25] [INFO] [BiharFloodAuto] Repository is already up to date.
[2026-09-29 20:44:25] [INFO] [BiharFloodAuto] [*] Operation is OFF. Skipping Email Fetch and SFTP copy.
[2026-09-29 20:44:28] [INFO] [BiharFloodAuto] Successfully pushed automation.log to Git.
[2026-09-29 20:44:28] [INFO] [BiharFloodAuto] Sleeping for 15 minutes. Next check at 20:59:28...
[2026-09-29 20:59:28] [INFO] [BiharFloodAuto] Executing 'git pull' to check for updates...
[2026-09-29 20:59:29] [INFO] [BiharFloodAuto] Repository is already up to date.
[2026-09-29 20:59:29] [INFO] [BiharFloodAuto] [*] Operation is OFF. Skipping Email Fetch and SFTP copy.
[2026-09-29 20:59:32] [INFO] [BiharFloodAuto] Successfully pushed automation.log to Git.
[2026-09-29 20:59:32] [INFO] [BiharFloodAuto] Sleeping for 15 minutes. Next check at 21:14:32...
[2026-09-29 21:14:32] [INFO] [BiharFloodAuto] Executing 'git pull' to check for updates...
[2026-09-29 21:14:33] [INFO] [BiharFloodAuto] Repository is already up to date.
[2026-09-29 21:14:33] [INFO] [BiharFloodAuto] [*] Operation is OFF. Skipping Email Fetch and SFTP copy.
[2026-09-29 21:14:36] [INFO] [BiharFloodAuto] Successfully pushed automation.log to Git.
[2026-09-29 21:14:36] [INFO] [BiharFloodAuto] Sleeping for 15 minutes. Next check at 21:29:36...
[2026-09-29 21:29:36] [INFO] [BiharFloodAuto] Executing 'git pull' to check for updates...
[2026-09-29 21:29:37] [INFO] [BiharFloodAuto] Repository is already up to date.
[2026-09-29 21:29:37] [INFO] [BiharFloodAuto] [*] Operation is OFF. Skipping Email Fetch and SFTP copy.
[2026-09-29 21:29:39] [INFO] [BiharFloodAuto] Successfully pushed automation.log to Git.
[2026-09-29 21:29:39] [INFO] [BiharFloodAuto] Sleeping for 15 minutes. Next check at 21:44:39...
[2026-09-29 21:44:39] [INFO] [BiharFloodAuto] Executing 'git pull' to check for updates...
[2026-09-29 21:44:40] [INFO] [BiharFloodAuto] Repository is already up to date.
[2026-09-29 21:44:40] [INFO] [BiharFloodAuto] [*] Operation is OFF. Skipping Email Fetch and SFTP copy.
[2026-09-29 21:44:42] [INFO] [BiharFloodAuto] Successfully pushed automation.log to Git.
[2026-09-29 21:44:42] [INFO] [BiharFloodAuto] Sleeping for 15 minutes. Next check at 21:59:42...
[2026-09-29 21:59:43] [INFO] [BiharFloodAuto] Executing 'git pull' to check for updates...
[2026-09-29 21:59:44] [INFO] [BiharFloodAuto] Repository is already up to date.
[2026-09-29 21:59:44] [INFO] [BiharFloodAuto] [*] Operation is OFF. Skipping Email Fetch and SFTP copy.
[2026-09-29 21:59:46] [INFO] [BiharFloodAuto] Successfully pushed automation.log to Git.
[2026-09-29 21:59:46] [INFO] [BiharFloodAuto] Sleeping for 15 minutes. Next check at 22:14:46...
[2026-09-29 22:14:46] [INFO] [BiharFloodAuto] Executing 'git pull' to check for updates...
[2026-09-29 22:14:47] [INFO] [BiharFloodAuto] Repository is already up to date.
[2026-09-29 22:14:47] [INFO] [BiharFloodAuto] [*] Operation is OFF. Skipping Email Fetch and SFTP copy.
[2026-09-29 22:14:49] [INFO] [BiharFloodAuto] Successfully pushed automation.log to Git.
[2026-09-29 22:14:49] [INFO] [BiharFloodAuto] Sleeping for 15 minutes. Next check at 22:29:49...
[2026-09-29 22:29:50] [INFO] [BiharFloodAuto] Executing 'git pull' to check for updates...
[2026-09-29 22:29:50] [INFO] [BiharFloodAuto] Repository is already up to date.
[2026-09-29 22:29:50] [INFO] [BiharFloodAuto] [*] Operation is OFF. Skipping Email Fetch and SFTP copy.
[2026-09-29 22:29:53] [INFO] [BiharFloodAuto] Successfully pushed automation.log to Git.
[2026-09-29 22:29:53] [INFO] [BiharFloodAuto] Sleeping for 15 minutes. Next check at 22:44:53...
[2026-09-29 22:44:53] [INFO] [BiharFloodAuto] Executing 'git pull' to check for updates...
[2026-09-29 22:44:54] [INFO] [BiharFloodAuto] Repository is already up to date.
[2026-09-29 22:44:54] [INFO] [BiharFloodAuto] [*] Operation is OFF. Skipping Email Fetch and SFTP copy.
[2026-09-29 22:44:56] [INFO] [BiharFloodAuto] Successfully pushed automation.log to Git.
[2026-09-29 22:44:56] [INFO] [BiharFloodAuto] Sleeping for 15 minutes. Next check at 22:59:56...
[2026-09-29 22:59:56] [INFO] [BiharFloodAuto] Executing 'git pull' to check for updates...
[2026-09-29 22:59:57] [INFO] [BiharFloodAuto] Repository is already up to date.
[2026-09-29 22:59:57] [INFO] [BiharFloodAuto] [*] Operation is OFF. Skipping Email Fetch and SFTP copy.
[2026-09-29 23:00:00] [INFO] [BiharFloodAuto] Successfully pushed automation.log to Git.
[2026-09-29 23:00:00] [INFO] [BiharFloodAuto] Sleeping for 15 minutes. Next check at 23:15:00...
[2026-09-29 23:15:00] [INFO] [BiharFloodAuto] Executing 'git pull' to check for updates...
[2026-09-29 23:15:01] [INFO] [BiharFloodAuto] Repository is already up to date.
[2026-09-29 23:15:01] [INFO] [BiharFloodAuto] [*] Operation is OFF. Skipping Email Fetch and SFTP copy.
[2026-09-29 23:15:04] [INFO] [BiharFloodAuto] Successfully pushed automation.log to Git.
[2026-09-29 23:15:04] [INFO] [BiharFloodAuto] Sleeping for 15 minutes. Next check at 23:30:04...
[2026-09-29 23:30:04] [INFO] [BiharFloodAuto] Executing 'git pull' to check for updates...
[2026-09-29 23:30:05] [INFO] [BiharFloodAuto] Repository is already up to date.
[2026-09-29 23:30:05] [INFO] [BiharFloodAuto] [*] Operation is OFF. Skipping Email Fetch and SFTP copy.
[2026-09-29 23:30:08] [INFO] [BiharFloodAuto] Successfully pushed automation.log to Git.
[2026-09-29 23:30:08] [INFO] [BiharFloodAuto] Sleeping for 15 minutes. Next check at 23:45:08...
[2026-09-29 23:45:08] [INFO] [BiharFloodAuto] Executing 'git pull' to check for updates...
[2026-09-29 23:45:09] [INFO] [BiharFloodAuto] Repository is already up to date.
[2026-09-29 23:45:09] [INFO] [BiharFloodAuto] [*] Operation is OFF. Skipping Email Fetch and SFTP copy.
[2026-09-29 23:45:11] [INFO] [BiharFloodAuto] Successfully pushed automation.log to Git.
[2026-09-29 23:45:11] [INFO] [BiharFloodAuto] Sleeping for 15 minutes. Next check at 00:00:11...
[2026-09-30 00:00:12] [INFO] [BiharFloodAuto] Executing 'git pull' to check for updates...
[2026-09-30 00:00:12] [INFO] [BiharFloodAuto] Repository is already up to date.
[2026-09-30 00:00:12] [INFO] [BiharFloodAuto] [*] Operation is OFF. Skipping Email Fetch and SFTP copy.
[2026-09-30 00:00:16] [INFO] [BiharFloodAuto] Successfully pushed automation.log to Git.
[2026-09-30 00:00:16] [INFO] [BiharFloodAuto] Sleeping for 15 minutes. Next check at 00:15:16...
[2026-09-30 00:15:16] [INFO] [BiharFloodAuto] Executing 'git pull' to check for updates...
[2026-09-30 00:15:17] [INFO] [BiharFloodAuto] Repository is already up to date.
[2026-09-30 00:15:17] [INFO] [BiharFloodAuto] [*] Operation is OFF. Skipping Email Fetch and SFTP copy.
[2026-09-30 00:15:20] [INFO] [BiharFloodAuto] Successfully pushed automation.log to Git.
[2026-09-30 00:15:20] [INFO] [BiharFloodAuto] Sleeping for 15 minutes. Next check at 00:30:20...
[2026-09-30 00:30:20] [INFO] [BiharFloodAuto] Executing 'git pull' to check for updates...
[2026-09-30 00:30:20] [INFO] [BiharFloodAuto] Repository is already up to date.
[2026-09-30 00:30:20] [INFO] [BiharFloodAuto] [*] Operation is OFF. Skipping Email Fetch and SFTP copy.
[2026-09-30 00:30:23] [INFO] [BiharFloodAuto] Successfully pushed automation.log to Git.
[2026-09-30 00:30:23] [INFO] [BiharFloodAuto] Sleeping for 15 minutes. Next check at 00:45:23...
[2026-09-30 00:45:23] [INFO] [BiharFloodAuto] Executing 'git pull' to check for updates...
[2026-09-30 00:45:24] [INFO] [BiharFloodAuto] Repository is already up to date.
[2026-09-30 00:45:24] [INFO] [BiharFloodAuto] [*] Operation is OFF. Skipping Email Fetch and SFTP copy.
[2026-09-30 00:45:26] [INFO] [BiharFloodAuto] Successfully pushed automation.log to Git.
[2026-09-30 00:45:26] [INFO] [BiharFloodAuto] Sleeping for 15 minutes. Next check at 01:00:26...
[2026-09-30 01:00:26] [INFO] [BiharFloodAuto] Executing 'git pull' to check for updates...
[2026-09-30 01:00:27] [INFO] [BiharFloodAuto] Repository is already up to date.
[2026-09-30 01:00:27] [INFO] [BiharFloodAuto] [*] Operation is OFF. Skipping Email Fetch and SFTP copy.
[2026-09-30 01:00:30] [INFO] [BiharFloodAuto] Successfully pushed automation.log to Git.
[2026-09-30 01:00:30] [INFO] [BiharFloodAuto] Sleeping for 15 minutes. Next check at 01:15:30...
[2026-09-30 01:15:30] [INFO] [BiharFloodAuto] Executing 'git pull' to check for updates...
[2026-09-30 01:15:31] [INFO] [BiharFloodAuto] Repository is already up to date.
[2026-09-30 01:15:31] [INFO] [BiharFloodAuto] [*] Operation is OFF. Skipping Email Fetch and SFTP copy.
[2026-09-30 01:15:34] [INFO] [BiharFloodAuto] Successfully pushed automation.log to Git.
[2026-09-30 01:15:34] [INFO] [BiharFloodAuto] Sleeping for 15 minutes. Next check at 01:30:34...
[2026-09-30 01:30:34] [INFO] [BiharFloodAuto] Executing 'git pull' to check for updates...
[2026-09-30 01:30:35] [INFO] [BiharFloodAuto] Repository is already up to date.
[2026-09-30 01:30:35] [INFO] [BiharFloodAuto] [*] Operation is OFF. Skipping Email Fetch and SFTP copy.
[2026-09-30 01:30:38] [INFO] [BiharFloodAuto] Successfully pushed automation.log to Git.
[2026-09-30 01:30:38] [INFO] [BiharFloodAuto] Sleeping for 15 minutes. Next check at 01:45:38...
[2026-09-30 01:45:38] [INFO] [BiharFloodAuto] Executing 'git pull' to check for updates...
[2026-09-30 01:45:39] [INFO] [BiharFloodAuto] Repository is already up to date.
[2026-09-30 01:45:39] [INFO] [BiharFloodAuto] [*] Operation is OFF. Skipping Email Fetch and SFTP copy.
[2026-09-30 01:45:42] [INFO] [BiharFloodAuto] Successfully pushed automation.log to Git.
[2026-09-30 01:45:42] [INFO] [BiharFloodAuto] Sleeping for 15 minutes. Next check at 02:00:42...
[2026-09-30 02:00:42] [INFO] [BiharFloodAuto] Executing 'git pull' to check for updates...
[2026-09-30 02:00:43] [INFO] [BiharFloodAuto] Repository is already up to date.
[2026-09-30 02:00:43] [INFO] [BiharFloodAuto] [*] Operation is OFF. Skipping Email Fetch and SFTP copy.
[2026-09-30 02:00:46] [INFO] [BiharFloodAuto] Successfully pushed automation.log to Git.
[2026-09-30 02:00:46] [INFO] [BiharFloodAuto] Sleeping for 15 minutes. Next check at 02:15:46...
[2026-09-30 02:15:46] [INFO] [BiharFloodAuto] Executing 'git pull' to check for updates...
[2026-09-30 02:15:46] [INFO] [BiharFloodAuto] Repository is already up to date.
[2026-09-30 02:15:46] [INFO] [BiharFloodAuto] [*] Operation is OFF. Skipping Email Fetch and SFTP copy.
[2026-09-30 02:15:49] [INFO] [BiharFloodAuto] Successfully pushed automation.log to Git.
[2026-09-30 02:15:49] [INFO] [BiharFloodAuto] Sleeping for 15 minutes. Next check at 02:30:49...
[2026-09-30 02:30:49] [INFO] [BiharFloodAuto] Executing 'git pull' to check for updates...
[2026-09-30 02:30:50] [INFO] [BiharFloodAuto] Repository is already up to date.
[2026-09-30 02:30:50] [INFO] [BiharFloodAuto] [*] Operation is OFF. Skipping Email Fetch and SFTP copy.
[2026-09-30 02:30:52] [INFO] [BiharFloodAuto] Successfully pushed automation.log to Git.
[2026-09-30 02:30:52] [INFO] [BiharFloodAuto] Sleeping for 15 minutes. Next check at 02:45:52...
[2026-09-30 02:45:52] [INFO] [BiharFloodAuto] Executing 'git pull' to check for updates...
[2026-09-30 02:45:53] [INFO] [BiharFloodAuto] Repository is already up to date.
[2026-09-30 02:45:53] [INFO] [BiharFloodAuto] [*] Operation is OFF. Skipping Email Fetch and SFTP copy.
[2026-09-30 02:45:56] [INFO] [BiharFloodAuto] Successfully pushed automation.log to Git.
[2026-09-30 02:45:56] [INFO] [BiharFloodAuto] Sleeping for 15 minutes. Next check at 03:00:56...
[2026-09-30 03:00:56] [INFO] [BiharFloodAuto] Executing 'git pull' to check for updates...
[2026-09-30 03:00:57] [INFO] [BiharFloodAuto] Repository is already up to date.
[2026-09-30 03:00:57] [INFO] [BiharFloodAuto] [*] Operation is OFF. Skipping Email Fetch and SFTP copy.
[2026-09-30 03:00:59] [INFO] [BiharFloodAuto] Successfully pushed automation.log to Git.
[2026-09-30 03:00:59] [INFO] [BiharFloodAuto] Sleeping for 15 minutes. Next check at 03:15:59...
[2026-09-30 03:15:59] [INFO] [BiharFloodAuto] Executing 'git pull' to check for updates...
[2026-09-30 03:16:00] [INFO] [BiharFloodAuto] Repository is already up to date.
[2026-09-30 03:16:00] [INFO] [BiharFloodAuto] [*] Operation is OFF. Skipping Email Fetch and SFTP copy.
[2026-09-30 03:16:02] [INFO] [BiharFloodAuto] Successfully pushed automation.log to Git.
[2026-09-30 03:16:02] [INFO] [BiharFloodAuto] Sleeping for 15 minutes. Next check at 03:31:02...
[2026-09-30 03:31:03] [INFO] [BiharFloodAuto] Executing 'git pull' to check for updates...
[2026-09-30 03:31:03] [INFO] [BiharFloodAuto] Repository is already up to date.
[2026-09-30 03:31:03] [INFO] [BiharFloodAuto] [*] Operation is OFF. Skipping Email Fetch and SFTP copy.
[2026-09-30 03:31:06] [INFO] [BiharFloodAuto] Successfully pushed automation.log to Git.
[2026-09-30 03:31:06] [INFO] [BiharFloodAuto] Sleeping for 15 minutes. Next check at 03:46:06...
[2026-09-30 03:46:06] [INFO] [BiharFloodAuto] Executing 'git pull' to check for updates...
[2026-09-30 03:46:07] [INFO] [BiharFloodAuto] Repository is already up to date.
[2026-09-30 03:46:07] [INFO] [BiharFloodAuto] [*] Operation is OFF. Skipping Email Fetch and SFTP copy.
[2026-09-30 03:46:09] [INFO] [BiharFloodAuto] Successfully pushed automation.log to Git.
[2026-09-30 03:46:09] [INFO] [BiharFloodAuto] Sleeping for 15 minutes. Next check at 04:01:09...
[2026-09-30 04:01:09] [INFO] [BiharFloodAuto] Executing 'git pull' to check for updates...
[2026-09-30 04:01:10] [INFO] [BiharFloodAuto] Repository is already up to date.
[2026-09-30 04:01:10] [INFO] [BiharFloodAuto] [*] Operation is OFF. Skipping Email Fetch and SFTP copy.
[2026-09-30 04:01:12] [INFO] [BiharFloodAuto] Successfully pushed automation.log to Git.
[2026-09-30 04:01:12] [INFO] [BiharFloodAuto] Sleeping for 15 minutes. Next check at 04:16:12...
[2026-09-30 04:16:12] [INFO] [BiharFloodAuto] Executing 'git pull' to check for updates...
[2026-09-30 04:16:13] [INFO] [BiharFloodAuto] Repository is already up to date.
[2026-09-30 04:16:13] [INFO] [BiharFloodAuto] [*] Operation is OFF. Skipping Email Fetch and SFTP copy.
[2026-09-30 04:16:16] [INFO] [BiharFloodAuto] Successfully pushed automation.log to Git.
[2026-09-30 04:16:16] [INFO] [BiharFloodAuto] Sleeping for 15 minutes. Next check at 04:31:16...
[2026-09-30 04:31:17] [INFO] [BiharFloodAuto] Executing 'git pull' to check for updates...
[2026-09-30 04:31:17] [INFO] [BiharFloodAuto] Repository is already up to date.
[2026-09-30 04:31:17] [INFO] [BiharFloodAuto] [*] Operation is OFF. Skipping Email Fetch and SFTP copy.
[2026-09-30 04:31:20] [INFO] [BiharFloodAuto] Successfully pushed automation.log to Git.
[2026-09-30 04:31:20] [INFO] [BiharFloodAuto] Sleeping for 15 minutes. Next check at 04:46:20...
[2026-09-30 04:46:20] [INFO] [BiharFloodAuto] Executing 'git pull' to check for updates...
[2026-09-30 04:46:20] [INFO] [BiharFloodAuto] Repository is already up to date.
[2026-09-30 04:46:20] [INFO] [BiharFloodAuto] [*] Operation is OFF. Skipping Email Fetch and SFTP copy.
[2026-09-30 04:46:23] [INFO] [BiharFloodAuto] Successfully pushed automation.log to Git.
[2026-09-30 04:46:23] [INFO] [BiharFloodAuto] Sleeping for 15 minutes. Next check at 05:01:23...
[2026-09-30 05:01:23] [INFO] [BiharFloodAuto] Executing 'git pull' to check for updates...
[2026-09-30 05:01:24] [INFO] [BiharFloodAuto] Repository is already up to date.
[2026-09-30 05:01:24] [INFO] [BiharFloodAuto] [*] Operation is OFF. Skipping Email Fetch and SFTP copy.
[2026-09-30 05:01:26] [INFO] [BiharFloodAuto] Successfully pushed automation.log to Git.
[2026-09-30 05:01:26] [INFO] [BiharFloodAuto] Sleeping for 15 minutes. Next check at 05:16:26...
[2026-09-30 05:16:26] [INFO] [BiharFloodAuto] Executing 'git pull' to check for updates...
[2026-09-30 05:16:27] [INFO] [BiharFloodAuto] Repository is already up to date.
[2026-09-30 05:16:27] [INFO] [BiharFloodAuto] [*] Operation is OFF. Skipping Email Fetch and SFTP copy.
[2026-09-30 05:16:29] [INFO] [BiharFloodAuto] Successfully pushed automation.log to Git.
[2026-09-30 05:16:29] [INFO] [BiharFloodAuto] Sleeping for 15 minutes. Next check at 05:31:29...
[2026-09-30 05:31:29] [INFO] [BiharFloodAuto] Executing 'git pull' to check for updates...
[2026-09-30 05:31:30] [INFO] [BiharFloodAuto] Repository is already up to date.
[2026-09-30 05:31:30] [INFO] [BiharFloodAuto] [*] Operation is OFF. Skipping Email Fetch and SFTP copy.
[2026-09-30 05:31:32] [INFO] [BiharFloodAuto] Successfully pushed automation.log to Git.
[2026-09-30 05:31:32] [INFO] [BiharFloodAuto] Sleeping for 15 minutes. Next check at 05:46:32...
[2026-09-30 05:46:32] [INFO] [BiharFloodAuto] Executing 'git pull' to check for updates...
[2026-09-30 05:46:33] [INFO] [BiharFloodAuto] Repository is already up to date.
[2026-09-30 05:46:33] [INFO] [BiharFloodAuto] [*] Operation is OFF. Skipping Email Fetch and SFTP copy.
[2026-09-30 05:46:35] [INFO] [BiharFloodAuto] Successfully pushed automation.log to Git.
[2026-09-30 05:46:35] [INFO] [BiharFloodAuto] Sleeping for 15 minutes. Next check at 06:01:35...
[2026-09-30 06:01:35] [INFO] [BiharFloodAuto] Executing 'git pull' to check for updates...
[2026-09-30 06:01:36] [INFO] [BiharFloodAuto] Repository is already up to date.
[2026-09-30 06:01:36] [INFO] [BiharFloodAuto] [*] Operation is OFF. Skipping Email Fetch and SFTP copy.
[2026-09-30 06:01:38] [INFO] [BiharFloodAuto] Successfully pushed automation.log to Git.
[2026-09-30 06:01:38] [INFO] [BiharFloodAuto] Sleeping for 15 minutes. Next check at 06:16:38...
[2026-09-30 06:16:39] [INFO] [BiharFloodAuto] Executing 'git pull' to check for updates...
[2026-09-30 06:16:39] [INFO] [BiharFloodAuto] Repository is already up to date.
[2026-09-30 06:16:39] [INFO] [BiharFloodAuto] [*] Operation is OFF. Skipping Email Fetch and SFTP copy.
[2026-09-30 06:16:42] [INFO] [BiharFloodAuto] Successfully pushed automation.log to Git.
[2026-09-30 06:16:42] [INFO] [BiharFloodAuto] Sleeping for 15 minutes. Next check at 06:31:42...
[2026-09-30 06:31:42] [INFO] [BiharFloodAuto] Executing 'git pull' to check for updates...
[2026-09-30 06:31:42] [INFO] [BiharFloodAuto] Repository is already up to date.
[2026-09-30 06:31:42] [INFO] [BiharFloodAuto] [*] Operation is OFF. Skipping Email Fetch and SFTP copy.
[2026-09-30 06:31:45] [INFO] [BiharFloodAuto] Successfully pushed automation.log to Git.
[2026-09-30 06:31:45] [INFO] [BiharFloodAuto] Sleeping for 15 minutes. Next check at 06:46:45...
[2026-09-30 06:46:45] [INFO] [BiharFloodAuto] Executing 'git pull' to check for updates...
[2026-09-30 06:46:46] [INFO] [BiharFloodAuto] Repository is already up to date.
[2026-09-30 06:46:46] [INFO] [BiharFloodAuto] [*] Operation is OFF. Skipping Email Fetch and SFTP copy.
[2026-09-30 06:46:48] [INFO] [BiharFloodAuto] Successfully pushed automation.log to Git.
[2026-09-30 06:46:48] [INFO] [BiharFloodAuto] Sleeping for 15 minutes. Next check at 07:01:48...
[2026-09-30 07:01:48] [INFO] [BiharFloodAuto] Executing 'git pull' to check for updates...
[2026-09-30 07:01:49] [INFO] [BiharFloodAuto] Repository is already up to date.
[2026-09-30 07:01:49] [INFO] [BiharFloodAuto] [*] Operation is OFF. Skipping Email Fetch and SFTP copy.
[2026-09-30 07:01:51] [INFO] [BiharFloodAuto] Successfully pushed automation.log to Git.
[2026-09-30 07:01:51] [INFO] [BiharFloodAuto] Sleeping for 15 minutes. Next check at 07:16:51...
[2026-09-30 07:16:51] [INFO] [BiharFloodAuto] Executing 'git pull' to check for updates...
[2026-09-30 07:16:52] [INFO] [BiharFloodAuto] Repository is already up to date.
[2026-09-30 07:16:52] [INFO] [BiharFloodAuto] [*] Operation is OFF. Skipping Email Fetch and SFTP copy.
[2026-09-30 07:16:54] [INFO] [BiharFloodAuto] Successfully pushed automation.log to Git.
[2026-09-30 07:16:54] [INFO] [BiharFloodAuto] Sleeping for 15 minutes. Next check at 07:31:54...
[2026-09-30 07:31:54] [INFO] [BiharFloodAuto] Executing 'git pull' to check for updates...
[2026-09-30 07:31:55] [INFO] [BiharFloodAuto] Repository is already up to date.
[2026-09-30 07:31:55] [INFO] [BiharFloodAuto] [*] Operation is OFF. Skipping Email Fetch and SFTP copy.
[2026-09-30 07:31:57] [INFO] [BiharFloodAuto] Successfully pushed automation.log to Git.
[2026-09-30 07:31:57] [INFO] [BiharFloodAuto] Sleeping for 15 minutes. Next check at 07:46:57...
[2026-09-30 07:46:58] [INFO] [BiharFloodAuto] Executing 'git pull' to check for updates...
[2026-09-30 07:46:58] [INFO] [BiharFloodAuto] Repository is already up to date.
[2026-09-30 07:46:58] [INFO] [BiharFloodAuto] [*] Operation is OFF. Skipping Email Fetch and SFTP copy.
[2026-09-30 07:47:02] [INFO] [BiharFloodAuto] Successfully pushed automation.log to Git.
[2026-09-30 07:47:02] [INFO] [BiharFloodAuto] Sleeping for 15 minutes. Next check at 08:02:02...
[2026-09-30 08:02:02] [INFO] [BiharFloodAuto] Executing 'git pull' to check for updates...
[2026-09-30 08:02:02] [INFO] [BiharFloodAuto] Repository is already up to date.
[2026-09-30 08:02:02] [INFO] [BiharFloodAuto] [*] Operation is OFF. Skipping Email Fetch and SFTP copy.
[2026-09-30 08:02:05] [INFO] [BiharFloodAuto] Successfully pushed automation.log to Git.
[2026-09-30 08:02:05] [INFO] [BiharFloodAuto] Sleeping for 15 minutes. Next check at 08:17:05...
[2026-09-30 08:17:05] [INFO] [BiharFloodAuto] Executing 'git pull' to check for updates...
[2026-09-30 08:17:06] [INFO] [BiharFloodAuto] Repository is already up to date.
[2026-09-30 08:17:06] [INFO] [BiharFloodAuto] [*] Operation is OFF. Skipping Email Fetch and SFTP copy.
[2026-09-30 08:17:08] [INFO] [BiharFloodAuto] Successfully pushed automation.log to Git.
[2026-09-30 08:17:08] [INFO] [BiharFloodAuto] Sleeping for 15 minutes. Next check at 08:32:08...
[2026-09-30 08:32:08] [INFO] [BiharFloodAuto] Executing 'git pull' to check for updates...
[2026-09-30 08:32:09] [INFO] [BiharFloodAuto] Repository is already up to date.
[2026-09-30 08:32:09] [INFO] [BiharFloodAuto] [*] Operation is OFF. Skipping Email Fetch and SFTP copy.
[2026-09-30 08:32:11] [INFO] [BiharFloodAuto] Successfully pushed automation.log to Git.
[2026-09-30 08:32:11] [INFO] [BiharFloodAuto] Sleeping for 15 minutes. Next check at 08:47:11...
[2026-09-30 08:47:11] [INFO] [BiharFloodAuto] Executing 'git pull' to check for updates...
[2026-09-30 08:47:12] [INFO] [BiharFloodAuto] Repository is already up to date.
[2026-09-30 08:47:12] [INFO] [BiharFloodAuto] [*] Operation is OFF. Skipping Email Fetch and SFTP copy.
[2026-09-30 08:47:14] [INFO] [BiharFloodAuto] Successfully pushed automation.log to Git.
[2026-09-30 08:47:14] [INFO] [BiharFloodAuto] Sleeping for 15 minutes. Next check at 09:02:14...
[2026-09-30 09:02:14] [INFO] [BiharFloodAuto] Executing 'git pull' to check for updates...
[2026-09-30 09:02:15] [INFO] [BiharFloodAuto] Repository is already up to date.
[2026-09-30 09:02:15] [INFO] [BiharFloodAuto] [*] Operation is OFF. Skipping Email Fetch and SFTP copy.
[2026-09-30 09:02:18] [INFO] [BiharFloodAuto] Successfully pushed automation.log to Git.
[2026-09-30 09:02:18] [INFO] [BiharFloodAuto] Sleeping for 15 minutes. Next check at 09:17:18...
[2026-09-30 09:17:18] [INFO] [BiharFloodAuto] Executing 'git pull' to check for updates...
[2026-09-30 09:17:18] [INFO] [BiharFloodAuto] Repository is already up to date.
[2026-09-30 09:17:18] [INFO] [BiharFloodAuto] [*] Operation is OFF. Skipping Email Fetch and SFTP copy.
[2026-09-30 09:17:21] [INFO] [BiharFloodAuto] Successfully pushed automation.log to Git.
[2026-09-30 09:17:21] [INFO] [BiharFloodAuto] Sleeping for 15 minutes. Next check at 09:32:21...
[2026-09-30 09:32:21] [INFO] [BiharFloodAuto] Executing 'git pull' to check for updates...
[2026-09-30 09:32:22] [INFO] [BiharFloodAuto] Repository is already up to date.
[2026-09-30 09:32:22] [INFO] [BiharFloodAuto] [*] Operation is OFF. Skipping Email Fetch and SFTP copy.
[2026-09-30 09:32:24] [INFO] [BiharFloodAuto] Successfully pushed automation.log to Git.
[2026-09-30 09:32:24] [INFO] [BiharFloodAuto] Sleeping for 15 minutes. Next check at 09:47:24...
[2026-09-30 09:47:24] [INFO] [BiharFloodAuto] Executing 'git pull' to check for updates...
[2026-09-30 09:47:25] [INFO] [BiharFloodAuto] Repository is already up to date.
[2026-09-30 09:47:25] [INFO] [BiharFloodAuto] [*] Operation is OFF. Skipping Email Fetch and SFTP copy.
[2026-09-30 09:47:27] [INFO] [BiharFloodAuto] Successfully pushed automation.log to Git.
[2026-09-30 09:47:27] [INFO] [BiharFloodAuto] Sleeping for 15 minutes. Next check at 10:02:27...
[2026-09-30 10:02:27] [INFO] [BiharFloodAuto] Executing 'git pull' to check for updates...
[2026-09-30 10:02:28] [INFO] [BiharFloodAuto] Repository is already up to date.
[2026-09-30 10:02:28] [INFO] [BiharFloodAuto] [*] Operation is OFF. Skipping Email Fetch and SFTP copy.
[2026-09-30 10:02:31] [INFO] [BiharFloodAuto] Successfully pushed automation.log to Git.
[2026-09-30 10:02:31] [INFO] [BiharFloodAuto] Sleeping for 15 minutes. Next check at 10:17:31...
[2026-09-30 10:17:31] [INFO] [BiharFloodAuto] Executing 'git pull' to check for updates...
[2026-09-30 10:17:32] [INFO] [BiharFloodAuto] Repository is already up to date.
[2026-09-30 10:17:32] [INFO] [BiharFloodAuto] [*] Operation is OFF. Skipping Email Fetch and SFTP copy.
[2026-09-30 10:17:34] [INFO] [BiharFloodAuto] Successfully pushed automation.log to Git.
[2026-09-30 10:17:34] [INFO] [BiharFloodAuto] Sleeping for 15 minutes. Next check at 10:32:34...
[2026-09-30 10:32:34] [INFO] [BiharFloodAuto] Executing 'git pull' to check for updates...
[2026-09-30 10:32:35] [INFO] [BiharFloodAuto] Repository is already up to date.
[2026-09-30 10:32:35] [INFO] [BiharFloodAuto] [*] Operation is OFF. Skipping Email Fetch and SFTP copy.
[2026-09-30 10:32:37] [INFO] [BiharFloodAuto] Successfully pushed automation.log to Git.
[2026-09-30 10:32:37] [INFO] [BiharFloodAuto] Sleeping for 15 minutes. Next check at 10:47:37...
[2026-09-30 10:47:37] [INFO] [BiharFloodAuto] Executing 'git pull' to check for updates...
[2026-09-30 10:47:38] [INFO] [BiharFloodAuto] Repository is already up to date.
[2026-09-30 10:47:38] [INFO] [BiharFloodAuto] [*] Operation is OFF. Skipping Email Fetch and SFTP copy.
[2026-09-30 10:47:40] [INFO] [BiharFloodAuto] Successfully pushed automation.log to Git.
[2026-09-30 10:47:40] [INFO] [BiharFloodAuto] Sleeping for 15 minutes. Next check at 11:02:40...
[2026-09-30 11:02:40] [INFO] [BiharFloodAuto] Executing 'git pull' to check for updates...
[2026-09-30 11:02:41] [INFO] [BiharFloodAuto] Repository is already up to date.
[2026-09-30 11:02:41] [INFO] [BiharFloodAuto] [*] Operation is OFF. Skipping Email Fetch and SFTP copy.
[2026-09-30 11:02:44] [INFO] [BiharFloodAuto] Successfully pushed automation.log to Git.
[2026-09-30 11:02:44] [INFO] [BiharFloodAuto] Sleeping for 15 minutes. Next check at 11:17:44...
[2026-09-30 11:17:44] [INFO] [BiharFloodAuto] Executing 'git pull' to check for updates...
[2026-09-30 11:17:45] [INFO] [BiharFloodAuto] Repository is already up to date.
[2026-09-30 11:17:45] [INFO] [BiharFloodAuto] [*] Operation is OFF. Skipping Email Fetch and SFTP copy.
[2026-09-30 11:17:47] [INFO] [BiharFloodAuto] Successfully pushed automation.log to Git.
[2026-09-30 11:17:47] [INFO] [BiharFloodAuto] Sleeping for 15 minutes. Next check at 11:32:47...
[2026-09-30 11:32:47] [INFO] [BiharFloodAuto] Executing 'git pull' to check for updates...
[2026-09-30 11:32:48] [INFO] [BiharFloodAuto] Repository is already up to date.
[2026-09-30 11:32:48] [INFO] [BiharFloodAuto] [*] Operation is OFF. Skipping Email Fetch and SFTP copy.
[2026-09-30 11:32:50] [INFO] [BiharFloodAuto] Successfully pushed automation.log to Git.
[2026-09-30 11:32:50] [INFO] [BiharFloodAuto] Sleeping for 15 minutes. Next check at 11:47:50...
[2026-09-30 11:47:51] [INFO] [BiharFloodAuto] Executing 'git pull' to check for updates...
[2026-09-30 11:47:51] [INFO] [BiharFloodAuto] Repository is already up to date.
[2026-09-30 11:47:51] [INFO] [BiharFloodAuto] [*] Operation is OFF. Skipping Email Fetch and SFTP copy.
[2026-09-30 11:47:54] [INFO] [BiharFloodAuto] Successfully pushed automation.log to Git.
[2026-09-30 11:47:54] [INFO] [BiharFloodAuto] Sleeping for 15 minutes. Next check at 12:02:54...
[2026-09-30 12:02:54] [INFO] [BiharFloodAuto] Executing 'git pull' to check for updates...
[2026-09-30 12:02:55] [INFO] [BiharFloodAuto] Repository is already up to date.
[2026-09-30 12:02:55] [INFO] [BiharFloodAuto] [*] Operation is OFF. Skipping Email Fetch and SFTP copy.
[2026-09-30 12:02:57] [INFO] [BiharFloodAuto] Successfully pushed automation.log to Git.
[2026-09-30 12:02:57] [INFO] [BiharFloodAuto] Sleeping for 15 minutes. Next check at 12:17:57...
[2026-09-30 12:17:57] [INFO] [BiharFloodAuto] Executing 'git pull' to check for updates...
[2026-09-30 12:17:58] [INFO] [BiharFloodAuto] Repository is already up to date.
[2026-09-30 12:17:58] [INFO] [BiharFloodAuto] [*] Operation is OFF. Skipping Email Fetch and SFTP copy.
[2026-09-30 12:18:01] [INFO] [BiharFloodAuto] Successfully pushed automation.log to Git.
[2026-09-30 12:18:01] [INFO] [BiharFloodAuto] Sleeping for 15 minutes. Next check at 12:33:01...
[2026-09-30 12:33:01] [INFO] [BiharFloodAuto] Executing 'git pull' to check for updates...
[2026-09-30 12:33:02] [INFO] [BiharFloodAuto] Repository is already up to date.
[2026-09-30 12:33:02] [INFO] [BiharFloodAuto] [*] Operation is OFF. Skipping Email Fetch and SFTP copy.
[2026-09-30 12:33:04] [INFO] [BiharFloodAuto] Successfully pushed automation.log to Git.
[2026-09-30 12:33:04] [INFO] [BiharFloodAuto] Sleeping for 15 minutes. Next check at 12:48:04...
[2026-09-30 12:48:04] [INFO] [BiharFloodAuto] Executing 'git pull' to check for updates...
[2026-09-30 12:48:05] [INFO] [BiharFloodAuto] Repository is already up to date.
[2026-09-30 12:48:05] [INFO] [BiharFloodAuto] [*] Operation is OFF. Skipping Email Fetch and SFTP copy.
[2026-09-30 12:48:08] [INFO] [BiharFloodAuto] Successfully pushed automation.log to Git.
[2026-09-30 12:48:08] [INFO] [BiharFloodAuto] Sleeping for 15 minutes. Next check at 13:03:08...
[2026-09-30 13:03:08] [INFO] [BiharFloodAuto] Executing 'git pull' to check for updates...
[2026-09-30 13:03:09] [INFO] [BiharFloodAuto] Repository is already up to date.
[2026-09-30 13:03:09] [INFO] [BiharFloodAuto] [*] Operation is OFF. Skipping Email Fetch and SFTP copy.
[2026-09-30 13:03:11] [INFO] [BiharFloodAuto] Successfully pushed automation.log to Git.
[2026-09-30 13:03:11] [INFO] [BiharFloodAuto] Sleeping for 15 minutes. Next check at 13:18:11...
[2026-09-30 13:18:11] [INFO] [BiharFloodAuto] Executing 'git pull' to check for updates...
[2026-09-30 13:18:13] [INFO] [BiharFloodAuto] Repository is already up to date.
[2026-09-30 13:18:13] [INFO] [BiharFloodAuto] [*] Operation is OFF. Skipping Email Fetch and SFTP copy.
[2026-09-30 13:18:15] [INFO] [BiharFloodAuto] Successfully pushed automation.log to Git.
[2026-09-30 13:18:15] [INFO] [BiharFloodAuto] Sleeping for 15 minutes. Next check at 13:33:15...
[2026-09-30 13:33:15] [INFO] [BiharFloodAuto] Executing 'git pull' to check for updates...
[2026-09-30 13:33:17] [INFO] [BiharFloodAuto] Repository is already up to date.
[2026-09-30 13:33:17] [INFO] [BiharFloodAuto] [*] Operation is OFF. Skipping Email Fetch and SFTP copy.
[2026-09-30 13:33:19] [INFO] [BiharFloodAuto] Successfully pushed automation.log to Git.
[2026-09-30 13:33:19] [INFO] [BiharFloodAuto] Sleeping for 15 minutes. Next check at 13:48:19...
[2026-09-30 13:48:20] [INFO] [BiharFloodAuto] Executing 'git pull' to check for updates...
[2026-09-30 13:48:20] [INFO] [BiharFloodAuto] Repository is already up to date.
[2026-09-30 13:48:20] [INFO] [BiharFloodAuto] [*] Operation is OFF. Skipping Email Fetch and SFTP copy.
[2026-09-30 13:48:24] [INFO] [BiharFloodAuto] Successfully pushed automation.log to Git.
[2026-09-30 13:48:24] [INFO] [BiharFloodAuto] Sleeping for 15 minutes. Next check at 14:03:24...
[2026-09-30 14:03:24] [INFO] [BiharFloodAuto] Executing 'git pull' to check for updates...
[2026-09-30 14:03:25] [INFO] [BiharFloodAuto] Repository is already up to date.
[2026-09-30 14:03:25] [INFO] [BiharFloodAuto] [*] Operation is OFF. Skipping Email Fetch and SFTP copy.
[2026-09-30 14:03:27] [INFO] [BiharFloodAuto] Successfully pushed automation.log to Git.
[2026-09-30 14:03:27] [INFO] [BiharFloodAuto] Sleeping for 15 minutes. Next check at 14:18:27...
[2026-09-30 14:18:27] [INFO] [BiharFloodAuto] Executing 'git pull' to check for updates...
[2026-09-30 14:18:28] [INFO] [BiharFloodAuto] Repository is already up to date.
[2026-09-30 14:18:28] [INFO] [BiharFloodAuto] [*] Operation is OFF. Skipping Email Fetch and SFTP copy.
[2026-09-30 14:18:30] [INFO] [BiharFloodAuto] Successfully pushed automation.log to Git.
[2026-09-30 14:18:30] [INFO] [BiharFloodAuto] Sleeping for 15 minutes. Next check at 14:33:30...
[2026-09-30 14:33:31] [INFO] [BiharFloodAuto] Executing 'git pull' to check for updates...
[2026-09-30 14:33:31] [INFO] [BiharFloodAuto] Repository is already up to date.
[2026-09-30 14:33:31] [INFO] [BiharFloodAuto] [*] Operation is OFF. Skipping Email Fetch and SFTP copy.
[2026-09-30 14:33:34] [INFO] [BiharFloodAuto] Successfully pushed automation.log to Git.
[2026-09-30 14:33:34] [INFO] [BiharFloodAuto] Sleeping for 15 minutes. Next check at 14:48:34...
[2026-09-30 14:48:34] [INFO] [BiharFloodAuto] Executing 'git pull' to check for updates...
[2026-09-30 14:48:35] [INFO] [BiharFloodAuto] Repository is already up to date.
[2026-09-30 14:48:35] [INFO] [BiharFloodAuto] [*] Operation is OFF. Skipping Email Fetch and SFTP copy.
[2026-09-30 14:48:37] [INFO] [BiharFloodAuto] Successfully pushed automation.log to Git.
[2026-09-30 14:48:37] [INFO] [BiharFloodAuto] Sleeping for 15 minutes. Next check at 15:03:37...
[2026-09-30 15:03:37] [INFO] [BiharFloodAuto] Executing 'git pull' to check for updates...
[2026-09-30 15:03:38] [INFO] [BiharFloodAuto] Repository is already up to date.
[2026-09-30 15:03:38] [INFO] [BiharFloodAuto] [*] Operation is OFF. Skipping Email Fetch and SFTP copy.
[2026-09-30 15:03:41] [INFO] [BiharFloodAuto] Successfully pushed automation.log to Git.
[2026-09-30 15:03:41] [INFO] [BiharFloodAuto] Sleeping for 15 minutes. Next check at 15:18:41...
[2026-09-30 15:18:41] [INFO] [BiharFloodAuto] Executing 'git pull' to check for updates...
[2026-09-30 15:18:42] [INFO] [BiharFloodAuto] Repository is already up to date.
[2026-09-30 15:18:42] [INFO] [BiharFloodAuto] [*] Operation is OFF. Skipping Email Fetch and SFTP copy.
[2026-09-30 15:18:44] [INFO] [BiharFloodAuto] Successfully pushed automation.log to Git.
[2026-09-30 15:18:44] [INFO] [BiharFloodAuto] Sleeping for 15 minutes. Next check at 15:33:44...
[2026-09-30 15:33:44] [INFO] [BiharFloodAuto] Executing 'git pull' to check for updates...
[2026-09-30 15:33:45] [INFO] [BiharFloodAuto] Repository is already up to date.
[2026-09-30 15:33:45] [INFO] [BiharFloodAuto] [*] Operation is OFF. Skipping Email Fetch and SFTP copy.
[2026-09-30 15:33:47] [INFO] [BiharFloodAuto] Successfully pushed automation.log to Git.
[2026-09-30 15:33:47] [INFO] [BiharFloodAuto] Sleeping for 15 minutes. Next check at 15:48:47...
[2026-09-30 15:48:47] [INFO] [BiharFloodAuto] Executing 'git pull' to check for updates...
[2026-09-30 15:48:48] [INFO] [BiharFloodAuto] Repository is already up to date.
[2026-09-30 15:48:48] [INFO] [BiharFloodAuto] [*] Operation is OFF. Skipping Email Fetch and SFTP copy.
[2026-09-30 15:48:51] [INFO] [BiharFloodAuto] Successfully pushed automation.log to Git.
[2026-09-30 15:48:51] [INFO] [BiharFloodAuto] Sleeping for 15 minutes. Next check at 16:03:51...
[2026-09-30 16:03:51] [INFO] [BiharFloodAuto] Executing 'git pull' to check for updates...
[2026-09-30 16:03:52] [INFO] [BiharFloodAuto] Repository is already up to date.
[2026-09-30 16:03:52] [INFO] [BiharFloodAuto] [*] Operation is OFF. Skipping Email Fetch and SFTP copy.
[2026-09-30 16:03:55] [INFO] [BiharFloodAuto] Successfully pushed automation.log to Git.
[2026-09-30 16:03:55] [INFO] [BiharFloodAuto] Sleeping for 15 minutes. Next check at 16:18:55...
[2026-09-30 16:18:55] [INFO] [BiharFloodAuto] Executing 'git pull' to check for updates...
[2026-09-30 16:18:56] [INFO] [BiharFloodAuto] Repository is already up to date.
[2026-09-30 16:18:56] [INFO] [BiharFloodAuto] [*] Operation is OFF. Skipping Email Fetch and SFTP copy.
[2026-09-30 16:18:59] [INFO] [BiharFloodAuto] Successfully pushed automation.log to Git.
[2026-09-30 16:18:59] [INFO] [BiharFloodAuto] Sleeping for 15 minutes. Next check at 16:33:59...
[2026-09-30 16:33:59] [INFO] [BiharFloodAuto] Executing 'git pull' to check for updates...
[2026-09-30 16:33:59] [INFO] [BiharFloodAuto] Repository is already up to date.
[2026-09-30 16:33:59] [INFO] [BiharFloodAuto] [*] Operation is OFF. Skipping Email Fetch and SFTP copy.
[2026-09-30 16:34:02] [INFO] [BiharFloodAuto] Successfully pushed automation.log to Git.
[2026-09-30 16:34:02] [INFO] [BiharFloodAuto] Sleeping for 15 minutes. Next check at 16:49:02...
[2026-09-30 16:49:02] [INFO] [BiharFloodAuto] Executing 'git pull' to check for updates...
[2026-09-30 16:49:03] [INFO] [BiharFloodAuto] Repository is already up to date.
[2026-09-30 16:49:03] [INFO] [BiharFloodAuto] [*] Operation is OFF. Skipping Email Fetch and SFTP copy.
[2026-09-30 16:49:05] [INFO] [BiharFloodAuto] Successfully pushed automation.log to Git.
[2026-09-30 16:49:05] [INFO] [BiharFloodAuto] Sleeping for 15 minutes. Next check at 17:04:05...
[2026-09-30 17:04:05] [INFO] [BiharFloodAuto] Executing 'git pull' to check for updates...
[2026-09-30 17:04:06] [INFO] [BiharFloodAuto] Repository is already up to date.
[2026-09-30 17:04:06] [INFO] [BiharFloodAuto] [*] Operation is OFF. Skipping Email Fetch and SFTP copy.
[2026-09-30 17:04:08] [INFO] [BiharFloodAuto] Successfully pushed automation.log to Git.
[2026-09-30 17:04:08] [INFO] [BiharFloodAuto] Sleeping for 15 minutes. Next check at 17:19:08...
[2026-09-30 17:19:09] [INFO] [BiharFloodAuto] Executing 'git pull' to check for updates...
[2026-09-30 17:19:09] [INFO] [BiharFloodAuto] Repository is already up to date.
[2026-09-30 17:19:09] [INFO] [BiharFloodAuto] [*] Operation is OFF. Skipping Email Fetch and SFTP copy.
[2026-09-30 17:19:12] [INFO] [BiharFloodAuto] Successfully pushed automation.log to Git.
[2026-09-30 17:19:12] [INFO] [BiharFloodAuto] Sleeping for 15 minutes. Next check at 17:34:12...
[2026-09-30 17:34:12] [INFO] [BiharFloodAuto] Executing 'git pull' to check for updates...
[2026-09-30 17:34:13] [INFO] [BiharFloodAuto] Repository is already up to date.
[2026-09-30 17:34:13] [INFO] [BiharFloodAuto] [*] Operation is OFF. Skipping Email Fetch and SFTP copy.
[2026-09-30 17:34:15] [INFO] [BiharFloodAuto] Successfully pushed automation.log to Git.
[2026-09-30 17:34:15] [INFO] [BiharFloodAuto] Sleeping for 15 minutes. Next check at 17:49:15...
[2026-09-30 17:49:15] [INFO] [BiharFloodAuto] Executing 'git pull' to check for updates...
[2026-09-30 17:49:16] [INFO] [BiharFloodAuto] Repository is already up to date.
[2026-09-30 17:49:16] [INFO] [BiharFloodAuto] [*] Operation is OFF. Skipping Email Fetch and SFTP copy.
[2026-09-30 17:49:18] [INFO] [BiharFloodAuto] Successfully pushed automation.log to Git.
[2026-09-30 17:49:18] [INFO] [BiharFloodAuto] Sleeping for 15 minutes. Next check at 18:04:18...
[2026-09-30 18:04:19] [INFO] [BiharFloodAuto] Executing 'git pull' to check for updates...
[2026-09-30 18:04:19] [INFO] [BiharFloodAuto] Repository is already up to date.
[2026-09-30 18:04:19] [INFO] [BiharFloodAuto] [*] Operation is OFF. Skipping Email Fetch and SFTP copy.
[2026-09-30 18:04:22] [INFO] [BiharFloodAuto] Successfully pushed automation.log to Git.
[2026-09-30 18:04:22] [INFO] [BiharFloodAuto] Sleeping for 15 minutes. Next check at 18:19:22...
[2026-09-30 18:19:22] [INFO] [BiharFloodAuto] Executing 'git pull' to check for updates...
[2026-09-30 18:19:23] [INFO] [BiharFloodAuto] Repository is already up to date.
[2026-09-30 18:19:23] [INFO] [BiharFloodAuto] [*] Operation is OFF. Skipping Email Fetch and SFTP copy.
[2026-09-30 18:19:25] [INFO] [BiharFloodAuto] Successfully pushed automation.log to Git.
[2026-09-30 18:19:25] [INFO] [BiharFloodAuto] Sleeping for 15 minutes. Next check at 18:34:25...
[2026-09-30 18:34:25] [INFO] [BiharFloodAuto] Executing 'git pull' to check for updates...
[2026-09-30 18:34:26] [INFO] [BiharFloodAuto] Repository is already up to date.
[2026-09-30 18:34:26] [INFO] [BiharFloodAuto] [*] Operation is OFF. Skipping Email Fetch and SFTP copy.
[2026-09-30 18:34:29] [INFO] [BiharFloodAuto] Successfully pushed automation.log to Git.
[2026-09-30 18:34:29] [INFO] [BiharFloodAuto] Sleeping for 15 minutes. Next check at 18:49:29...
[2026-09-30 18:49:29] [INFO] [BiharFloodAuto] Executing 'git pull' to check for updates...
[2026-09-30 18:49:30] [INFO] [BiharFloodAuto] Repository is already up to date.
[2026-09-30 18:49:30] [INFO] [BiharFloodAuto] [*] Operation is OFF. Skipping Email Fetch and SFTP copy.
[2026-09-30 18:49:32] [INFO] [BiharFloodAuto] Successfully pushed automation.log to Git.
[2026-09-30 18:49:32] [INFO] [BiharFloodAuto] Sleeping for 15 minutes. Next check at 19:04:32...
[2026-09-30 19:04:32] [INFO] [BiharFloodAuto] Executing 'git pull' to check for updates...
[2026-09-30 19:04:33] [INFO] [BiharFloodAuto] Repository is already up to date.
[2026-09-30 19:04:33] [INFO] [BiharFloodAuto] [*] Operation is OFF. Skipping Email Fetch and SFTP copy.
[2026-09-30 19:04:36] [INFO] [BiharFloodAuto] Successfully pushed automation.log to Git.
[2026-09-30 19:04:36] [INFO] [BiharFloodAuto] Sleeping for 15 minutes. Next check at 19:19:36...
[2026-09-30 19:19:36] [INFO] [BiharFloodAuto] Executing 'git pull' to check for updates...
[2026-09-30 19:19:37] [INFO] [BiharFloodAuto] Repository is already up to date.
[2026-09-30 19:19:37] [INFO] [BiharFloodAuto] [*] Operation is OFF. Skipping Email Fetch and SFTP copy.
[2026-09-30 19:19:40] [INFO] [BiharFloodAuto] Successfully pushed automation.log to Git.
[2026-09-30 19:19:40] [INFO] [BiharFloodAuto] Sleeping for 15 minutes. Next check at 19:34:40...
[2026-09-30 19:34:40] [INFO] [BiharFloodAuto] Executing 'git pull' to check for updates...
[2026-09-30 19:34:41] [INFO] [BiharFloodAuto] Repository is already up to date.
[2026-09-30 19:34:41] [INFO] [BiharFloodAuto] [*] Operation is OFF. Skipping Email Fetch and SFTP copy.
[2026-09-30 19:34:44] [INFO] [BiharFloodAuto] Successfully pushed automation.log to Git.
[2026-09-30 19:34:44] [INFO] [BiharFloodAuto] Sleeping for 15 minutes. Next check at 19:49:44...
[2026-09-30 19:49:44] [INFO] [BiharFloodAuto] Executing 'git pull' to check for updates...
[2026-09-30 19:49:44] [INFO] [BiharFloodAuto] Repository is already up to date.
[2026-09-30 19:49:45] [INFO] [BiharFloodAuto] [*] Operation is OFF. Skipping Email Fetch and SFTP copy.
[2026-09-30 19:49:47] [INFO] [BiharFloodAuto] Successfully pushed automation.log to Git.
[2026-09-30 19:49:47] [INFO] [BiharFloodAuto] Sleeping for 15 minutes. Next check at 20:04:47...
[2026-09-30 20:04:47] [INFO] [BiharFloodAuto] Executing 'git pull' to check for updates...
[2026-09-30 20:04:48] [INFO] [BiharFloodAuto] Repository is already up to date.
[2026-09-30 20:04:48] [INFO] [BiharFloodAuto] [*] Operation is OFF. Skipping Email Fetch and SFTP copy.
[2026-09-30 20:04:51] [INFO] [BiharFloodAuto] Successfully pushed automation.log to Git.
[2026-09-30 20:04:51] [INFO] [BiharFloodAuto] Sleeping for 15 minutes. Next check at 20:19:51...
[2026-09-30 20:19:51] [INFO] [BiharFloodAuto] Executing 'git pull' to check for updates...
[2026-09-30 20:19:52] [INFO] [BiharFloodAuto] Repository is already up to date.
[2026-09-30 20:19:52] [INFO] [BiharFloodAuto] [*] Operation is OFF. Skipping Email Fetch and SFTP copy.
[2026-09-30 20:19:54] [INFO] [BiharFloodAuto] Successfully pushed automation.log to Git.
[2026-09-30 20:19:54] [INFO] [BiharFloodAuto] Sleeping for 15 minutes. Next check at 20:34:54...
[2026-09-30 20:34:54] [INFO] [BiharFloodAuto] Executing 'git pull' to check for updates...
[2026-09-30 20:34:55] [INFO] [BiharFloodAuto] Repository is already up to date.
[2026-09-30 20:34:55] [INFO] [BiharFloodAuto] [*] Operation is OFF. Skipping Email Fetch and SFTP copy.
[2026-09-30 20:34:58] [INFO] [BiharFloodAuto] Successfully pushed automation.log to Git.
[2026-09-30 20:34:58] [INFO] [BiharFloodAuto] Sleeping for 15 minutes. Next check at 20:49:58...
[2026-09-30 20:49:58] [INFO] [BiharFloodAuto] Executing 'git pull' to check for updates...
[2026-09-30 20:49:59] [INFO] [BiharFloodAuto] Repository is already up to date.
[2026-09-30 20:49:59] [INFO] [BiharFloodAuto] [*] Operation is OFF. Skipping Email Fetch and SFTP copy.
[2026-09-30 20:50:01] [INFO] [BiharFloodAuto] Successfully pushed automation.log to Git.
[2026-09-30 20:50:01] [INFO] [BiharFloodAuto] Sleeping for 15 minutes. Next check at 21:05:01...
[2026-09-30 21:05:01] [INFO] [BiharFloodAuto] Executing 'git pull' to check for updates...
[2026-09-30 21:05:02] [INFO] [BiharFloodAuto] Repository is already up to date.
[2026-09-30 21:05:02] [INFO] [BiharFloodAuto] [*] Operation is OFF. Skipping Email Fetch and SFTP copy.
[2026-09-30 21:05:05] [INFO] [BiharFloodAuto] Successfully pushed automation.log to Git.
[2026-09-30 21:05:05] [INFO] [BiharFloodAuto] Sleeping for 15 minutes. Next check at 21:20:05...
[2026-09-30 21:20:05] [INFO] [BiharFloodAuto] Executing 'git pull' to check for updates...
[2026-09-30 21:20:06] [INFO] [BiharFloodAuto] Repository is already up to date.
[2026-09-30 21:20:06] [INFO] [BiharFloodAuto] [*] Operation is OFF. Skipping Email Fetch and SFTP copy.
[2026-09-30 21:20:08] [INFO] [BiharFloodAuto] Successfully pushed automation.log to Git.
[2026-09-30 21:20:08] [INFO] [BiharFloodAuto] Sleeping for 15 minutes. Next check at 21:35:08...
[2026-09-30 21:35:09] [INFO] [BiharFloodAuto] Executing 'git pull' to check for updates...
[2026-09-30 21:35:09] [INFO] [BiharFloodAuto] Repository is already up to date.
[2026-09-30 21:35:09] [INFO] [BiharFloodAuto] [*] Operation is OFF. Skipping Email Fetch and SFTP copy.
[2026-09-30 21:35:12] [INFO] [BiharFloodAuto] Successfully pushed automation.log to Git.
[2026-09-30 21:35:12] [INFO] [BiharFloodAuto] Sleeping for 15 minutes. Next check at 21:50:12...
[2026-09-30 21:50:12] [INFO] [BiharFloodAuto] Executing 'git pull' to check for updates...
[2026-09-30 21:50:13] [INFO] [BiharFloodAuto] Repository is already up to date.
[2026-09-30 21:50:13] [INFO] [BiharFloodAuto] [*] Operation is OFF. Skipping Email Fetch and SFTP copy.
[2026-09-30 21:50:15] [INFO] [BiharFloodAuto] Successfully pushed automation.log to Git.
[2026-09-30 21:50:15] [INFO] [BiharFloodAuto] Sleeping for 15 minutes. Next check at 22:05:15...
[2026-09-30 22:05:16] [INFO] [BiharFloodAuto] Executing 'git pull' to check for updates...
[2026-09-30 22:05:16] [INFO] [BiharFloodAuto] Repository is already up to date.
[2026-09-30 22:05:16] [INFO] [BiharFloodAuto] [*] Operation is OFF. Skipping Email Fetch and SFTP copy.
[2026-09-30 22:05:19] [INFO] [BiharFloodAuto] Successfully pushed automation.log to Git.
[2026-09-30 22:05:19] [INFO] [BiharFloodAuto] Sleeping for 15 minutes. Next check at 22:20:19...
[2026-09-30 22:20:19] [INFO] [BiharFloodAuto] Executing 'git pull' to check for updates...
[2026-09-30 22:20:20] [INFO] [BiharFloodAuto] Repository is already up to date.
[2026-09-30 22:20:20] [INFO] [BiharFloodAuto] [*] Operation is OFF. Skipping Email Fetch and SFTP copy.
[2026-09-30 22:20:22] [INFO] [BiharFloodAuto] Successfully pushed automation.log to Git.
[2026-09-30 22:20:22] [INFO] [BiharFloodAuto] Sleeping for 15 minutes. Next check at 22:35:22...
[2026-09-30 22:35:22] [INFO] [BiharFloodAuto] Executing 'git pull' to check for updates...
[2026-09-30 22:35:23] [INFO] [BiharFloodAuto] Repository is already up to date.
[2026-09-30 22:35:23] [INFO] [BiharFloodAuto] [*] Operation is OFF. Skipping Email Fetch and SFTP copy.
[2026-09-30 22:35:26] [INFO] [BiharFloodAuto] Successfully pushed automation.log to Git.
[2026-09-30 22:35:26] [INFO] [BiharFloodAuto] Sleeping for 15 minutes. Next check at 22:50:26...
[2026-09-30 22:50:26] [INFO] [BiharFloodAuto] Executing 'git pull' to check for updates...
[2026-09-30 22:50:26] [INFO] [BiharFloodAuto] Repository is already up to date.
[2026-09-30 22:50:26] [INFO] [BiharFloodAuto] [*] Operation is OFF. Skipping Email Fetch and SFTP copy.
[2026-09-30 22:50:29] [INFO] [BiharFloodAuto] Successfully pushed automation.log to Git.
[2026-09-30 22:50:29] [INFO] [BiharFloodAuto] Sleeping for 15 minutes. Next check at 23:05:29...
[2026-09-30 23:05:29] [INFO] [BiharFloodAuto] Executing 'git pull' to check for updates...
[2026-09-30 23:05:30] [INFO] [BiharFloodAuto] Repository is already up to date.
[2026-09-30 23:05:30] [INFO] [BiharFloodAuto] [*] Operation is OFF. Skipping Email Fetch and SFTP copy.
[2026-09-30 23:05:32] [INFO] [BiharFloodAuto] Successfully pushed automation.log to Git.
[2026-09-30 23:05:32] [INFO] [BiharFloodAuto] Sleeping for 15 minutes. Next check at 23:20:32...
[2026-09-30 23:20:33] [INFO] [BiharFloodAuto] Executing 'git pull' to check for updates...
[2026-09-30 23:20:33] [INFO] [BiharFloodAuto] Repository is already up to date.
[2026-09-30 23:20:33] [INFO] [BiharFloodAuto] [*] Operation is OFF. Skipping Email Fetch and SFTP copy.
[2026-09-30 23:20:36] [INFO] [BiharFloodAuto] Successfully pushed automation.log to Git.
[2026-09-30 23:20:36] [INFO] [BiharFloodAuto] Sleeping for 15 minutes. Next check at 23:35:36...
[2026-09-30 23:35:36] [INFO] [BiharFloodAuto] Executing 'git pull' to check for updates...
[2026-09-30 23:35:37] [INFO] [BiharFloodAuto] Repository is already up to date.
[2026-09-30 23:35:37] [INFO] [BiharFloodAuto] [*] Operation is OFF. Skipping Email Fetch and SFTP copy.
[2026-09-30 23:35:39] [INFO] [BiharFloodAuto] Successfully pushed automation.log to Git.
[2026-09-30 23:35:39] [INFO] [BiharFloodAuto] Sleeping for 15 minutes. Next check at 23:50:39...
[2026-09-30 23:50:39] [INFO] [BiharFloodAuto] Executing 'git pull' to check for updates...
[2026-09-30 23:50:40] [INFO] [BiharFloodAuto] Repository is already up to date.
[2026-09-30 23:50:40] [INFO] [BiharFloodAuto] [*] Operation is OFF. Skipping Email Fetch and SFTP copy.
[2026-09-30 23:50:43] [INFO] [BiharFloodAuto] Successfully pushed automation.log to Git.
[2026-09-30 23:50:43] [INFO] [BiharFloodAuto] Sleeping for 15 minutes. Next check at 00:05:43...
[2026-10-01 00:05:43] [INFO] [BiharFloodAuto] Executing 'git pull' to check for updates...
[2026-10-01 00:05:44] [INFO] [BiharFloodAuto] Repository is already up to date.
[2026-10-01 00:05:44] [INFO] [BiharFloodAuto] [*] Operation is OFF. Skipping Email Fetch and SFTP copy.
[2026-10-01 00:05:46] [INFO] [BiharFloodAuto] Successfully pushed automation.log to Git.
[2026-10-01 00:05:46] [INFO] [BiharFloodAuto] Sleeping for 15 minutes. Next check at 00:20:46...
[2026-10-01 00:20:46] [INFO] [BiharFloodAuto] Executing 'git pull' to check for updates...
[2026-10-01 00:20:47] [INFO] [BiharFloodAuto] Repository is already up to date.
[2026-10-01 00:20:47] [INFO] [BiharFloodAuto] [*] Operation is OFF. Skipping Email Fetch and SFTP copy.
[2026-10-01 00:20:49] [INFO] [BiharFloodAuto] Successfully pushed automation.log to Git.
[2026-10-01 00:20:49] [INFO] [BiharFloodAuto] Sleeping for 15 minutes. Next check at 00:35:49...
[2026-10-01 00:35:49] [INFO] [BiharFloodAuto] Executing 'git pull' to check for updates...
[2026-10-01 00:35:50] [INFO] [BiharFloodAuto] Repository is already up to date.
[2026-10-01 00:35:50] [INFO] [BiharFloodAuto] [*] Operation is OFF. Skipping Email Fetch and SFTP copy.
[2026-10-01 00:35:53] [INFO] [BiharFloodAuto] Successfully pushed automation.log to Git.
[2026-10-01 00:35:53] [INFO] [BiharFloodAuto] Sleeping for 15 minutes. Next check at 00:50:53...
[2026-10-01 00:50:53] [INFO] [BiharFloodAuto] Executing 'git pull' to check for updates...
[2026-10-01 00:50:54] [INFO] [BiharFloodAuto] Repository is already up to date.
[2026-10-01 00:50:54] [INFO] [BiharFloodAuto] [*] Operation is OFF. Skipping Email Fetch and SFTP copy.
[2026-10-01 00:50:56] [INFO] [BiharFloodAuto] Successfully pushed automation.log to Git.
[2026-10-01 00:50:56] [INFO] [BiharFloodAuto] Sleeping for 15 minutes. Next check at 01:05:56...
[2026-10-01 01:05:56] [INFO] [BiharFloodAuto] Executing 'git pull' to check for updates...
[2026-10-01 01:05:57] [INFO] [BiharFloodAuto] Repository is already up to date.
[2026-10-01 01:05:57] [INFO] [BiharFloodAuto] [*] Operation is OFF. Skipping Email Fetch and SFTP copy.
[2026-10-01 01:05:59] [INFO] [BiharFloodAuto] Successfully pushed automation.log to Git.
[2026-10-01 01:05:59] [INFO] [BiharFloodAuto] Sleeping for 15 minutes. Next check at 01:20:59...
[2026-10-01 01:20:59] [INFO] [BiharFloodAuto] Executing 'git pull' to check for updates...
[2026-10-01 01:21:00] [INFO] [BiharFloodAuto] Repository is already up to date.
[2026-10-01 01:21:00] [INFO] [BiharFloodAuto] [*] Operation is OFF. Skipping Email Fetch and SFTP copy.
[2026-10-01 01:21:02] [INFO] [BiharFloodAuto] Successfully pushed automation.log to Git.
[2026-10-01 01:21:02] [INFO] [BiharFloodAuto] Sleeping for 15 minutes. Next check at 01:36:02...
[2026-10-01 01:36:02] [INFO] [BiharFloodAuto] Executing 'git pull' to check for updates...
[2026-10-01 01:36:03] [INFO] [BiharFloodAuto] Repository is already up to date.
[2026-10-01 01:36:03] [INFO] [BiharFloodAuto] [*] Operation is OFF. Skipping Email Fetch and SFTP copy.
[2026-10-01 01:36:05] [INFO] [BiharFloodAuto] Successfully pushed automation.log to Git.
[2026-10-01 01:36:05] [INFO] [BiharFloodAuto] Sleeping for 15 minutes. Next check at 01:51:05...
[2026-10-01 01:51:05] [INFO] [BiharFloodAuto] Executing 'git pull' to check for updates...
[2026-10-01 01:51:06] [INFO] [BiharFloodAuto] Repository is already up to date.
[2026-10-01 01:51:06] [INFO] [BiharFloodAuto] [*] Operation is OFF. Skipping Email Fetch and SFTP copy.
[2026-10-01 01:51:08] [INFO] [BiharFloodAuto] Successfully pushed automation.log to Git.
[2026-10-01 01:51:08] [INFO] [BiharFloodAuto] Sleeping for 15 minutes. Next check at 02:06:08...
[2026-10-01 02:06:08] [INFO] [BiharFloodAuto] Executing 'git pull' to check for updates...
[2026-10-01 02:06:09] [INFO] [BiharFloodAuto] Repository is already up to date.
[2026-10-01 02:06:09] [INFO] [BiharFloodAuto] [*] Operation is OFF. Skipping Email Fetch and SFTP copy.
[2026-10-01 02:06:11] [INFO] [BiharFloodAuto] Successfully pushed automation.log to Git.
[2026-10-01 02:06:11] [INFO] [BiharFloodAuto] Sleeping for 15 minutes. Next check at 02:21:11...
[2026-10-01 02:21:12] [INFO] [BiharFloodAuto] Executing 'git pull' to check for updates...
[2026-10-01 02:21:12] [INFO] [BiharFloodAuto] Repository is already up to date.
[2026-10-01 02:21:12] [INFO] [BiharFloodAuto] [*] Operation is OFF. Skipping Email Fetch and SFTP copy.
[2026-10-01 02:21:14] [INFO] [BiharFloodAuto] Successfully pushed automation.log to Git.
[2026-10-01 02:21:14] [INFO] [BiharFloodAuto] Sleeping for 15 minutes. Next check at 02:36:14...
[2026-10-01 02:36:15] [INFO] [BiharFloodAuto] Executing 'git pull' to check for updates...
[2026-10-01 02:36:15] [INFO] [BiharFloodAuto] Repository is already up to date.
[2026-10-01 02:36:15] [INFO] [BiharFloodAuto] [*] Operation is OFF. Skipping Email Fetch and SFTP copy.
[2026-10-01 02:36:18] [INFO] [BiharFloodAuto] Successfully pushed automation.log to Git.
[2026-10-01 02:36:18] [INFO] [BiharFloodAuto] Sleeping for 15 minutes. Next check at 02:51:18...
[2026-10-01 02:51:18] [INFO] [BiharFloodAuto] Executing 'git pull' to check for updates...
[2026-10-01 02:51:19] [INFO] [BiharFloodAuto] Repository is already up to date.
[2026-10-01 02:51:19] [INFO] [BiharFloodAuto] [*] Operation is OFF. Skipping Email Fetch and SFTP copy.
[2026-10-01 02:51:22] [INFO] [BiharFloodAuto] Successfully pushed automation.log to Git.
[2026-10-01 02:51:22] [INFO] [BiharFloodAuto] Sleeping for 15 minutes. Next check at 03:06:22...
[2026-10-01 03:06:22] [INFO] [BiharFloodAuto] Executing 'git pull' to check for updates...
[2026-10-01 03:06:22] [INFO] [BiharFloodAuto] Repository is already up to date.
[2026-10-01 03:06:22] [INFO] [BiharFloodAuto] [*] Operation is OFF. Skipping Email Fetch and SFTP copy.
[2026-10-01 03:06:25] [INFO] [BiharFloodAuto] Successfully pushed automation.log to Git.
[2026-10-01 03:06:25] [INFO] [BiharFloodAuto] Sleeping for 15 minutes. Next check at 03:21:25...
[2026-10-01 03:21:25] [INFO] [BiharFloodAuto] Executing 'git pull' to check for updates...
[2026-10-01 03:21:26] [INFO] [BiharFloodAuto] Repository is already up to date.
[2026-10-01 03:21:26] [INFO] [BiharFloodAuto] [*] Operation is OFF. Skipping Email Fetch and SFTP copy.
[2026-10-01 03:21:28] [INFO] [BiharFloodAuto] Successfully pushed automation.log to Git.
[2026-10-01 03:21:28] [INFO] [BiharFloodAuto] Sleeping for 15 minutes. Next check at 03:36:28...
[2026-10-01 03:36:28] [INFO] [BiharFloodAuto] Executing 'git pull' to check for updates...
[2026-10-01 03:36:29] [INFO] [BiharFloodAuto] Repository is already up to date.
[2026-10-01 03:36:29] [INFO] [BiharFloodAuto] [*] Operation is OFF. Skipping Email Fetch and SFTP copy.
[2026-10-01 03:36:31] [INFO] [BiharFloodAuto] Successfully pushed automation.log to Git.
[2026-10-01 03:36:31] [INFO] [BiharFloodAuto] Sleeping for 15 minutes. Next check at 03:51:31...
[2026-10-01 03:51:31] [INFO] [BiharFloodAuto] Executing 'git pull' to check for updates...
[2026-10-01 03:51:32] [INFO] [BiharFloodAuto] Repository is already up to date.
[2026-10-01 03:51:32] [INFO] [BiharFloodAuto] [*] Operation is OFF. Skipping Email Fetch and SFTP copy.
[2026-10-01 03:51:34] [INFO] [BiharFloodAuto] Successfully pushed automation.log to Git.
[2026-10-01 03:51:34] [INFO] [BiharFloodAuto] Sleeping for 15 minutes. Next check at 04:06:34...
[2026-10-01 04:06:34] [INFO] [BiharFloodAuto] Executing 'git pull' to check for updates...
[2026-10-01 04:06:35] [INFO] [BiharFloodAuto] Repository is already up to date.
[2026-10-01 04:06:35] [INFO] [BiharFloodAuto] [*] Operation is OFF. Skipping Email Fetch and SFTP copy.
[2026-10-01 04:06:37] [INFO] [BiharFloodAuto] Successfully pushed automation.log to Git.
[2026-10-01 04:06:37] [INFO] [BiharFloodAuto] Sleeping for 15 minutes. Next check at 04:21:37...
[2026-10-01 04:21:37] [INFO] [BiharFloodAuto] Executing 'git pull' to check for updates...
[2026-10-01 04:21:38] [INFO] [BiharFloodAuto] Repository is already up to date.
[2026-10-01 04:21:38] [INFO] [BiharFloodAuto] [*] Operation is OFF. Skipping Email Fetch and SFTP copy.
[2026-10-01 04:21:40] [INFO] [BiharFloodAuto] Successfully pushed automation.log to Git.
[2026-10-01 04:21:40] [INFO] [BiharFloodAuto] Sleeping for 15 minutes. Next check at 04:36:40...
[2026-10-01 04:36:40] [INFO] [BiharFloodAuto] Executing 'git pull' to check for updates...
[2026-10-01 04:36:41] [INFO] [BiharFloodAuto] Repository is already up to date.
[2026-10-01 04:36:41] [INFO] [BiharFloodAuto] [*] Operation is OFF. Skipping Email Fetch and SFTP copy.
[2026-10-01 04:36:43] [INFO] [BiharFloodAuto] Successfully pushed automation.log to Git.
[2026-10-01 04:36:43] [INFO] [BiharFloodAuto] Sleeping for 15 minutes. Next check at 04:51:43...
[2026-10-01 04:51:43] [INFO] [BiharFloodAuto] Executing 'git pull' to check for updates...
[2026-10-01 04:51:44] [INFO] [BiharFloodAuto] Repository is already up to date.
[2026-10-01 04:51:44] [INFO] [BiharFloodAuto] [*] Operation is OFF. Skipping Email Fetch and SFTP copy.
[2026-10-01 04:51:46] [INFO] [BiharFloodAuto] Successfully pushed automation.log to Git.
[2026-10-01 04:51:46] [INFO] [BiharFloodAuto] Sleeping for 15 minutes. Next check at 05:06:46...
[2026-10-01 05:06:46] [INFO] [BiharFloodAuto] Executing 'git pull' to check for updates...
[2026-10-01 05:06:47] [INFO] [BiharFloodAuto] Repository is already up to date.
[2026-10-01 05:06:47] [INFO] [BiharFloodAuto] [*] Operation is OFF. Skipping Email Fetch and SFTP copy.
[2026-10-01 05:06:49] [INFO] [BiharFloodAuto] Successfully pushed automation.log to Git.
[2026-10-01 05:06:49] [INFO] [BiharFloodAuto] Sleeping for 15 minutes. Next check at 05:21:49...
[2026-10-01 05:21:49] [INFO] [BiharFloodAuto] Executing 'git pull' to check for updates...
[2026-10-01 05:21:50] [INFO] [BiharFloodAuto] Repository is already up to date.
[2026-10-01 05:21:50] [INFO] [BiharFloodAuto] [*] Operation is OFF. Skipping Email Fetch and SFTP copy.
[2026-10-01 05:21:52] [INFO] [BiharFloodAuto] Successfully pushed automation.log to Git.
[2026-10-01 05:21:52] [INFO] [BiharFloodAuto] Sleeping for 15 minutes. Next check at 05:36:52...
[2026-10-01 05:36:52] [INFO] [BiharFloodAuto] Executing 'git pull' to check for updates...
[2026-10-01 05:36:52] [INFO] [BiharFloodAuto] Repository is already up to date.
[2026-10-01 05:36:53] [INFO] [BiharFloodAuto] [*] Operation is OFF. Skipping Email Fetch and SFTP copy.
[2026-10-01 05:36:54] [INFO] [BiharFloodAuto] Successfully pushed automation.log to Git.
[2026-10-01 05:36:54] [INFO] [BiharFloodAuto] Sleeping for 15 minutes. Next check at 05:51:54...
[2026-10-01 05:51:55] [INFO] [BiharFloodAuto] Executing 'git pull' to check for updates...
[2026-10-01 05:51:55] [INFO] [BiharFloodAuto] Repository is already up to date.
[2026-10-01 05:51:55] [INFO] [BiharFloodAuto] [*] Operation is OFF. Skipping Email Fetch and SFTP copy.
[2026-10-01 05:51:57] [INFO] [BiharFloodAuto] Successfully pushed automation.log to Git.
[2026-10-01 05:51:57] [INFO] [BiharFloodAuto] Sleeping for 15 minutes. Next check at 06:06:57...
[2026-10-01 06:06:58] [INFO] [BiharFloodAuto] Executing 'git pull' to check for updates...
[2026-10-01 06:06:58] [INFO] [BiharFloodAuto] Repository is already up to date.
[2026-10-01 06:06:58] [INFO] [BiharFloodAuto] [*] Operation is OFF. Skipping Email Fetch and SFTP copy.
[2026-10-01 06:07:00] [INFO] [BiharFloodAuto] Successfully pushed automation.log to Git.
[2026-10-01 06:07:00] [INFO] [BiharFloodAuto] Sleeping for 15 minutes. Next check at 06:22:00...
[2026-10-01 06:22:01] [INFO] [BiharFloodAuto] Executing 'git pull' to check for updates...
[2026-10-01 06:22:01] [INFO] [BiharFloodAuto] Repository is already up to date.
[2026-10-01 06:22:01] [INFO] [BiharFloodAuto] [*] Operation is OFF. Skipping Email Fetch and SFTP copy.
[2026-10-01 06:22:03] [INFO] [BiharFloodAuto] Successfully pushed automation.log to Git.
[2026-10-01 06:22:03] [INFO] [BiharFloodAuto] Sleeping for 15 minutes. Next check at 06:37:03...
[2026-10-01 06:37:03] [INFO] [BiharFloodAuto] Executing 'git pull' to check for updates...
[2026-10-01 06:37:04] [INFO] [BiharFloodAuto] Repository is already up to date.
[2026-10-01 06:37:04] [INFO] [BiharFloodAuto] [*] Operation is OFF. Skipping Email Fetch and SFTP copy.
[2026-10-01 06:37:06] [INFO] [BiharFloodAuto] Successfully pushed automation.log to Git.
[2026-10-01 06:37:06] [INFO] [BiharFloodAuto] Sleeping for 15 minutes. Next check at 06:52:06...
[2026-10-01 06:52:06] [INFO] [BiharFloodAuto] Executing 'git pull' to check for updates...
[2026-10-01 06:52:07] [INFO] [BiharFloodAuto] Repository is already up to date.
[2026-10-01 06:52:07] [INFO] [BiharFloodAuto] [*] Operation is OFF. Skipping Email Fetch and SFTP copy.
[2026-10-01 06:52:09] [INFO] [BiharFloodAuto] Successfully pushed automation.log to Git.
[2026-10-01 06:52:09] [INFO] [BiharFloodAuto] Sleeping for 15 minutes. Next check at 07:07:09...
[2026-10-01 07:07:09] [INFO] [BiharFloodAuto] Executing 'git pull' to check for updates...
[2026-10-01 07:07:10] [INFO] [BiharFloodAuto] Repository is already up to date.
[2026-10-01 07:07:10] [INFO] [BiharFloodAuto] [*] Operation is OFF. Skipping Email Fetch and SFTP copy.
[2026-10-01 07:07:12] [INFO] [BiharFloodAuto] Successfully pushed automation.log to Git.
[2026-10-01 07:07:12] [INFO] [BiharFloodAuto] Sleeping for 15 minutes. Next check at 07:22:12...
[2026-10-01 07:22:12] [INFO] [BiharFloodAuto] Executing 'git pull' to check for updates...
[2026-10-01 07:22:13] [INFO] [BiharFloodAuto] Repository is already up to date.
[2026-10-01 07:22:13] [INFO] [BiharFloodAuto] [*] Operation is OFF. Skipping Email Fetch and SFTP copy.
[2026-10-01 07:22:15] [INFO] [BiharFloodAuto] Successfully pushed automation.log to Git.
[2026-10-01 07:22:15] [INFO] [BiharFloodAuto] Sleeping for 15 minutes. Next check at 07:37:15...
[2026-10-01 07:37:15] [INFO] [BiharFloodAuto] Executing 'git pull' to check for updates...
[2026-10-01 07:37:16] [INFO] [BiharFloodAuto] Repository is already up to date.
[2026-10-01 07:37:16] [INFO] [BiharFloodAuto] [*] Operation is OFF. Skipping Email Fetch and SFTP copy.
[2026-10-01 07:37:18] [INFO] [BiharFloodAuto] Successfully pushed automation.log to Git.
[2026-10-01 07:37:18] [INFO] [BiharFloodAuto] Sleeping for 15 minutes. Next check at 07:52:18...
[2026-10-01 07:52:18] [INFO] [BiharFloodAuto] Executing 'git pull' to check for updates...
[2026-10-01 07:52:19] [INFO] [BiharFloodAuto] Repository is already up to date.
[2026-10-01 07:52:19] [INFO] [BiharFloodAuto] [*] Operation is OFF. Skipping Email Fetch and SFTP copy.
[2026-10-01 07:52:21] [INFO] [BiharFloodAuto] Successfully pushed automation.log to Git.
[2026-10-01 07:52:21] [INFO] [BiharFloodAuto] Sleeping for 15 minutes. Next check at 08:07:21...
[2026-10-01 08:07:21] [INFO] [BiharFloodAuto] Executing 'git pull' to check for updates...
[2026-10-01 08:07:22] [INFO] [BiharFloodAuto] Repository is already up to date.
[2026-10-01 08:07:22] [INFO] [BiharFloodAuto] [*] Operation is OFF. Skipping Email Fetch and SFTP copy.
[2026-10-01 08:07:24] [INFO] [BiharFloodAuto] Successfully pushed automation.log to Git.
[2026-10-01 08:07:24] [INFO] [BiharFloodAuto] Sleeping for 15 minutes. Next check at 08:22:24...
[2026-10-01 08:22:24] [INFO] [BiharFloodAuto] Executing 'git pull' to check for updates...
[2026-10-01 08:22:25] [INFO] [BiharFloodAuto] Repository is already up to date.
[2026-10-01 08:22:25] [INFO] [BiharFloodAuto] [*] Operation is OFF. Skipping Email Fetch and SFTP copy.
[2026-10-01 08:22:27] [INFO] [BiharFloodAuto] Successfully pushed automation.log to Git.
[2026-10-01 08:22:27] [INFO] [BiharFloodAuto] Sleeping for 15 minutes. Next check at 08:37:27...
[2026-10-01 08:37:27] [INFO] [BiharFloodAuto] Executing 'git pull' to check for updates...
[2026-10-01 08:37:28] [INFO] [BiharFloodAuto] Repository is already up to date.
[2026-10-01 08:37:28] [INFO] [BiharFloodAuto] [*] Operation is OFF. Skipping Email Fetch and SFTP copy.
[2026-10-01 08:37:30] [INFO] [BiharFloodAuto] Successfully pushed automation.log to Git.
[2026-10-01 08:37:30] [INFO] [BiharFloodAuto] Sleeping for 15 minutes. Next check at 08:52:30...
[2026-10-01 08:52:30] [INFO] [BiharFloodAuto] Executing 'git pull' to check for updates...
[2026-10-01 08:52:31] [INFO] [BiharFloodAuto] Repository is already up to date.
[2026-10-01 08:52:31] [INFO] [BiharFloodAuto] [*] Operation is OFF. Skipping Email Fetch and SFTP copy.
[2026-10-01 08:52:33] [INFO] [BiharFloodAuto] Successfully pushed automation.log to Git.
[2026-10-01 08:52:33] [INFO] [BiharFloodAuto] Sleeping for 15 minutes. Next check at 09:07:33...
[2026-10-01 09:07:33] [INFO] [BiharFloodAuto] Executing 'git pull' to check for updates...
[2026-10-01 09:07:34] [INFO] [BiharFloodAuto] Repository is already up to date.
[2026-10-01 09:07:34] [INFO] [BiharFloodAuto] [*] Operation is OFF. Skipping Email Fetch and SFTP copy.
[2026-10-01 09:07:36] [INFO] [BiharFloodAuto] Successfully pushed automation.log to Git.
[2026-10-01 09:07:36] [INFO] [BiharFloodAuto] Sleeping for 15 minutes. Next check at 09:22:36...
[2026-10-01 09:22:36] [INFO] [BiharFloodAuto] Executing 'git pull' to check for updates...
[2026-10-01 09:22:37] [INFO] [BiharFloodAuto] Repository is already up to date.
[2026-10-01 09:22:37] [INFO] [BiharFloodAuto] [*] Operation is OFF. Skipping Email Fetch and SFTP copy.
[2026-10-01 09:22:39] [INFO] [BiharFloodAuto] Successfully pushed automation.log to Git.
[2026-10-01 09:22:39] [INFO] [BiharFloodAuto] Sleeping for 15 minutes. Next check at 09:37:39...
[2026-10-01 09:37:39] [INFO] [BiharFloodAuto] Executing 'git pull' to check for updates...
[2026-10-01 09:37:39] [INFO] [BiharFloodAuto] Repository is already up to date.
[2026-10-01 09:37:39] [INFO] [BiharFloodAuto] [*] Operation is OFF. Skipping Email Fetch and SFTP copy.
[2026-10-01 09:37:41] [INFO] [BiharFloodAuto] Successfully pushed automation.log to Git.
[2026-10-01 09:37:41] [INFO] [BiharFloodAuto] Sleeping for 15 minutes. Next check at 09:52:41...
[2026-10-01 09:52:42] [INFO] [BiharFloodAuto] Executing 'git pull' to check for updates...
[2026-10-01 09:52:42] [INFO] [BiharFloodAuto] Repository is already up to date.
[2026-10-01 09:52:42] [INFO] [BiharFloodAuto] [*] Operation is OFF. Skipping Email Fetch and SFTP copy.
[2026-10-01 09:52:44] [INFO] [BiharFloodAuto] Successfully pushed automation.log to Git.
[2026-10-01 09:52:44] [INFO] [BiharFloodAuto] Sleeping for 15 minutes. Next check at 10:07:44...
[2026-10-01 10:07:44] [INFO] [BiharFloodAuto] Executing 'git pull' to check for updates...
[2026-10-01 10:07:45] [INFO] [BiharFloodAuto] Repository is already up to date.
[2026-10-01 10:07:45] [INFO] [BiharFloodAuto] [*] Operation is OFF. Skipping Email Fetch and SFTP copy.
[2026-10-01 10:07:47] [INFO] [BiharFloodAuto] Successfully pushed automation.log to Git.
[2026-10-01 10:07:47] [INFO] [BiharFloodAuto] Sleeping for 15 minutes. Next check at 10:22:47...
[2026-10-01 10:22:47] [INFO] [BiharFloodAuto] Executing 'git pull' to check for updates...
[2026-10-01 10:22:48] [INFO] [BiharFloodAuto] Repository is already up to date.
[2026-10-01 10:22:48] [INFO] [BiharFloodAuto] [*] Operation is OFF. Skipping Email Fetch and SFTP copy.
[2026-10-01 10:22:50] [INFO] [BiharFloodAuto] Successfully pushed automation.log to Git.
[2026-10-01 10:22:50] [INFO] [BiharFloodAuto] Sleeping for 15 minutes. Next check at 10:37:50...
[2026-10-01 10:37:50] [INFO] [BiharFloodAuto] Executing 'git pull' to check for updates...
[2026-10-01 10:37:51] [INFO] [BiharFloodAuto] Repository is already up to date.
[2026-10-01 10:37:51] [INFO] [BiharFloodAuto] [*] Operation is OFF. Skipping Email Fetch and SFTP copy.
[2026-10-01 10:37:54] [INFO] [BiharFloodAuto] Successfully pushed automation.log to Git.
[2026-10-01 10:37:54] [INFO] [BiharFloodAuto] Sleeping for 15 minutes. Next check at 10:52:54...
[2026-10-01 10:52:54] [INFO] [BiharFloodAuto] Executing 'git pull' to check for updates...
[2026-10-01 10:52:54] [INFO] [BiharFloodAuto] Repository is already up to date.
[2026-10-01 10:52:54] [INFO] [BiharFloodAuto] [*] Operation is OFF. Skipping Email Fetch and SFTP copy.
[2026-10-01 10:52:57] [INFO] [BiharFloodAuto] Successfully pushed automation.log to Git.
[2026-10-01 10:52:57] [INFO] [BiharFloodAuto] Sleeping for 15 minutes. Next check at 11:07:57...
[2026-10-01 11:07:57] [INFO] [BiharFloodAuto] Executing 'git pull' to check for updates...
[2026-10-01 11:07:58] [INFO] [BiharFloodAuto] Repository is already up to date.
[2026-10-01 11:07:58] [INFO] [BiharFloodAuto] [*] Operation is OFF. Skipping Email Fetch and SFTP copy.
[2026-10-01 11:08:00] [INFO] [BiharFloodAuto] Successfully pushed automation.log to Git.
[2026-10-01 11:08:00] [INFO] [BiharFloodAuto] Sleeping for 15 minutes. Next check at 11:23:00...
[2026-10-01 11:23:00] [INFO] [BiharFloodAuto] Executing 'git pull' to check for updates...
[2026-10-01 11:23:01] [INFO] [BiharFloodAuto] Repository is already up to date.
[2026-10-01 11:23:01] [INFO] [BiharFloodAuto] [*] Operation is OFF. Skipping Email Fetch and SFTP copy.
[2026-10-01 11:23:03] [INFO] [BiharFloodAuto] Successfully pushed automation.log to Git.
[2026-10-01 11:23:03] [INFO] [BiharFloodAuto] Sleeping for 15 minutes. Next check at 11:38:03...
[2026-10-01 11:38:03] [INFO] [BiharFloodAuto] Executing 'git pull' to check for updates...
[2026-10-01 11:38:04] [INFO] [BiharFloodAuto] Repository is already up to date.
[2026-10-01 11:38:04] [INFO] [BiharFloodAuto] [*] Operation is OFF. Skipping Email Fetch and SFTP copy.
[2026-10-01 11:38:07] [INFO] [BiharFloodAuto] Successfully pushed automation.log to Git.
[2026-10-01 11:38:07] [INFO] [BiharFloodAuto] Sleeping for 15 minutes. Next check at 11:53:07...
[2026-10-01 11:53:07] [INFO] [BiharFloodAuto] Executing 'git pull' to check for updates...
[2026-10-01 11:53:07] [INFO] [BiharFloodAuto] Repository is already up to date.
[2026-10-01 11:53:07] [INFO] [BiharFloodAuto] [*] Operation is OFF. Skipping Email Fetch and SFTP copy.
[2026-10-01 11:53:10] [INFO] [BiharFloodAuto] Successfully pushed automation.log to Git.
[2026-10-01 11:53:10] [INFO] [BiharFloodAuto] Sleeping for 15 minutes. Next check at 12:08:10...
[2026-10-01 12:08:10] [INFO] [BiharFloodAuto] Executing 'git pull' to check for updates...
[2026-10-01 12:08:10] [INFO] [BiharFloodAuto] Repository is already up to date.
[2026-10-01 12:08:10] [INFO] [BiharFloodAuto] [*] Operation is OFF. Skipping Email Fetch and SFTP copy.
[2026-10-01 12:08:12] [INFO] [BiharFloodAuto] Successfully pushed automation.log to Git.
[2026-10-01 12:08:12] [INFO] [BiharFloodAuto] Sleeping for 15 minutes. Next check at 12:23:12...
[2026-10-01 12:23:12] [INFO] [BiharFloodAuto] Executing 'git pull' to check for updates...
[2026-10-01 12:23:13] [INFO] [BiharFloodAuto] Repository is already up to date.
[2026-10-01 12:23:14] [INFO] [BiharFloodAuto] [*] Operation is OFF. Skipping Email Fetch and SFTP copy.
[2026-10-01 12:23:16] [INFO] [BiharFloodAuto] Successfully pushed automation.log to Git.
[2026-10-01 12:23:16] [INFO] [BiharFloodAuto] Sleeping for 15 minutes. Next check at 12:38:16...
[2026-10-01 12:38:16] [INFO] [BiharFloodAuto] Executing 'git pull' to check for updates...
[2026-10-01 12:38:17] [INFO] [BiharFloodAuto] Repository is already up to date.
[2026-10-01 12:38:17] [INFO] [BiharFloodAuto] [*] Operation is OFF. Skipping Email Fetch and SFTP copy.
[2026-10-01 12:38:19] [INFO] [BiharFloodAuto] Successfully pushed automation.log to Git.
[2026-10-01 12:38:19] [INFO] [BiharFloodAuto] Sleeping for 15 minutes. Next check at 12:53:19...
[2026-10-01 12:53:19] [INFO] [BiharFloodAuto] Executing 'git pull' to check for updates...
[2026-10-01 12:53:20] [INFO] [BiharFloodAuto] Repository is already up to date.
[2026-10-01 12:53:20] [INFO] [BiharFloodAuto] [*] Operation is OFF. Skipping Email Fetch and SFTP copy.
[2026-10-01 12:53:22] [INFO] [BiharFloodAuto] Successfully pushed automation.log to Git.
[2026-10-01 12:53:22] [INFO] [BiharFloodAuto] Sleeping for 15 minutes. Next check at 13:08:22...
[2026-10-01 13:08:22] [INFO] [BiharFloodAuto] Executing 'git pull' to check for updates...
[2026-10-01 13:08:23] [INFO] [BiharFloodAuto] Repository is already up to date.
[2026-10-01 13:08:23] [INFO] [BiharFloodAuto] [*] Operation is OFF. Skipping Email Fetch and SFTP copy.
[2026-10-01 13:08:25] [INFO] [BiharFloodAuto] Successfully pushed automation.log to Git.
[2026-10-01 13:08:25] [INFO] [BiharFloodAuto] Sleeping for 15 minutes. Next check at 13:23:25...
[2026-10-01 13:23:25] [INFO] [BiharFloodAuto] Executing 'git pull' to check for updates...
[2026-10-01 13:23:26] [INFO] [BiharFloodAuto] Repository is already up to date.
[2026-10-01 13:23:26] [INFO] [BiharFloodAuto] [*] Operation is OFF. Skipping Email Fetch and SFTP copy.
[2026-10-01 13:23:28] [INFO] [BiharFloodAuto] Successfully pushed automation.log to Git.
[2026-10-01 13:23:28] [INFO] [BiharFloodAuto] Sleeping for 15 minutes. Next check at 13:38:28...
[2026-10-01 13:38:28] [INFO] [BiharFloodAuto] Executing 'git pull' to check for updates...
[2026-10-01 13:38:29] [INFO] [BiharFloodAuto] Repository is already up to date.
[2026-10-01 13:38:29] [INFO] [BiharFloodAuto] [*] Operation is OFF. Skipping Email Fetch and SFTP copy.
[2026-10-01 13:38:32] [INFO] [BiharFloodAuto] Successfully pushed automation.log to Git.
[2026-10-01 13:38:32] [INFO] [BiharFloodAuto] Sleeping for 15 minutes. Next check at 13:53:32...
[2026-10-01 13:53:32] [INFO] [BiharFloodAuto] Executing 'git pull' to check for updates...
[2026-10-01 13:53:33] [INFO] [BiharFloodAuto] Repository is already up to date.
[2026-10-01 13:53:33] [INFO] [BiharFloodAuto] [*] Operation is OFF. Skipping Email Fetch and SFTP copy.
[2026-10-01 13:53:35] [INFO] [BiharFloodAuto] Successfully pushed automation.log to Git.
[2026-10-01 13:53:35] [INFO] [BiharFloodAuto] Sleeping for 15 minutes. Next check at 14:08:35...
[2026-10-01 14:08:35] [INFO] [BiharFloodAuto] Executing 'git pull' to check for updates...
[2026-10-01 14:08:36] [INFO] [BiharFloodAuto] Repository is already up to date.
[2026-10-01 14:08:36] [INFO] [BiharFloodAuto] [*] Operation is OFF. Skipping Email Fetch and SFTP copy.
[2026-10-01 14:08:39] [INFO] [BiharFloodAuto] Successfully pushed automation.log to Git.
[2026-10-01 14:08:39] [INFO] [BiharFloodAuto] Sleeping for 15 minutes. Next check at 14:23:39...
[2026-10-01 14:23:39] [INFO] [BiharFloodAuto] Executing 'git pull' to check for updates...
[2026-10-01 14:23:40] [INFO] [BiharFloodAuto] Repository is already up to date.
[2026-10-01 14:23:40] [INFO] [BiharFloodAuto] [*] Operation is OFF. Skipping Email Fetch and SFTP copy.
[2026-10-01 14:23:42] [INFO] [BiharFloodAuto] Successfully pushed automation.log to Git.
[2026-10-01 14:23:42] [INFO] [BiharFloodAuto] Sleeping for 15 minutes. Next check at 14:38:42...
[2026-10-01 14:38:42] [INFO] [BiharFloodAuto] Executing 'git pull' to check for updates...
[2026-10-01 14:38:44] [INFO] [BiharFloodAuto] Repository is already up to date.
[2026-10-01 14:38:44] [INFO] [BiharFloodAuto] [*] Operation is OFF. Skipping Email Fetch and SFTP copy.
[2026-10-01 14:38:46] [INFO] [BiharFloodAuto] Successfully pushed automation.log to Git.
[2026-10-01 14:38:46] [INFO] [BiharFloodAuto] Sleeping for 15 minutes. Next check at 14:53:46...
[2026-10-01 14:53:46] [INFO] [BiharFloodAuto] Executing 'git pull' to check for updates...
[2026-10-01 14:53:47] [INFO] [BiharFloodAuto] Repository is already up to date.
[2026-10-01 14:53:47] [INFO] [BiharFloodAuto] [*] Operation is OFF. Skipping Email Fetch and SFTP copy.
[2026-10-01 14:53:50] [INFO] [BiharFloodAuto] Successfully pushed automation.log to Git.
[2026-10-01 14:53:50] [INFO] [BiharFloodAuto] Sleeping for 15 minutes. Next check at 15:08:50...
[2026-10-01 15:08:50] [INFO] [BiharFloodAuto] Executing 'git pull' to check for updates...
[2026-10-01 15:08:51] [INFO] [BiharFloodAuto] Repository is already up to date.
[2026-10-01 15:08:51] [INFO] [BiharFloodAuto] [*] Operation is OFF. Skipping Email Fetch and SFTP copy.
[2026-10-01 15:08:54] [INFO] [BiharFloodAuto] Successfully pushed automation.log to Git.
[2026-10-01 15:08:54] [INFO] [BiharFloodAuto] Sleeping for 15 minutes. Next check at 15:23:54...
[2026-10-01 15:23:54] [INFO] [BiharFloodAuto] Executing 'git pull' to check for updates...
[2026-10-01 15:23:55] [INFO] [BiharFloodAuto] Repository is already up to date.
[2026-10-01 15:23:55] [INFO] [BiharFloodAuto] [*] Operation is OFF. Skipping Email Fetch and SFTP copy.
[2026-10-01 15:23:57] [INFO] [BiharFloodAuto] Successfully pushed automation.log to Git.
[2026-10-01 15:23:57] [INFO] [BiharFloodAuto] Sleeping for 15 minutes. Next check at 15:38:57...
[2026-10-01 15:38:57] [INFO] [BiharFloodAuto] Executing 'git pull' to check for updates...
[2026-10-01 15:38:58] [INFO] [BiharFloodAuto] Repository is already up to date.
[2026-10-01 15:38:58] [INFO] [BiharFloodAuto] [*] Operation is OFF. Skipping Email Fetch and SFTP copy.
[2026-10-01 15:39:00] [INFO] [BiharFloodAuto] Successfully pushed automation.log to Git.
[2026-10-01 15:39:00] [INFO] [BiharFloodAuto] Sleeping for 15 minutes. Next check at 15:54:00...
[2026-10-01 15:54:00] [INFO] [BiharFloodAuto] Executing 'git pull' to check for updates...
[2026-10-01 15:54:01] [INFO] [BiharFloodAuto] Repository is already up to date.
[2026-10-01 15:54:01] [INFO] [BiharFloodAuto] [*] Operation is OFF. Skipping Email Fetch and SFTP copy.
[2026-10-01 15:54:04] [INFO] [BiharFloodAuto] Successfully pushed automation.log to Git.
[2026-10-01 15:54:04] [INFO] [BiharFloodAuto] Sleeping for 15 minutes. Next check at 16:09:04...
[2026-10-01 16:09:04] [INFO] [BiharFloodAuto] Executing 'git pull' to check for updates...
[2026-10-01 16:09:05] [INFO] [BiharFloodAuto] Repository is already up to date.
[2026-10-01 16:09:05] [INFO] [BiharFloodAuto] [*] Operation is OFF. Skipping Email Fetch and SFTP copy.
[2026-10-01 16:09:07] [INFO] [BiharFloodAuto] Successfully pushed automation.log to Git.
[2026-10-01 16:09:07] [INFO] [BiharFloodAuto] Sleeping for 15 minutes. Next check at 16:24:07...
[2026-10-01 16:24:07] [INFO] [BiharFloodAuto] Executing 'git pull' to check for updates...
[2026-10-01 16:24:08] [INFO] [BiharFloodAuto] Repository is already up to date.
[2026-10-01 16:24:08] [INFO] [BiharFloodAuto] [*] Operation is OFF. Skipping Email Fetch and SFTP copy.
[2026-10-01 16:24:10] [INFO] [BiharFloodAuto] Successfully pushed automation.log to Git.
[2026-10-01 16:24:10] [INFO] [BiharFloodAuto] Sleeping for 15 minutes. Next check at 16:39:10...
[2026-10-01 16:39:10] [INFO] [BiharFloodAuto] Executing 'git pull' to check for updates...
[2026-10-01 16:39:11] [INFO] [BiharFloodAuto] Repository is already up to date.
[2026-10-01 16:39:11] [INFO] [BiharFloodAuto] [*] Operation is OFF. Skipping Email Fetch and SFTP copy.
[2026-10-01 16:39:13] [INFO] [BiharFloodAuto] Successfully pushed automation.log to Git.
[2026-10-01 16:39:13] [INFO] [BiharFloodAuto] Sleeping for 15 minutes. Next check at 16:54:13...
[2026-10-01 16:54:13] [INFO] [BiharFloodAuto] Executing 'git pull' to check for updates...
[2026-10-01 16:54:14] [INFO] [BiharFloodAuto] Repository is already up to date.
[2026-10-01 16:54:14] [INFO] [BiharFloodAuto] [*] Operation is OFF. Skipping Email Fetch and SFTP copy.
[2026-10-01 16:54:16] [INFO] [BiharFloodAuto] Successfully pushed automation.log to Git.
[2026-10-01 16:54:16] [INFO] [BiharFloodAuto] Sleeping for 15 minutes. Next check at 17:09:16...
[2026-10-01 17:09:16] [INFO] [BiharFloodAuto] Executing 'git pull' to check for updates...
[2026-10-01 17:09:17] [INFO] [BiharFloodAuto] Repository is already up to date.
[2026-10-01 17:09:17] [INFO] [BiharFloodAuto] [*] Operation is OFF. Skipping Email Fetch and SFTP copy.
[2026-10-01 17:09:19] [INFO] [BiharFloodAuto] Successfully pushed automation.log to Git.
[2026-10-01 17:09:19] [INFO] [BiharFloodAuto] Sleeping for 15 minutes. Next check at 17:24:19...
[2026-10-01 17:24:20] [INFO] [BiharFloodAuto] Executing 'git pull' to check for updates...
[2026-10-01 17:24:20] [INFO] [BiharFloodAuto] Repository is already up to date.
[2026-10-01 17:24:20] [INFO] [BiharFloodAuto] [*] Operation is OFF. Skipping Email Fetch and SFTP copy.
[2026-10-01 17:24:23] [INFO] [BiharFloodAuto] Successfully pushed automation.log to Git.
[2026-10-01 17:24:23] [INFO] [BiharFloodAuto] Sleeping for 15 minutes. Next check at 17:39:23...
[2026-10-01 17:39:24] [INFO] [BiharFloodAuto] Executing 'git pull' to check for updates...
[2026-10-01 17:39:24] [INFO] [BiharFloodAuto] Repository is already up to date.
[2026-10-01 17:39:24] [INFO] [BiharFloodAuto] [*] Operation is OFF. Skipping Email Fetch and SFTP copy.
[2026-10-01 17:39:26] [INFO] [BiharFloodAuto] Successfully pushed automation.log to Git.
[2026-10-01 17:39:26] [INFO] [BiharFloodAuto] Sleeping for 15 minutes. Next check at 17:54:26...
[2026-10-01 17:54:27] [INFO] [BiharFloodAuto] Executing 'git pull' to check for updates...
[2026-10-01 17:54:27] [INFO] [BiharFloodAuto] Repository is already up to date.
[2026-10-01 17:54:27] [INFO] [BiharFloodAuto] [*] Operation is OFF. Skipping Email Fetch and SFTP copy.
[2026-10-01 17:54:29] [INFO] [BiharFloodAuto] Successfully pushed automation.log to Git.
[2026-10-01 17:54:29] [INFO] [BiharFloodAuto] Sleeping for 15 minutes. Next check at 18:09:29...
[2026-10-01 18:09:29] [INFO] [BiharFloodAuto] Executing 'git pull' to check for updates...
[2026-10-01 18:09:30] [INFO] [BiharFloodAuto] Repository is already up to date.
[2026-10-01 18:09:30] [INFO] [BiharFloodAuto] [*] Operation is OFF. Skipping Email Fetch and SFTP copy.
[2026-10-01 18:09:32] [INFO] [BiharFloodAuto] Successfully pushed automation.log to Git.
[2026-10-01 18:09:32] [INFO] [BiharFloodAuto] Sleeping for 15 minutes. Next check at 18:24:32...
[2026-10-01 18:24:32] [INFO] [BiharFloodAuto] Executing 'git pull' to check for updates...
[2026-10-01 18:24:33] [INFO] [BiharFloodAuto] Repository is already up to date.
[2026-10-01 18:24:33] [INFO] [BiharFloodAuto] [*] Operation is OFF. Skipping Email Fetch and SFTP copy.
[2026-10-01 18:24:35] [INFO] [BiharFloodAuto] Successfully pushed automation.log to Git.
[2026-10-01 18:24:35] [INFO] [BiharFloodAuto] Sleeping for 15 minutes. Next check at 18:39:35...
[2026-10-01 18:39:36] [INFO] [BiharFloodAuto] Executing 'git pull' to check for updates...
[2026-10-01 18:39:36] [INFO] [BiharFloodAuto] Repository is already up to date.
[2026-10-01 18:39:36] [INFO] [BiharFloodAuto] [*] Operation is OFF. Skipping Email Fetch and SFTP copy.
[2026-10-01 18:39:38] [INFO] [BiharFloodAuto] Successfully pushed automation.log to Git.
[2026-10-01 18:39:38] [INFO] [BiharFloodAuto] Sleeping for 15 minutes. Next check at 18:54:38...
[2026-10-01 18:54:38] [INFO] [BiharFloodAuto] Executing 'git pull' to check for updates...
[2026-10-01 18:54:39] [INFO] [BiharFloodAuto] Repository is already up to date.
[2026-10-01 18:54:39] [INFO] [BiharFloodAuto] [*] Operation is OFF. Skipping Email Fetch and SFTP copy.
[2026-10-01 18:54:41] [INFO] [BiharFloodAuto] Successfully pushed automation.log to Git.
[2026-10-01 18:54:41] [INFO] [BiharFloodAuto] Sleeping for 15 minutes. Next check at 19:09:41...
[2026-10-01 19:09:41] [INFO] [BiharFloodAuto] Executing 'git pull' to check for updates...
[2026-10-01 19:09:42] [INFO] [BiharFloodAuto] Repository is already up to date.
[2026-10-01 19:09:42] [INFO] [BiharFloodAuto] [*] Operation is OFF. Skipping Email Fetch and SFTP copy.
[2026-10-01 19:09:45] [INFO] [BiharFloodAuto] Successfully pushed automation.log to Git.
[2026-10-01 19:09:45] [INFO] [BiharFloodAuto] Sleeping for 15 minutes. Next check at 19:24:45...
[2026-10-01 19:24:45] [INFO] [BiharFloodAuto] Executing 'git pull' to check for updates...
[2026-10-01 19:24:45] [INFO] [BiharFloodAuto] Repository is already up to date.
[2026-10-01 19:24:46] [INFO] [BiharFloodAuto] [*] Operation is OFF. Skipping Email Fetch and SFTP copy.
[2026-10-01 19:24:48] [INFO] [BiharFloodAuto] Successfully pushed automation.log to Git.
[2026-10-01 19:24:48] [INFO] [BiharFloodAuto] Sleeping for 15 minutes. Next check at 19:39:48...
[2026-10-01 19:39:48] [INFO] [BiharFloodAuto] Executing 'git pull' to check for updates...
[2026-10-01 19:39:49] [INFO] [BiharFloodAuto] Repository is already up to date.
[2026-10-01 19:39:49] [INFO] [BiharFloodAuto] [*] Operation is OFF. Skipping Email Fetch and SFTP copy.
[2026-10-01 19:39:51] [INFO] [BiharFloodAuto] Successfully pushed automation.log to Git.
[2026-10-01 19:39:51] [INFO] [BiharFloodAuto] Sleeping for 15 minutes. Next check at 19:54:51...
[2026-10-01 19:54:51] [INFO] [BiharFloodAuto] Executing 'git pull' to check for updates...
[2026-10-01 19:54:52] [INFO] [BiharFloodAuto] Repository is already up to date.
[2026-10-01 19:54:52] [INFO] [BiharFloodAuto] [*] Operation is OFF. Skipping Email Fetch and SFTP copy.
[2026-10-01 19:54:54] [INFO] [BiharFloodAuto] Successfully pushed automation.log to Git.
[2026-10-01 19:54:54] [INFO] [BiharFloodAuto] Sleeping for 15 minutes. Next check at 20:09:54...
[2026-10-01 20:09:54] [INFO] [BiharFloodAuto] Executing 'git pull' to check for updates...
[2026-10-01 20:09:55] [INFO] [BiharFloodAuto] Repository is already up to date.
[2026-10-01 20:09:55] [INFO] [BiharFloodAuto] [*] Operation is OFF. Skipping Email Fetch and SFTP copy.
[2026-10-01 20:09:58] [INFO] [BiharFloodAuto] Successfully pushed automation.log to Git.
[2026-10-01 20:09:58] [INFO] [BiharFloodAuto] Sleeping for 15 minutes. Next check at 20:24:58...
[2026-10-01 20:24:58] [INFO] [BiharFloodAuto] Executing 'git pull' to check for updates...
[2026-10-01 20:24:59] [INFO] [BiharFloodAuto] Repository is already up to date.
[2026-10-01 20:24:59] [INFO] [BiharFloodAuto] [*] Operation is OFF. Skipping Email Fetch and SFTP copy.
[2026-10-01 20:25:01] [INFO] [BiharFloodAuto] Successfully pushed automation.log to Git.
[2026-10-01 20:25:01] [INFO] [BiharFloodAuto] Sleeping for 15 minutes. Next check at 20:40:01...
[2026-10-01 20:40:01] [INFO] [BiharFloodAuto] Executing 'git pull' to check for updates...
[2026-10-01 20:40:02] [INFO] [BiharFloodAuto] Repository is already up to date.
[2026-10-01 20:40:02] [INFO] [BiharFloodAuto] [*] Operation is OFF. Skipping Email Fetch and SFTP copy.
[2026-10-01 20:40:04] [INFO] [BiharFloodAuto] Successfully pushed automation.log to Git.
[2026-10-01 20:40:04] [INFO] [BiharFloodAuto] Sleeping for 15 minutes. Next check at 20:55:04...
[2026-10-01 20:55:04] [INFO] [BiharFloodAuto] Executing 'git pull' to check for updates...
[2026-10-01 20:55:05] [INFO] [BiharFloodAuto] Repository is already up to date.
[2026-10-01 20:55:05] [INFO] [BiharFloodAuto] [*] Operation is OFF. Skipping Email Fetch and SFTP copy.
[2026-10-01 20:55:07] [INFO] [BiharFloodAuto] Successfully pushed automation.log to Git.
[2026-10-01 20:55:07] [INFO] [BiharFloodAuto] Sleeping for 15 minutes. Next check at 21:10:07...
[2026-10-01 21:10:07] [INFO] [BiharFloodAuto] Executing 'git pull' to check for updates...
[2026-10-01 21:10:08] [INFO] [BiharFloodAuto] Repository is already up to date.
[2026-10-01 21:10:08] [INFO] [BiharFloodAuto] [*] Operation is OFF. Skipping Email Fetch and SFTP copy.
[2026-10-01 21:10:11] [INFO] [BiharFloodAuto] Successfully pushed automation.log to Git.
[2026-10-01 21:10:11] [INFO] [BiharFloodAuto] Sleeping for 15 minutes. Next check at 21:25:11...
[2026-10-01 21:25:11] [INFO] [BiharFloodAuto] Executing 'git pull' to check for updates...
[2026-10-01 21:25:11] [INFO] [BiharFloodAuto] Repository is already up to date.
[2026-10-01 21:25:11] [INFO] [BiharFloodAuto] [*] Operation is OFF. Skipping Email Fetch and SFTP copy.
[2026-10-01 21:25:14] [INFO] [BiharFloodAuto] Successfully pushed automation.log to Git.
[2026-10-01 21:25:14] [INFO] [BiharFloodAuto] Sleeping for 15 minutes. Next check at 21:40:14...
[2026-10-01 21:40:14] [INFO] [BiharFloodAuto] Executing 'git pull' to check for updates...
[2026-10-01 21:40:14] [INFO] [BiharFloodAuto] Repository is already up to date.
[2026-10-01 21:40:15] [INFO] [BiharFloodAuto] [*] Operation is OFF. Skipping Email Fetch and SFTP copy.
[2026-10-01 21:40:17] [INFO] [BiharFloodAuto] Successfully pushed automation.log to Git.
[2026-10-01 21:40:17] [INFO] [BiharFloodAuto] Sleeping for 15 minutes. Next check at 21:55:17...
[2026-10-01 21:55:17] [INFO] [BiharFloodAuto] Executing 'git pull' to check for updates...
[2026-10-01 21:55:17] [INFO] [BiharFloodAuto] Repository is already up to date.
[2026-10-01 21:55:17] [INFO] [BiharFloodAuto] [*] Operation is OFF. Skipping Email Fetch and SFTP copy.
[2026-10-01 21:55:20] [INFO] [BiharFloodAuto] Successfully pushed automation.log to Git.
[2026-10-01 21:55:20] [INFO] [BiharFloodAuto] Sleeping for 15 minutes. Next check at 22:10:20...
[2026-10-01 22:10:20] [INFO] [BiharFloodAuto] Executing 'git pull' to check for updates...
[2026-10-01 22:10:21] [INFO] [BiharFloodAuto] Repository is already up to date.
[2026-10-01 22:10:21] [INFO] [BiharFloodAuto] [*] Operation is OFF. Skipping Email Fetch and SFTP copy.
[2026-10-01 22:10:23] [INFO] [BiharFloodAuto] Successfully pushed automation.log to Git.
[2026-10-01 22:10:23] [INFO] [BiharFloodAuto] Sleeping for 15 minutes. Next check at 22:25:23...
[2026-10-01 22:25:23] [INFO] [BiharFloodAuto] Executing 'git pull' to check for updates...
[2026-10-01 22:25:24] [INFO] [BiharFloodAuto] Repository is already up to date.
[2026-10-01 22:25:24] [INFO] [BiharFloodAuto] [*] Operation is OFF. Skipping Email Fetch and SFTP copy.
[2026-10-01 22:25:26] [INFO] [BiharFloodAuto] Successfully pushed automation.log to Git.
[2026-10-01 22:25:26] [INFO] [BiharFloodAuto] Sleeping for 15 minutes. Next check at 22:40:26...
[2026-10-01 22:40:26] [INFO] [BiharFloodAuto] Executing 'git pull' to check for updates...
[2026-10-01 22:40:27] [INFO] [BiharFloodAuto] Repository is already up to date.
[2026-10-01 22:40:27] [INFO] [BiharFloodAuto] [*] Operation is OFF. Skipping Email Fetch and SFTP copy.
[2026-10-01 22:40:30] [INFO] [BiharFloodAuto] Successfully pushed automation.log to Git.
[2026-10-01 22:40:30] [INFO] [BiharFloodAuto] Sleeping for 15 minutes. Next check at 22:55:30...
[2026-10-01 22:55:30] [INFO] [BiharFloodAuto] Executing 'git pull' to check for updates...
[2026-10-01 22:55:31] [INFO] [BiharFloodAuto] Repository is already up to date.
[2026-10-01 22:55:31] [INFO] [BiharFloodAuto] [*] Operation is OFF. Skipping Email Fetch and SFTP copy.
[2026-10-01 22:55:33] [INFO] [BiharFloodAuto] Successfully pushed automation.log to Git.
[2026-10-01 22:55:33] [INFO] [BiharFloodAuto] Sleeping for 15 minutes. Next check at 23:10:33...
[2026-10-01 23:10:33] [INFO] [BiharFloodAuto] Executing 'git pull' to check for updates...
[2026-10-01 23:10:34] [INFO] [BiharFloodAuto] Repository is already up to date.
[2026-10-01 23:10:34] [INFO] [BiharFloodAuto] [*] Operation is OFF. Skipping Email Fetch and SFTP copy.
[2026-10-01 23:10:36] [INFO] [BiharFloodAuto] Successfully pushed automation.log to Git.
[2026-10-01 23:10:36] [INFO] [BiharFloodAuto] Sleeping for 15 minutes. Next check at 23:25:36...
[2026-10-01 23:25:37] [INFO] [BiharFloodAuto] Executing 'git pull' to check for updates...
[2026-10-01 23:25:37] [INFO] [BiharFloodAuto] Repository is already up to date.
[2026-10-01 23:25:37] [INFO] [BiharFloodAuto] [*] Operation is OFF. Skipping Email Fetch and SFTP copy.
[2026-10-01 23:25:40] [INFO] [BiharFloodAuto] Successfully pushed automation.log to Git.
[2026-10-01 23:25:40] [INFO] [BiharFloodAuto] Sleeping for 15 minutes. Next check at 23:40:40...
[2026-10-01 23:40:40] [INFO] [BiharFloodAuto] Executing 'git pull' to check for updates...
[2026-10-01 23:40:40] [INFO] [BiharFloodAuto] Repository is already up to date.
[2026-10-01 23:40:40] [INFO] [BiharFloodAuto] [*] Operation is OFF. Skipping Email Fetch and SFTP copy.
[2026-10-01 23:40:42] [INFO] [BiharFloodAuto] Successfully pushed automation.log to Git.
[2026-10-01 23:40:42] [INFO] [BiharFloodAuto] Sleeping for 15 minutes. Next check at 23:55:42...
[2026-10-01 23:55:43] [INFO] [BiharFloodAuto] Executing 'git pull' to check for updates...
[2026-10-01 23:55:43] [INFO] [BiharFloodAuto] Repository is already up to date.
[2026-10-01 23:55:43] [INFO] [BiharFloodAuto] [*] Operation is OFF. Skipping Email Fetch and SFTP copy.
[2026-10-01 23:55:46] [INFO] [BiharFloodAuto] Successfully pushed automation.log to Git.
[2026-10-01 23:55:46] [INFO] [BiharFloodAuto] Sleeping for 15 minutes. Next check at 00:10:46...
[2026-10-02 00:10:46] [INFO] [BiharFloodAuto] Executing 'git pull' to check for updates...
[2026-10-02 00:10:46] [INFO] [BiharFloodAuto] Repository is already up to date.
[2026-10-02 00:10:46] [INFO] [BiharFloodAuto] [*] Operation is OFF. Skipping Email Fetch and SFTP copy.
[2026-10-02 00:10:49] [INFO] [BiharFloodAuto] Successfully pushed automation.log to Git.
[2026-10-02 00:10:49] [INFO] [BiharFloodAuto] Sleeping for 15 minutes. Next check at 00:25:49...
[2026-10-02 00:25:49] [INFO] [BiharFloodAuto] Executing 'git pull' to check for updates...
[2026-10-02 00:25:49] [INFO] [BiharFloodAuto] Repository is already up to date.
[2026-10-02 00:25:49] [INFO] [BiharFloodAuto] [*] Operation is OFF. Skipping Email Fetch and SFTP copy.
[2026-10-02 00:25:51] [INFO] [BiharFloodAuto] Successfully pushed automation.log to Git.
[2026-10-02 00:25:51] [INFO] [BiharFloodAuto] Sleeping for 15 minutes. Next check at 00:40:51...
[2026-10-02 00:40:52] [INFO] [BiharFloodAuto] Executing 'git pull' to check for updates...
[2026-10-02 00:40:52] [INFO] [BiharFloodAuto] Repository is already up to date.
[2026-10-02 00:40:52] [INFO] [BiharFloodAuto] [*] Operation is OFF. Skipping Email Fetch and SFTP copy.
[2026-10-02 00:40:54] [INFO] [BiharFloodAuto] Successfully pushed automation.log to Git.
[2026-10-02 00:40:54] [INFO] [BiharFloodAuto] Sleeping for 15 minutes. Next check at 00:55:54...
[2026-10-02 00:55:55] [INFO] [BiharFloodAuto] Executing 'git pull' to check for updates...
[2026-10-02 00:55:55] [INFO] [BiharFloodAuto] Repository is already up to date.
[2026-10-02 00:55:55] [INFO] [BiharFloodAuto] [*] Operation is OFF. Skipping Email Fetch and SFTP copy.
[2026-10-02 00:55:58] [INFO] [BiharFloodAuto] Successfully pushed automation.log to Git.
[2026-10-02 00:55:58] [INFO] [BiharFloodAuto] Sleeping for 15 minutes. Next check at 01:10:58...
[2026-10-02 01:10:58] [INFO] [BiharFloodAuto] Executing 'git pull' to check for updates...
[2026-10-02 01:10:58] [INFO] [BiharFloodAuto] Repository is already up to date.
[2026-10-02 01:10:58] [INFO] [BiharFloodAuto] [*] Operation is OFF. Skipping Email Fetch and SFTP copy.
[2026-10-02 01:11:00] [INFO] [BiharFloodAuto] Successfully pushed automation.log to Git.
[2026-10-02 01:11:00] [INFO] [BiharFloodAuto] Sleeping for 15 minutes. Next check at 01:26:00...
[2026-10-02 01:26:01] [INFO] [BiharFloodAuto] Executing 'git pull' to check for updates...
[2026-10-02 01:26:01] [INFO] [BiharFloodAuto] Repository is already up to date.
[2026-10-02 01:26:01] [INFO] [BiharFloodAuto] [*] Operation is OFF. Skipping Email Fetch and SFTP copy.
[2026-10-02 01:26:03] [INFO] [BiharFloodAuto] Successfully pushed automation.log to Git.
[2026-10-02 01:26:03] [INFO] [BiharFloodAuto] Sleeping for 15 minutes. Next check at 01:41:03...
[2026-10-02 01:41:03] [INFO] [BiharFloodAuto] Executing 'git pull' to check for updates...
[2026-10-02 01:41:04] [INFO] [BiharFloodAuto] Repository is already up to date.
[2026-10-02 01:41:04] [INFO] [BiharFloodAuto] [*] Operation is OFF. Skipping Email Fetch and SFTP copy.
[2026-10-02 01:41:06] [INFO] [BiharFloodAuto] Successfully pushed automation.log to Git.
[2026-10-02 01:41:06] [INFO] [BiharFloodAuto] Sleeping for 15 minutes. Next check at 01:56:06...
[2026-10-02 01:56:06] [INFO] [BiharFloodAuto] Executing 'git pull' to check for updates...
[2026-10-02 01:56:08] [INFO] [BiharFloodAuto] Repository is already up to date.
[2026-10-02 01:56:08] [INFO] [BiharFloodAuto] [*] Operation is OFF. Skipping Email Fetch and SFTP copy.
[2026-10-02 01:56:10] [INFO] [BiharFloodAuto] Successfully pushed automation.log to Git.
[2026-10-02 01:56:10] [INFO] [BiharFloodAuto] Sleeping for 15 minutes. Next check at 02:11:10...
[2026-10-02 02:11:10] [INFO] [BiharFloodAuto] Executing 'git pull' to check for updates...
[2026-10-02 02:11:10] [INFO] [BiharFloodAuto] Repository is already up to date.
[2026-10-02 02:11:10] [INFO] [BiharFloodAuto] [*] Operation is OFF. Skipping Email Fetch and SFTP copy.
[2026-10-02 02:11:12] [INFO] [BiharFloodAuto] Successfully pushed automation.log to Git.
[2026-10-02 02:11:12] [INFO] [BiharFloodAuto] Sleeping for 15 minutes. Next check at 02:26:12...
[2026-10-02 02:26:12] [INFO] [BiharFloodAuto] Executing 'git pull' to check for updates...
[2026-10-02 02:26:13] [INFO] [BiharFloodAuto] Repository is already up to date.
[2026-10-02 02:26:13] [INFO] [BiharFloodAuto] [*] Operation is OFF. Skipping Email Fetch and SFTP copy.
[2026-10-02 02:26:15] [INFO] [BiharFloodAuto] Successfully pushed automation.log to Git.
[2026-10-02 02:26:15] [INFO] [BiharFloodAuto] Sleeping for 15 minutes. Next check at 02:41:15...
[2026-10-02 02:41:15] [INFO] [BiharFloodAuto] Executing 'git pull' to check for updates...
[2026-10-02 02:41:16] [INFO] [BiharFloodAuto] Repository is already up to date.
[2026-10-02 02:41:16] [INFO] [BiharFloodAuto] [*] Operation is OFF. Skipping Email Fetch and SFTP copy.
[2026-10-02 02:41:18] [INFO] [BiharFloodAuto] Successfully pushed automation.log to Git.
[2026-10-02 02:41:18] [INFO] [BiharFloodAuto] Sleeping for 15 minutes. Next check at 02:56:18...
[2026-10-02 02:56:18] [INFO] [BiharFloodAuto] Executing 'git pull' to check for updates...
[2026-10-02 02:56:19] [INFO] [BiharFloodAuto] Repository is already up to date.
[2026-10-02 02:56:19] [INFO] [BiharFloodAuto] [*] Operation is OFF. Skipping Email Fetch and SFTP copy.
[2026-10-02 02:56:21] [INFO] [BiharFloodAuto] Successfully pushed automation.log to Git.
[2026-10-02 02:56:21] [INFO] [BiharFloodAuto] Sleeping for 15 minutes. Next check at 03:11:21...
[2026-10-02 03:11:21] [INFO] [BiharFloodAuto] Executing 'git pull' to check for updates...
[2026-10-02 03:11:22] [INFO] [BiharFloodAuto] Repository is already up to date.
[2026-10-02 03:11:22] [INFO] [BiharFloodAuto] [*] Operation is OFF. Skipping Email Fetch and SFTP copy.
[2026-10-02 03:11:24] [INFO] [BiharFloodAuto] Successfully pushed automation.log to Git.
[2026-10-02 03:11:24] [INFO] [BiharFloodAuto] Sleeping for 15 minutes. Next check at 03:26:24...
[2026-10-02 03:26:24] [INFO] [BiharFloodAuto] Executing 'git pull' to check for updates...
[2026-10-02 03:26:25] [INFO] [BiharFloodAuto] Repository is already up to date.
[2026-10-02 03:26:25] [INFO] [BiharFloodAuto] [*] Operation is OFF. Skipping Email Fetch and SFTP copy.
[2026-10-02 03:26:27] [INFO] [BiharFloodAuto] Successfully pushed automation.log to Git.
[2026-10-02 03:26:27] [INFO] [BiharFloodAuto] Sleeping for 15 minutes. Next check at 03:41:27...
[2026-10-02 03:41:27] [INFO] [BiharFloodAuto] Executing 'git pull' to check for updates...
[2026-10-02 03:41:28] [INFO] [BiharFloodAuto] Repository is already up to date.
[2026-10-02 03:41:28] [INFO] [BiharFloodAuto] [*] Operation is OFF. Skipping Email Fetch and SFTP copy.
[2026-10-02 03:41:30] [INFO] [BiharFloodAuto] Successfully pushed automation.log to Git.
[2026-10-02 03:41:30] [INFO] [BiharFloodAuto] Sleeping for 15 minutes. Next check at 03:56:30...
[2026-10-02 03:56:30] [INFO] [BiharFloodAuto] Executing 'git pull' to check for updates...
[2026-10-02 03:56:31] [INFO] [BiharFloodAuto] Repository is already up to date.
[2026-10-02 03:56:31] [INFO] [BiharFloodAuto] [*] Operation is OFF. Skipping Email Fetch and SFTP copy.
[2026-10-02 03:56:33] [INFO] [BiharFloodAuto] Successfully pushed automation.log to Git.
[2026-10-02 03:56:33] [INFO] [BiharFloodAuto] Sleeping for 15 minutes. Next check at 04:11:33...
[2026-10-02 04:11:33] [INFO] [BiharFloodAuto] Executing 'git pull' to check for updates...
[2026-10-02 04:11:33] [INFO] [BiharFloodAuto] Repository is already up to date.
[2026-10-02 04:11:33] [INFO] [BiharFloodAuto] [*] Operation is OFF. Skipping Email Fetch and SFTP copy.
[2026-10-02 04:11:35] [INFO] [BiharFloodAuto] Successfully pushed automation.log to Git.
[2026-10-02 04:11:35] [INFO] [BiharFloodAuto] Sleeping for 15 minutes. Next check at 04:26:35...
[2026-10-02 04:26:36] [INFO] [BiharFloodAuto] Executing 'git pull' to check for updates...
[2026-10-02 04:26:37] [INFO] [BiharFloodAuto] Repository is already up to date.
[2026-10-02 04:26:37] [INFO] [BiharFloodAuto] [*] Operation is OFF. Skipping Email Fetch and SFTP copy.
[2026-10-02 04:26:39] [INFO] [BiharFloodAuto] Successfully pushed automation.log to Git.
[2026-10-02 04:26:39] [INFO] [BiharFloodAuto] Sleeping for 15 minutes. Next check at 04:41:39...
[2026-10-02 04:41:39] [INFO] [BiharFloodAuto] Executing 'git pull' to check for updates...
[2026-10-02 04:41:40] [INFO] [BiharFloodAuto] Repository is already up to date.
[2026-10-02 04:41:40] [INFO] [BiharFloodAuto] [*] Operation is OFF. Skipping Email Fetch and SFTP copy.
[2026-10-02 04:41:42] [INFO] [BiharFloodAuto] Successfully pushed automation.log to Git.
[2026-10-02 04:41:42] [INFO] [BiharFloodAuto] Sleeping for 15 minutes. Next check at 04:56:42...
[2026-10-02 04:56:42] [INFO] [BiharFloodAuto] Executing 'git pull' to check for updates...
[2026-10-02 04:56:43] [INFO] [BiharFloodAuto] Repository is already up to date.
[2026-10-02 04:56:43] [INFO] [BiharFloodAuto] [*] Operation is OFF. Skipping Email Fetch and SFTP copy.
[2026-10-02 04:56:45] [INFO] [BiharFloodAuto] Successfully pushed automation.log to Git.
[2026-10-02 04:56:45] [INFO] [BiharFloodAuto] Sleeping for 15 minutes. Next check at 05:11:45...
[2026-10-02 05:11:45] [INFO] [BiharFloodAuto] Executing 'git pull' to check for updates...
[2026-10-02 05:11:45] [INFO] [BiharFloodAuto] Repository is already up to date.
[2026-10-02 05:11:45] [INFO] [BiharFloodAuto] [*] Operation is OFF. Skipping Email Fetch and SFTP copy.
[2026-10-02 05:11:47] [INFO] [BiharFloodAuto] Successfully pushed automation.log to Git.
[2026-10-02 05:11:47] [INFO] [BiharFloodAuto] Sleeping for 15 minutes. Next check at 05:26:47...
[2026-10-02 05:26:47] [INFO] [BiharFloodAuto] Executing 'git pull' to check for updates...
[2026-10-02 05:26:48] [INFO] [BiharFloodAuto] Repository is already up to date.
[2026-10-02 05:26:48] [INFO] [BiharFloodAuto] [*] Operation is OFF. Skipping Email Fetch and SFTP copy.
[2026-10-02 05:26:50] [INFO] [BiharFloodAuto] Successfully pushed automation.log to Git.
[2026-10-02 05:26:50] [INFO] [BiharFloodAuto] Sleeping for 15 minutes. Next check at 05:41:50...
[2026-10-02 05:41:50] [INFO] [BiharFloodAuto] Executing 'git pull' to check for updates...
[2026-10-02 05:41:51] [INFO] [BiharFloodAuto] Repository is already up to date.
[2026-10-02 05:41:51] [INFO] [BiharFloodAuto] [*] Operation is OFF. Skipping Email Fetch and SFTP copy.
[2026-10-02 05:41:53] [INFO] [BiharFloodAuto] Successfully pushed automation.log to Git.
[2026-10-02 05:41:53] [INFO] [BiharFloodAuto] Sleeping for 15 minutes. Next check at 05:56:53...
[2026-10-02 05:56:53] [INFO] [BiharFloodAuto] Executing 'git pull' to check for updates...
[2026-10-02 05:56:54] [INFO] [BiharFloodAuto] Repository is already up to date.
[2026-10-02 05:56:54] [INFO] [BiharFloodAuto] [*] Operation is OFF. Skipping Email Fetch and SFTP copy.
[2026-10-02 05:56:56] [INFO] [BiharFloodAuto] Successfully pushed automation.log to Git.
[2026-10-02 05:56:56] [INFO] [BiharFloodAuto] Sleeping for 15 minutes. Next check at 06:11:56...
[2026-10-02 06:11:56] [INFO] [BiharFloodAuto] Executing 'git pull' to check for updates...
[2026-10-02 06:11:57] [INFO] [BiharFloodAuto] Repository is already up to date.
[2026-10-02 06:11:57] [INFO] [BiharFloodAuto] [*] Operation is OFF. Skipping Email Fetch and SFTP copy.
[2026-10-02 06:11:59] [INFO] [BiharFloodAuto] Successfully pushed automation.log to Git.
[2026-10-02 06:11:59] [INFO] [BiharFloodAuto] Sleeping for 15 minutes. Next check at 06:26:59...
[2026-10-02 06:26:59] [INFO] [BiharFloodAuto] Executing 'git pull' to check for updates...
[2026-10-02 06:27:00] [INFO] [BiharFloodAuto] Repository is already up to date.
[2026-10-02 06:27:00] [INFO] [BiharFloodAuto] [*] Operation is OFF. Skipping Email Fetch and SFTP copy.
[2026-10-02 06:27:02] [INFO] [BiharFloodAuto] Successfully pushed automation.log to Git.
[2026-10-02 06:27:02] [INFO] [BiharFloodAuto] Sleeping for 15 minutes. Next check at 06:42:02...
[2026-10-02 06:42:02] [INFO] [BiharFloodAuto] Executing 'git pull' to check for updates...
[2026-10-02 06:42:02] [INFO] [BiharFloodAuto] Repository is already up to date.
[2026-10-02 06:42:02] [INFO] [BiharFloodAuto] [*] Operation is OFF. Skipping Email Fetch and SFTP copy.
[2026-10-02 06:42:04] [INFO] [BiharFloodAuto] Successfully pushed automation.log to Git.
[2026-10-02 06:42:04] [INFO] [BiharFloodAuto] Sleeping for 15 minutes. Next check at 06:57:04...
[2026-10-02 06:57:04] [INFO] [BiharFloodAuto] Executing 'git pull' to check for updates...
[2026-10-02 06:57:05] [INFO] [BiharFloodAuto] Repository is already up to date.
[2026-10-02 06:57:05] [INFO] [BiharFloodAuto] [*] Operation is OFF. Skipping Email Fetch and SFTP copy.
[2026-10-02 06:57:07] [INFO] [BiharFloodAuto] Successfully pushed automation.log to Git.
[2026-10-02 06:57:07] [INFO] [BiharFloodAuto] Sleeping for 15 minutes. Next check at 07:12:07...
[2026-10-02 07:12:07] [INFO] [BiharFloodAuto] Executing 'git pull' to check for updates...
[2026-10-02 07:12:08] [INFO] [BiharFloodAuto] Repository is already up to date.
[2026-10-02 07:12:08] [INFO] [BiharFloodAuto] [*] Operation is OFF. Skipping Email Fetch and SFTP copy.
[2026-10-02 07:12:10] [INFO] [BiharFloodAuto] Successfully pushed automation.log to Git.
[2026-10-02 07:12:10] [INFO] [BiharFloodAuto] Sleeping for 15 minutes. Next check at 07:27:10...
[2026-10-02 07:27:10] [INFO] [BiharFloodAuto] Executing 'git pull' to check for updates...
[2026-10-02 07:27:11] [INFO] [BiharFloodAuto] Repository is already up to date.
[2026-10-02 07:27:11] [INFO] [BiharFloodAuto] [*] Operation is OFF. Skipping Email Fetch and SFTP copy.
[2026-10-02 07:27:13] [INFO] [BiharFloodAuto] Successfully pushed automation.log to Git.
[2026-10-02 07:27:13] [INFO] [BiharFloodAuto] Sleeping for 15 minutes. Next check at 07:42:13...
[2026-10-02 07:42:13] [INFO] [BiharFloodAuto] Executing 'git pull' to check for updates...
[2026-10-02 07:42:14] [INFO] [BiharFloodAuto] Repository is already up to date.
[2026-10-02 07:42:14] [INFO] [BiharFloodAuto] [*] Operation is OFF. Skipping Email Fetch and SFTP copy.
[2026-10-02 07:42:16] [INFO] [BiharFloodAuto] Successfully pushed automation.log to Git.
[2026-10-02 07:42:16] [INFO] [BiharFloodAuto] Sleeping for 15 minutes. Next check at 07:57:16...
[2026-10-02 07:57:16] [INFO] [BiharFloodAuto] Executing 'git pull' to check for updates...
[2026-10-02 07:57:16] [INFO] [BiharFloodAuto] Repository is already up to date.
[2026-10-02 07:57:16] [INFO] [BiharFloodAuto] [*] Operation is OFF. Skipping Email Fetch and SFTP copy.
[2026-10-02 07:57:18] [INFO] [BiharFloodAuto] Successfully pushed automation.log to Git.
[2026-10-02 07:57:18] [INFO] [BiharFloodAuto] Sleeping for 15 minutes. Next check at 08:12:18...
[2026-10-02 08:12:18] [INFO] [BiharFloodAuto] Executing 'git pull' to check for updates...
[2026-10-02 08:12:19] [INFO] [BiharFloodAuto] Repository is already up to date.
[2026-10-02 08:12:19] [INFO] [BiharFloodAuto] [*] Operation is OFF. Skipping Email Fetch and SFTP copy.
[2026-10-02 08:12:21] [INFO] [BiharFloodAuto] Successfully pushed automation.log to Git.
[2026-10-02 08:12:21] [INFO] [BiharFloodAuto] Sleeping for 15 minutes. Next check at 08:27:21...
[2026-10-02 08:27:21] [INFO] [BiharFloodAuto] Executing 'git pull' to check for updates...
[2026-10-02 08:27:22] [INFO] [BiharFloodAuto] Repository is already up to date.
[2026-10-02 08:27:22] [INFO] [BiharFloodAuto] [*] Operation is OFF. Skipping Email Fetch and SFTP copy.
[2026-10-02 08:27:24] [INFO] [BiharFloodAuto] Successfully pushed automation.log to Git.
[2026-10-02 08:27:24] [INFO] [BiharFloodAuto] Sleeping for 15 minutes. Next check at 08:42:24...
[2026-10-02 08:42:24] [INFO] [BiharFloodAuto] Executing 'git pull' to check for updates...
[2026-10-02 08:42:25] [INFO] [BiharFloodAuto] Repository is already up to date.
[2026-10-02 08:42:25] [INFO] [BiharFloodAuto] [*] Operation is OFF. Skipping Email Fetch and SFTP copy.
[2026-10-02 08:42:27] [INFO] [BiharFloodAuto] Successfully pushed automation.log to Git.
[2026-10-02 08:42:27] [INFO] [BiharFloodAuto] Sleeping for 15 minutes. Next check at 08:57:27...
[2026-10-02 08:57:27] [INFO] [BiharFloodAuto] Executing 'git pull' to check for updates...
[2026-10-02 08:57:28] [INFO] [BiharFloodAuto] Repository is already up to date.
[2026-10-02 08:57:28] [INFO] [BiharFloodAuto] [*] Operation is OFF. Skipping Email Fetch and SFTP copy.
[2026-10-02 08:57:30] [INFO] [BiharFloodAuto] Successfully pushed automation.log to Git.
[2026-10-02 08:57:30] [INFO] [BiharFloodAuto] Sleeping for 15 minutes. Next check at 09:12:30...
[2026-10-02 09:12:30] [INFO] [BiharFloodAuto] Executing 'git pull' to check for updates...
[2026-10-02 09:12:30] [INFO] [BiharFloodAuto] Repository is already up to date.
[2026-10-02 09:12:30] [INFO] [BiharFloodAuto] [*] Operation is OFF. Skipping Email Fetch and SFTP copy.
[2026-10-02 09:12:32] [INFO] [BiharFloodAuto] Successfully pushed automation.log to Git.
[2026-10-02 09:12:32] [INFO] [BiharFloodAuto] Sleeping for 15 minutes. Next check at 09:27:32...
[2026-10-02 09:27:32] [INFO] [BiharFloodAuto] Executing 'git pull' to check for updates...
[2026-10-02 09:27:33] [INFO] [BiharFloodAuto] Repository is already up to date.
[2026-10-02 09:27:33] [INFO] [BiharFloodAuto] [*] Operation is OFF. Skipping Email Fetch and SFTP copy.
[2026-10-02 09:27:35] [INFO] [BiharFloodAuto] Successfully pushed automation.log to Git.
[2026-10-02 09:27:35] [INFO] [BiharFloodAuto] Sleeping for 15 minutes. Next check at 09:42:35...
[2026-10-02 09:42:35] [INFO] [BiharFloodAuto] Executing 'git pull' to check for updates...
[2026-10-02 09:42:36] [INFO] [BiharFloodAuto] Repository is already up to date.
[2026-10-02 09:42:36] [INFO] [BiharFloodAuto] [*] Operation is OFF. Skipping Email Fetch and SFTP copy.
[2026-10-02 09:42:38] [INFO] [BiharFloodAuto] Successfully pushed automation.log to Git.
[2026-10-02 09:42:38] [INFO] [BiharFloodAuto] Sleeping for 15 minutes. Next check at 09:57:38...
[2026-10-02 09:57:38] [INFO] [BiharFloodAuto] Executing 'git pull' to check for updates...
[2026-10-02 09:57:38] [INFO] [BiharFloodAuto] Repository is already up to date.
[2026-10-02 09:57:38] [INFO] [BiharFloodAuto] [*] Operation is OFF. Skipping Email Fetch and SFTP copy.
[2026-10-02 09:57:40] [INFO] [BiharFloodAuto] Successfully pushed automation.log to Git.
[2026-10-02 09:57:40] [INFO] [BiharFloodAuto] Sleeping for 15 minutes. Next check at 10:12:40...
[2026-10-02 10:12:40] [INFO] [BiharFloodAuto] Executing 'git pull' to check for updates...
[2026-10-02 10:12:41] [INFO] [BiharFloodAuto] Repository is already up to date.
[2026-10-02 10:12:41] [INFO] [BiharFloodAuto] [*] Operation is OFF. Skipping Email Fetch and SFTP copy.
[2026-10-02 10:12:43] [INFO] [BiharFloodAuto] Successfully pushed automation.log to Git.
[2026-10-02 10:12:43] [INFO] [BiharFloodAuto] Sleeping for 15 minutes. Next check at 10:27:43...
[2026-10-02 10:27:43] [INFO] [BiharFloodAuto] Executing 'git pull' to check for updates...
[2026-10-02 10:27:44] [INFO] [BiharFloodAuto] Repository is already up to date.
[2026-10-02 10:27:44] [INFO] [BiharFloodAuto] [*] Operation is OFF. Skipping Email Fetch and SFTP copy.
[2026-10-02 10:27:46] [INFO] [BiharFloodAuto] Successfully pushed automation.log to Git.
[2026-10-02 10:27:46] [INFO] [BiharFloodAuto] Sleeping for 15 minutes. Next check at 10:42:46...
[2026-10-02 10:42:46] [INFO] [BiharFloodAuto] Executing 'git pull' to check for updates...
[2026-10-02 10:42:47] [INFO] [BiharFloodAuto] Repository is already up to date.
[2026-10-02 10:42:47] [INFO] [BiharFloodAuto] [*] Operation is OFF. Skipping Email Fetch and SFTP copy.
[2026-10-02 10:42:49] [INFO] [BiharFloodAuto] Successfully pushed automation.log to Git.
[2026-10-02 10:42:49] [INFO] [BiharFloodAuto] Sleeping for 15 minutes. Next check at 10:57:49...
[2026-10-02 10:57:49] [INFO] [BiharFloodAuto] Executing 'git pull' to check for updates...
[2026-10-02 10:57:50] [INFO] [BiharFloodAuto] Repository is already up to date.
[2026-10-02 10:57:50] [INFO] [BiharFloodAuto] [*] Operation is OFF. Skipping Email Fetch and SFTP copy.
[2026-10-02 10:57:52] [INFO] [BiharFloodAuto] Successfully pushed automation.log to Git.
[2026-10-02 10:57:52] [INFO] [BiharFloodAuto] Sleeping for 15 minutes. Next check at 11:12:52...
[2026-10-02 11:12:52] [INFO] [BiharFloodAuto] Executing 'git pull' to check for updates...
[2026-10-02 11:12:52] [INFO] [BiharFloodAuto] Repository is already up to date.
[2026-10-02 11:12:52] [INFO] [BiharFloodAuto] [*] Operation is OFF. Skipping Email Fetch and SFTP copy.
[2026-10-02 11:12:54] [INFO] [BiharFloodAuto] Successfully pushed automation.log to Git.
[2026-10-02 11:12:54] [INFO] [BiharFloodAuto] Sleeping for 15 minutes. Next check at 11:27:54...
[2026-10-02 11:27:54] [INFO] [BiharFloodAuto] Executing 'git pull' to check for updates...
[2026-10-02 11:27:55] [INFO] [BiharFloodAuto] Repository is already up to date.
[2026-10-02 11:27:55] [INFO] [BiharFloodAuto] [*] Operation is OFF. Skipping Email Fetch and SFTP copy.
[2026-10-02 11:27:57] [INFO] [BiharFloodAuto] Successfully pushed automation.log to Git.
[2026-10-02 11:27:57] [INFO] [BiharFloodAuto] Sleeping for 15 minutes. Next check at 11:42:57...
[2026-10-02 11:42:57] [INFO] [BiharFloodAuto] Executing 'git pull' to check for updates...
[2026-10-02 11:42:58] [INFO] [BiharFloodAuto] Repository is already up to date.
[2026-10-02 11:42:58] [INFO] [BiharFloodAuto] [*] Operation is OFF. Skipping Email Fetch and SFTP copy.
[2026-10-02 11:43:00] [INFO] [BiharFloodAuto] Successfully pushed automation.log to Git.
[2026-10-02 11:43:00] [INFO] [BiharFloodAuto] Sleeping for 15 minutes. Next check at 11:58:00...
[2026-10-02 11:58:00] [INFO] [BiharFloodAuto] Executing 'git pull' to check for updates...
[2026-10-02 11:58:01] [INFO] [BiharFloodAuto] Repository is already up to date.
[2026-10-02 11:58:01] [INFO] [BiharFloodAuto] [*] Operation is OFF. Skipping Email Fetch and SFTP copy.
[2026-10-02 11:58:03] [INFO] [BiharFloodAuto] Successfully pushed automation.log to Git.
[2026-10-02 11:58:03] [INFO] [BiharFloodAuto] Sleeping for 15 minutes. Next check at 12:13:03...
[2026-10-02 12:13:03] [INFO] [BiharFloodAuto] Executing 'git pull' to check for updates...
[2026-10-02 12:13:04] [INFO] [BiharFloodAuto] Repository is already up to date.
[2026-10-02 12:13:04] [INFO] [BiharFloodAuto] [*] Operation is OFF. Skipping Email Fetch and SFTP copy.
[2026-10-02 12:13:06] [INFO] [BiharFloodAuto] Successfully pushed automation.log to Git.
[2026-10-02 12:13:06] [INFO] [BiharFloodAuto] Sleeping for 15 minutes. Next check at 12:28:06...
[2026-10-02 12:28:06] [INFO] [BiharFloodAuto] Executing 'git pull' to check for updates...
[2026-10-02 12:28:07] [INFO] [BiharFloodAuto] Repository is already up to date.
[2026-10-02 12:28:07] [INFO] [BiharFloodAuto] [*] Operation is OFF. Skipping Email Fetch and SFTP copy.
[2026-10-02 12:28:09] [INFO] [BiharFloodAuto] Successfully pushed automation.log to Git.
[2026-10-02 12:28:09] [INFO] [BiharFloodAuto] Sleeping for 15 minutes. Next check at 12:43:09...
[2026-10-02 12:43:09] [INFO] [BiharFloodAuto] Executing 'git pull' to check for updates...
[2026-10-02 12:43:09] [INFO] [BiharFloodAuto] Repository is already up to date.
[2026-10-02 12:43:09] [INFO] [BiharFloodAuto] [*] Operation is OFF. Skipping Email Fetch and SFTP copy.
[2026-10-02 12:43:11] [INFO] [BiharFloodAuto] Successfully pushed automation.log to Git.
[2026-10-02 12:43:11] [INFO] [BiharFloodAuto] Sleeping for 15 minutes. Next check at 12:58:11...
[2026-10-02 12:58:12] [INFO] [BiharFloodAuto] Executing 'git pull' to check for updates...
[2026-10-02 12:58:12] [INFO] [BiharFloodAuto] Repository is already up to date.
[2026-10-02 12:58:12] [INFO] [BiharFloodAuto] [*] Operation is OFF. Skipping Email Fetch and SFTP copy.
[2026-10-02 12:58:14] [INFO] [BiharFloodAuto] Successfully pushed automation.log to Git.
[2026-10-02 12:58:14] [INFO] [BiharFloodAuto] Sleeping for 15 minutes. Next check at 13:13:14...
[2026-10-02 13:13:14] [INFO] [BiharFloodAuto] Executing 'git pull' to check for updates...
[2026-10-02 13:13:15] [INFO] [BiharFloodAuto] Repository is already up to date.
[2026-10-02 13:13:15] [INFO] [BiharFloodAuto] [*] Operation is OFF. Skipping Email Fetch and SFTP copy.
[2026-10-02 13:13:17] [INFO] [BiharFloodAuto] Successfully pushed automation.log to Git.
[2026-10-02 13:13:17] [INFO] [BiharFloodAuto] Sleeping for 15 minutes. Next check at 13:28:17...
[2026-10-02 13:28:17] [INFO] [BiharFloodAuto] Executing 'git pull' to check for updates...
[2026-10-02 13:28:18] [INFO] [BiharFloodAuto] Repository is already up to date.
[2026-10-02 13:28:18] [INFO] [BiharFloodAuto] [*] Operation is OFF. Skipping Email Fetch and SFTP copy.
[2026-10-02 13:28:20] [INFO] [BiharFloodAuto] Successfully pushed automation.log to Git.
[2026-10-02 13:28:20] [INFO] [BiharFloodAuto] Sleeping for 15 minutes. Next check at 13:43:20...
[2026-10-02 13:43:20] [INFO] [BiharFloodAuto] Executing 'git pull' to check for updates...
[2026-10-02 13:43:21] [INFO] [BiharFloodAuto] Repository is already up to date.
[2026-10-02 13:43:21] [INFO] [BiharFloodAuto] [*] Operation is OFF. Skipping Email Fetch and SFTP copy.
[2026-10-02 13:43:23] [INFO] [BiharFloodAuto] Successfully pushed automation.log to Git.
[2026-10-02 13:43:23] [INFO] [BiharFloodAuto] Sleeping for 15 minutes. Next check at 13:58:23...
[2026-10-02 13:58:23] [INFO] [BiharFloodAuto] Executing 'git pull' to check for updates...
[2026-10-02 13:58:24] [INFO] [BiharFloodAuto] Repository is already up to date.
[2026-10-02 13:58:24] [INFO] [BiharFloodAuto] [*] Operation is OFF. Skipping Email Fetch and SFTP copy.
[2026-10-02 13:58:26] [INFO] [BiharFloodAuto] Successfully pushed automation.log to Git.
[2026-10-02 13:58:26] [INFO] [BiharFloodAuto] Sleeping for 15 minutes. Next check at 14:13:26...
[2026-10-02 14:13:26] [INFO] [BiharFloodAuto] Executing 'git pull' to check for updates...
[2026-10-02 14:13:27] [INFO] [BiharFloodAuto] Repository is already up to date.
[2026-10-02 14:13:27] [INFO] [BiharFloodAuto] [*] Operation is OFF. Skipping Email Fetch and SFTP copy.
[2026-10-02 14:13:29] [INFO] [BiharFloodAuto] Successfully pushed automation.log to Git.
[2026-10-02 14:13:29] [INFO] [BiharFloodAuto] Sleeping for 15 minutes. Next check at 14:28:29...
[2026-10-02 14:28:29] [INFO] [BiharFloodAuto] Executing 'git pull' to check for updates...
[2026-10-02 14:28:30] [INFO] [BiharFloodAuto] Repository is already up to date.
[2026-10-02 14:28:30] [INFO] [BiharFloodAuto] [*] Operation is OFF. Skipping Email Fetch and SFTP copy.
[2026-10-02 14:28:32] [INFO] [BiharFloodAuto] Successfully pushed automation.log to Git.
[2026-10-02 14:28:32] [INFO] [BiharFloodAuto] Sleeping for 15 minutes. Next check at 14:43:32...
[2026-10-02 14:43:32] [INFO] [BiharFloodAuto] Executing 'git pull' to check for updates...
[2026-10-02 14:43:34] [INFO] [BiharFloodAuto] Repository is already up to date.
[2026-10-02 14:43:34] [INFO] [BiharFloodAuto] [*] Operation is OFF. Skipping Email Fetch and SFTP copy.
[2026-10-02 14:43:36] [INFO] [BiharFloodAuto] Successfully pushed automation.log to Git.
[2026-10-02 14:43:36] [INFO] [BiharFloodAuto] Sleeping for 15 minutes. Next check at 14:58:36...
[2026-10-02 14:58:36] [INFO] [BiharFloodAuto] Executing 'git pull' to check for updates...
[2026-10-02 14:58:37] [INFO] [BiharFloodAuto] Repository is already up to date.
[2026-10-02 14:58:37] [INFO] [BiharFloodAuto] [*] Operation is OFF. Skipping Email Fetch and SFTP copy.
[2026-10-02 14:58:39] [INFO] [BiharFloodAuto] Successfully pushed automation.log to Git.
[2026-10-02 14:58:39] [INFO] [BiharFloodAuto] Sleeping for 15 minutes. Next check at 15:13:39...
[2026-10-02 15:13:39] [INFO] [BiharFloodAuto] Executing 'git pull' to check for updates...
[2026-10-02 15:13:39] [INFO] [BiharFloodAuto] Repository is already up to date.
[2026-10-02 15:13:39] [INFO] [BiharFloodAuto] [*] Operation is OFF. Skipping Email Fetch and SFTP copy.
[2026-10-02 15:13:41] [INFO] [BiharFloodAuto] Successfully pushed automation.log to Git.
[2026-10-02 15:13:41] [INFO] [BiharFloodAuto] Sleeping for 15 minutes. Next check at 15:28:41...
[2026-10-02 15:28:42] [INFO] [BiharFloodAuto] Executing 'git pull' to check for updates...
[2026-10-02 15:28:42] [INFO] [BiharFloodAuto] Repository is already up to date.
[2026-10-02 15:28:42] [INFO] [BiharFloodAuto] [*] Operation is OFF. Skipping Email Fetch and SFTP copy.
[2026-10-02 15:28:44] [INFO] [BiharFloodAuto] Successfully pushed automation.log to Git.
[2026-10-02 15:28:44] [INFO] [BiharFloodAuto] Sleeping for 15 minutes. Next check at 15:43:44...
[2026-10-02 15:43:44] [INFO] [BiharFloodAuto] Executing 'git pull' to check for updates...
[2026-10-02 15:43:45] [INFO] [BiharFloodAuto] Repository is already up to date.
[2026-10-02 15:43:45] [INFO] [BiharFloodAuto] [*] Operation is OFF. Skipping Email Fetch and SFTP copy.
[2026-10-02 15:43:47] [INFO] [BiharFloodAuto] Successfully pushed automation.log to Git.
[2026-10-02 15:43:47] [INFO] [BiharFloodAuto] Sleeping for 15 minutes. Next check at 15:58:47...
[2026-10-02 15:58:47] [INFO] [BiharFloodAuto] Executing 'git pull' to check for updates...
[2026-10-02 15:58:48] [INFO] [BiharFloodAuto] Repository is already up to date.
[2026-10-02 15:58:48] [INFO] [BiharFloodAuto] [*] Operation is OFF. Skipping Email Fetch and SFTP copy.
[2026-10-02 15:58:50] [INFO] [BiharFloodAuto] Successfully pushed automation.log to Git.
[2026-10-02 15:58:50] [INFO] [BiharFloodAuto] Sleeping for 15 minutes. Next check at 16:13:50...
[2026-10-02 16:13:50] [INFO] [BiharFloodAuto] Executing 'git pull' to check for updates...
[2026-10-02 16:13:51] [INFO] [BiharFloodAuto] Repository is already up to date.
[2026-10-02 16:13:51] [INFO] [BiharFloodAuto] [*] Operation is OFF. Skipping Email Fetch and SFTP copy.
[2026-10-02 16:13:53] [INFO] [BiharFloodAuto] Successfully pushed automation.log to Git.
[2026-10-02 16:13:53] [INFO] [BiharFloodAuto] Sleeping for 15 minutes. Next check at 16:28:53...
[2026-10-02 16:28:53] [INFO] [BiharFloodAuto] Executing 'git pull' to check for updates...
[2026-10-02 16:28:54] [INFO] [BiharFloodAuto] Repository is already up to date.
[2026-10-02 16:28:54] [INFO] [BiharFloodAuto] [*] Operation is OFF. Skipping Email Fetch and SFTP copy.
[2026-10-02 16:28:56] [INFO] [BiharFloodAuto] Successfully pushed automation.log to Git.
[2026-10-02 16:28:56] [INFO] [BiharFloodAuto] Sleeping for 15 minutes. Next check at 16:43:56...
[2026-10-02 16:43:56] [INFO] [BiharFloodAuto] Executing 'git pull' to check for updates...
[2026-10-02 16:43:57] [INFO] [BiharFloodAuto] Repository is already up to date.
[2026-10-02 16:43:57] [INFO] [BiharFloodAuto] [*] Operation is OFF. Skipping Email Fetch and SFTP copy.
[2026-10-02 16:43:59] [INFO] [BiharFloodAuto] Successfully pushed automation.log to Git.
[2026-10-02 16:43:59] [INFO] [BiharFloodAuto] Sleeping for 15 minutes. Next check at 16:58:59...
[2026-10-02 16:58:59] [INFO] [BiharFloodAuto] Executing 'git pull' to check for updates...
[2026-10-02 16:59:00] [INFO] [BiharFloodAuto] Repository is already up to date.
[2026-10-02 16:59:00] [INFO] [BiharFloodAuto] [*] Operation is OFF. Skipping Email Fetch and SFTP copy.
[2026-10-02 16:59:02] [INFO] [BiharFloodAuto] Successfully pushed automation.log to Git.
[2026-10-02 16:59:02] [INFO] [BiharFloodAuto] Sleeping for 15 minutes. Next check at 17:14:02...
[2026-10-02 17:14:02] [INFO] [BiharFloodAuto] Executing 'git pull' to check for updates...
[2026-10-02 17:14:03] [INFO] [BiharFloodAuto] Repository is already up to date.
[2026-10-02 17:14:03] [INFO] [BiharFloodAuto] [*] Operation is OFF. Skipping Email Fetch and SFTP copy.
[2026-10-02 17:14:05] [INFO] [BiharFloodAuto] Successfully pushed automation.log to Git.
[2026-10-02 17:14:05] [INFO] [BiharFloodAuto] Sleeping for 15 minutes. Next check at 17:29:05...
[2026-10-02 17:29:05] [INFO] [BiharFloodAuto] Executing 'git pull' to check for updates...
[2026-10-02 17:29:06] [INFO] [BiharFloodAuto] Repository is already up to date.
[2026-10-02 17:29:06] [INFO] [BiharFloodAuto] [*] Operation is OFF. Skipping Email Fetch and SFTP copy.
[2026-10-02 17:29:08] [INFO] [BiharFloodAuto] Successfully pushed automation.log to Git.
[2026-10-02 17:29:08] [INFO] [BiharFloodAuto] Sleeping for 15 minutes. Next check at 17:44:08...
[2026-10-02 17:44:08] [INFO] [BiharFloodAuto] Executing 'git pull' to check for updates...
[2026-10-02 17:44:08] [INFO] [BiharFloodAuto] Repository is already up to date.
[2026-10-02 17:44:08] [INFO] [BiharFloodAuto] [*] Operation is OFF. Skipping Email Fetch and SFTP copy.
[2026-10-02 17:44:10] [INFO] [BiharFloodAuto] Successfully pushed automation.log to Git.
[2026-10-02 17:44:10] [INFO] [BiharFloodAuto] Sleeping for 15 minutes. Next check at 17:59:10...
[2026-10-02 17:59:11] [INFO] [BiharFloodAuto] Executing 'git pull' to check for updates...
[2026-10-02 17:59:11] [INFO] [BiharFloodAuto] Repository is already up to date.
[2026-10-02 17:59:11] [INFO] [BiharFloodAuto] [*] Operation is OFF. Skipping Email Fetch and SFTP copy.
[2026-10-02 17:59:13] [INFO] [BiharFloodAuto] Successfully pushed automation.log to Git.
[2026-10-02 17:59:13] [INFO] [BiharFloodAuto] Sleeping for 15 minutes. Next check at 18:14:13...
[2026-10-02 18:14:13] [INFO] [BiharFloodAuto] Executing 'git pull' to check for updates...
[2026-10-02 18:14:14] [INFO] [BiharFloodAuto] Repository is already up to date.
[2026-10-02 18:14:14] [INFO] [BiharFloodAuto] [*] Operation is OFF. Skipping Email Fetch and SFTP copy.
[2026-10-02 18:14:16] [INFO] [BiharFloodAuto] Successfully pushed automation.log to Git.
[2026-10-02 18:14:16] [INFO] [BiharFloodAuto] Sleeping for 15 minutes. Next check at 18:29:16...
[2026-10-02 18:29:16] [INFO] [BiharFloodAuto] Executing 'git pull' to check for updates...
[2026-10-02 18:29:17] [INFO] [BiharFloodAuto] Repository is already up to date.
[2026-10-02 18:29:17] [INFO] [BiharFloodAuto] [*] Operation is OFF. Skipping Email Fetch and SFTP copy.
[2026-10-02 18:29:19] [INFO] [BiharFloodAuto] Successfully pushed automation.log to Git.
[2026-10-02 18:29:19] [INFO] [BiharFloodAuto] Sleeping for 15 minutes. Next check at 18:44:19...
[2026-10-02 18:44:19] [INFO] [BiharFloodAuto] Executing 'git pull' to check for updates...
[2026-10-02 18:44:20] [INFO] [BiharFloodAuto] Repository is already up to date.
[2026-10-02 18:44:20] [INFO] [BiharFloodAuto] [*] Operation is OFF. Skipping Email Fetch and SFTP copy.
[2026-10-02 18:44:22] [INFO] [BiharFloodAuto] Successfully pushed automation.log to Git.
[2026-10-02 18:44:22] [INFO] [BiharFloodAuto] Sleeping for 15 minutes. Next check at 18:59:22...
[2026-10-02 18:59:22] [INFO] [BiharFloodAuto] Executing 'git pull' to check for updates...
[2026-10-02 18:59:23] [INFO] [BiharFloodAuto] Repository is already up to date.
[2026-10-02 18:59:23] [INFO] [BiharFloodAuto] [*] Operation is OFF. Skipping Email Fetch and SFTP copy.
[2026-10-02 18:59:25] [INFO] [BiharFloodAuto] Successfully pushed automation.log to Git.
[2026-10-02 18:59:25] [INFO] [BiharFloodAuto] Sleeping for 15 minutes. Next check at 19:14:25...
[2026-10-02 19:14:25] [INFO] [BiharFloodAuto] Executing 'git pull' to check for updates...
[2026-10-02 19:14:26] [INFO] [BiharFloodAuto] Repository is already up to date.
[2026-10-02 19:14:26] [INFO] [BiharFloodAuto] [*] Operation is OFF. Skipping Email Fetch and SFTP copy.
[2026-10-02 19:14:28] [INFO] [BiharFloodAuto] Successfully pushed automation.log to Git.
[2026-10-02 19:14:28] [INFO] [BiharFloodAuto] Sleeping for 15 minutes. Next check at 19:29:28...
[2026-10-02 19:29:28] [INFO] [BiharFloodAuto] Executing 'git pull' to check for updates...
[2026-10-02 19:29:29] [INFO] [BiharFloodAuto] Repository is already up to date.
[2026-10-02 19:29:29] [INFO] [BiharFloodAuto] [*] Operation is OFF. Skipping Email Fetch and SFTP copy.
[2026-10-02 19:29:31] [INFO] [BiharFloodAuto] Successfully pushed automation.log to Git.
[2026-10-02 19:29:31] [INFO] [BiharFloodAuto] Sleeping for 15 minutes. Next check at 19:44:31...
[2026-10-02 19:44:31] [INFO] [BiharFloodAuto] Executing 'git pull' to check for updates...
[2026-10-02 19:44:32] [INFO] [BiharFloodAuto] Repository is already up to date.
[2026-10-02 19:44:32] [INFO] [BiharFloodAuto] [*] Operation is OFF. Skipping Email Fetch and SFTP copy.
[2026-10-02 19:44:34] [INFO] [BiharFloodAuto] Successfully pushed automation.log to Git.
[2026-10-02 19:44:34] [INFO] [BiharFloodAuto] Sleeping for 15 minutes. Next check at 19:59:34...
[2026-10-02 19:59:34] [INFO] [BiharFloodAuto] Executing 'git pull' to check for updates...
[2026-10-02 19:59:35] [INFO] [BiharFloodAuto] Repository is already up to date.
[2026-10-02 19:59:35] [INFO] [BiharFloodAuto] [*] Operation is OFF. Skipping Email Fetch and SFTP copy.
[2026-10-02 19:59:37] [INFO] [BiharFloodAuto] Successfully pushed automation.log to Git.
[2026-10-02 19:59:37] [INFO] [BiharFloodAuto] Sleeping for 15 minutes. Next check at 20:14:37...
[2026-10-02 20:14:37] [INFO] [BiharFloodAuto] Executing 'git pull' to check for updates...
[2026-10-02 20:14:38] [INFO] [BiharFloodAuto] Repository is already up to date.
[2026-10-02 20:14:38] [INFO] [BiharFloodAuto] [*] Operation is OFF. Skipping Email Fetch and SFTP copy.
[2026-10-02 20:14:40] [INFO] [BiharFloodAuto] Successfully pushed automation.log to Git.
[2026-10-02 20:14:40] [INFO] [BiharFloodAuto] Sleeping for 15 minutes. Next check at 20:29:40...
[2026-10-02 20:29:40] [INFO] [BiharFloodAuto] Executing 'git pull' to check for updates...
[2026-10-02 20:29:41] [INFO] [BiharFloodAuto] Repository is already up to date.
[2026-10-02 20:29:41] [INFO] [BiharFloodAuto] [*] Operation is OFF. Skipping Email Fetch and SFTP copy.
[2026-10-02 20:29:43] [INFO] [BiharFloodAuto] Successfully pushed automation.log to Git.
[2026-10-02 20:29:43] [INFO] [BiharFloodAuto] Sleeping for 15 minutes. Next check at 20:44:43...
[2026-10-02 20:44:43] [INFO] [BiharFloodAuto] Executing 'git pull' to check for updates...
[2026-10-02 20:44:44] [INFO] [BiharFloodAuto] Repository is already up to date.
[2026-10-02 20:44:44] [INFO] [BiharFloodAuto] [*] Operation is OFF. Skipping Email Fetch and SFTP copy.
[2026-10-02 20:44:46] [INFO] [BiharFloodAuto] Successfully pushed automation.log to Git.
[2026-10-02 20:44:46] [INFO] [BiharFloodAuto] Sleeping for 15 minutes. Next check at 20:59:46...
[2026-10-02 20:59:46] [INFO] [BiharFloodAuto] Executing 'git pull' to check for updates...
[2026-10-02 20:59:47] [INFO] [BiharFloodAuto] Repository is already up to date.
[2026-10-02 20:59:47] [INFO] [BiharFloodAuto] [*] Operation is OFF. Skipping Email Fetch and SFTP copy.
[2026-10-02 20:59:49] [INFO] [BiharFloodAuto] Successfully pushed automation.log to Git.
[2026-10-02 20:59:49] [INFO] [BiharFloodAuto] Sleeping for 15 minutes. Next check at 21:14:49...
[2026-10-02 21:14:49] [INFO] [BiharFloodAuto] Executing 'git pull' to check for updates...
[2026-10-02 21:14:50] [INFO] [BiharFloodAuto] Repository is already up to date.
[2026-10-02 21:14:50] [INFO] [BiharFloodAuto] [*] Operation is OFF. Skipping Email Fetch and SFTP copy.
[2026-10-02 21:14:52] [INFO] [BiharFloodAuto] Successfully pushed automation.log to Git.
[2026-10-02 21:14:52] [INFO] [BiharFloodAuto] Sleeping for 15 minutes. Next check at 21:29:52...
[2026-10-02 21:29:52] [INFO] [BiharFloodAuto] Executing 'git pull' to check for updates...
[2026-10-02 21:29:53] [INFO] [BiharFloodAuto] Repository is already up to date.
[2026-10-02 21:29:53] [INFO] [BiharFloodAuto] [*] Operation is OFF. Skipping Email Fetch and SFTP copy.
[2026-10-02 21:29:55] [INFO] [BiharFloodAuto] Successfully pushed automation.log to Git.
[2026-10-02 21:29:55] [INFO] [BiharFloodAuto] Sleeping for 15 minutes. Next check at 21:44:55...
[2026-10-02 21:44:55] [INFO] [BiharFloodAuto] Executing 'git pull' to check for updates...
[2026-10-02 21:44:56] [INFO] [BiharFloodAuto] Repository is already up to date.
[2026-10-02 21:44:56] [INFO] [BiharFloodAuto] [*] Operation is OFF. Skipping Email Fetch and SFTP copy.
[2026-10-02 21:44:58] [INFO] [BiharFloodAuto] Successfully pushed automation.log to Git.
[2026-10-02 21:44:58] [INFO] [BiharFloodAuto] Sleeping for 15 minutes. Next check at 21:59:58...
[2026-10-02 21:59:58] [INFO] [BiharFloodAuto] Executing 'git pull' to check for updates...
[2026-10-02 21:59:59] [INFO] [BiharFloodAuto] Repository is already up to date.
[2026-10-02 21:59:59] [INFO] [BiharFloodAuto] [*] Operation is OFF. Skipping Email Fetch and SFTP copy.
[2026-10-02 22:00:01] [INFO] [BiharFloodAuto] Successfully pushed automation.log to Git.
[2026-10-02 22:00:01] [INFO] [BiharFloodAuto] Sleeping for 15 minutes. Next check at 22:15:01...
[2026-10-02 22:15:01] [INFO] [BiharFloodAuto] Executing 'git pull' to check for updates...
[2026-10-02 22:15:02] [INFO] [BiharFloodAuto] Repository is already up to date.
[2026-10-02 22:15:02] [INFO] [BiharFloodAuto] [*] Operation is OFF. Skipping Email Fetch and SFTP copy.
[2026-10-02 22:15:04] [INFO] [BiharFloodAuto] Successfully pushed automation.log to Git.
[2026-10-02 22:15:04] [INFO] [BiharFloodAuto] Sleeping for 15 minutes. Next check at 22:30:04...
[2026-10-02 22:30:04] [INFO] [BiharFloodAuto] Executing 'git pull' to check for updates...
[2026-10-02 22:30:05] [INFO] [BiharFloodAuto] Repository is already up to date.
[2026-10-02 22:30:05] [INFO] [BiharFloodAuto] [*] Operation is OFF. Skipping Email Fetch and SFTP copy.
[2026-10-02 22:30:07] [INFO] [BiharFloodAuto] Successfully pushed automation.log to Git.
[2026-10-02 22:30:07] [INFO] [BiharFloodAuto] Sleeping for 15 minutes. Next check at 22:45:07...
[2026-10-02 22:45:07] [INFO] [BiharFloodAuto] Executing 'git pull' to check for updates...
[2026-10-02 22:45:08] [INFO] [BiharFloodAuto] Repository is already up to date.
[2026-10-02 22:45:08] [INFO] [BiharFloodAuto] [*] Operation is OFF. Skipping Email Fetch and SFTP copy.
[2026-10-02 22:45:10] [INFO] [BiharFloodAuto] Successfully pushed automation.log to Git.
[2026-10-02 22:45:10] [INFO] [BiharFloodAuto] Sleeping for 15 minutes. Next check at 23:00:10...
[2026-10-02 23:00:10] [INFO] [BiharFloodAuto] Executing 'git pull' to check for updates...
[2026-10-02 23:00:10] [INFO] [BiharFloodAuto] Repository is already up to date.
[2026-10-02 23:00:10] [INFO] [BiharFloodAuto] [*] Operation is OFF. Skipping Email Fetch and SFTP copy.
[2026-10-02 23:00:12] [INFO] [BiharFloodAuto] Successfully pushed automation.log to Git.
[2026-10-02 23:00:12] [INFO] [BiharFloodAuto] Sleeping for 15 minutes. Next check at 23:15:12...
[2026-10-02 23:15:13] [INFO] [BiharFloodAuto] Executing 'git pull' to check for updates...
[2026-10-02 23:15:13] [INFO] [BiharFloodAuto] Repository is already up to date.
[2026-10-02 23:15:13] [INFO] [BiharFloodAuto] [*] Operation is OFF. Skipping Email Fetch and SFTP copy.
